,Unnamed: 0.2,Unnamed: 0.1,Unnamed: 0,id,text,index,image_id,keyword_model_label,model_label,label
0,0,0,0,1,"Figure 3.19: Relationship between the stringency of the stabilization target (category I to VI) and 1) the time at which CO2 emissions have to peak (left-hand panel), and 2) the year when emissions return to present (2000) levels.",0,112,L2,['L1'],['L2']
1,1,1,1,2,"Figure 1.6: Comparison of global mean temperature anomalies (degF) from observations (through 2016) and the CMIP5 multimodel ensemble (through 2016), using the reference period 1901-1960.",1,126,L2,['L1'],['L3']
2,2,2,2,3,"The CMIP5 multimodel ensemble (orange range) is constructed from blended surface temperature (ocean regions) and surface air temperature (land regions) data from the models, masked where observations are not available in the GISTEMP dataset.27 The importance of using blended model data is shown in Richardson et al.42 The thick solid orange curve is the model ensemble mean, formed from the ensemble across 36 models of the individual model ensemble means.",2,126,L2,['L1'],"['L1', 'L2']"
3,3,3,3,4,The shaded region shows the +/- two standard deviation range of the individual ensemble member annual means from the 36 CMIP5 models.,3,126,L2,['L1'],['L1']
4,4,4,4,5,The dashed lines show the range from maximum to minimum values for each year among these ensemble members.,4,126,L2,['L1'],['L1']
5,5,5,5,6,The sources for the three observational indices are: HadCRUT4.5 (red): http://www.metoffice.gov.uk/hadobs/hadcrut4/data/current/download.html; NOAA (black): https://www.ncdc.noaa.,5,126,L2,['L1'],['L2']
6,6,6,6,12,"Global economic mitigation potential in 2030 estimated from bottom-up (Panel a) and top-down (Panel b) studies, compared with the projected emissions increases from SRES scenarios relative to year 2000 GHG emissions of 40.8 GtCO2-eq (Panel c).",11,139,L2,['L2'],['L3']
7,7,7,7,13,"Note: GHG emissions in 2000 are exclusive of emissions of decay of above-ground biomass that remains after logging and deforestation and from peat fires and drained peat soils, to ensure consistency with the SRES emissions results.",12,139,L2,['L3'],['L4']
8,8,8,8,16,Global CO2 emissions for 1940 to 2000 and emissions ranges for categories of stabilisation scenarios from 2000 to 2100 (left-hand panel); and the corresponding relationship between the stabilisation target and the likely equilibrium global average temperature increase above pre-industrial (righthand panel).,15,148,L2,['L1'],['L2']
9,9,9,9,17,"Approaching equilibrium can take several centuries, especially for scenarios with higher levels of stabilisation.",16,148,L2,['L3'],['L4']
10,10,10,10,18,Coloured shadings show stabilisation scenarios grouped according to different targets (stabilisation category I to VI).,17,148,L2,['L1'],['L1']
11,11,11,11,19,"The right-hand panel shows ranges of global average temperature change above pre-industrial, using (i) 'best estimate' climate sensitivity of 3degC (black line in middle of shaded area), (ii) upper bound of likely range of climate sensitivity of 4.5degC (red line at top of shaded area) (iii) lower bound of likely range of climate sensitivity of 2degC (blue line at bottom of shaded area).",18,148,L2,['L1'],"['L1', 'L2']"
12,12,12,12,20,Black dashed lines in the left panel give the emissions range of recent baseline scenarios published since the SRES (2000).,19,148,L2,['L1'],['L1']
13,13,13,13,21,Emissions ranges of the stabilisation scenarios comprise CO2-only and multigas scenarios and correspond to the 10th to 90th percentile of the full scenario distribution.,20,148,L2,['L3'],['L2']
14,14,14,14,22,"Note: CO2 emissions in most models do not include emissions from decay of above ground biomass that remains after logging and deforestation, and from peat fires and drained peat soils.",21,148,L2,['L4'],['L4']
15,15,15,15,24,"Figure 2.15: Timing when the stabilization scenarios achieve a reduction of 20% of global energy-related CO2 baseline emissions, compared across stabilization targets as well as baselines.",23,149,L1,['L1'],['L2']
16,16,16,16,25,Slanted lines join scenarios quantified by the same model.,24,149,L1,['L3'],['L1']
17,17,17,17,26,Figure 1.3 | Left panel: Projected increase in primary energy supply.,25,152,L2,['L1'],['L2']
18,18,18,18,27,"Comparison of 153 SRES and pre-SRES baseline energy scenarios in the literature compared with the 133 more recent, post-SRES scenarios.",26,152,L2,['L1'],['L2']
19,19,19,19,28,"The ranges are comparable, with small changes in the lower and upper boundaries.",27,152,L2,['L3'],['L2']
20,20,20,20,29,Right panel: Expected carbon intensity changes.,28,152,L2,['L1'],['L1']
21,21,21,21,30,Historical development and projections from SRES and pre-SRES scenarios compared to post-SRES scenarios.,29,152,L2,['L1'],['L3']
22,22,22,22,31,"Adapted from Fisher et al., 2007, pp.",30,152,L2,['L1'],['L4']
23,23,23,23,32,183 and 184.,31,152,L2,['L1'],['L2']
24,24,24,24,33,Figure 3.10 | Probability ratio (PR) of exceeding (heavy precipitation) thresholds.,32,184,L2,['L1'],['L3']
25,25,25,25,34,"(a) PR of exceeding the 99th (blue) and 99.9th (red) percentile of pre-industrial daily precipitation at a given warming level, averaged across land (from Fischer and Knutti, 2015).",33,184,L2,['L1'],"['L1', 'L2']"
26,26,26,26,35,(b) PR for precipitation extremes (RX1day) for different event probabilities (with RV indicating return values) in the current climate (1degC of global warming).,34,184,L2,['L1'],['L2']
27,27,27,27,36,"Shading shows the interquartile (25-75%) range (from Kharin et al., 2018).",35,184,L2,['L3'],['L1']
28,28,28,28,37,Figure 3.14: Total black carbon (left panel) and organic carbon (right panel) emission estimates in scenarios from different studies.,36,188,L2,['L1'],['L1']
29,29,29,29,38,"Notes: Rao et al., (2005) include emissions from contained combustion only.",37,188,L2,['L3'],['L4']
30,30,30,30,39,Liousse et al.,38,188,L2,['L2'],['L4']
31,31,31,31,40,"(2005), A2 not included as 2100 value of 100 Tg lies way above range.",39,188,L2,['L3'],['L2']
32,32,32,32,41,"Figure 1.8 | Decomposition of the change in total annual carbon dioxide (CO2) emissions from fossil fuel combustion by decade and four driving factors: population, income (gross domestic product, GDP) per capita, energy intensity of GDP and carbon intensity of energy.",40,196,L2,['L1'],['L4']
33,33,33,33,42,"The bar segments show the changes associated with each individual factor, holding the respective other factors constant.",41,196,L2,['L1'],['L1']
34,34,34,34,43,Total emission changes are indicated by a triangle.,42,196,L2,['L1'],['L1']
35,35,35,35,44,"The change in emissions over each decade is measured in gigatonnes of CO2 per year (GtCO2/yr); income is converted into common units, using purchasing power parities.",43,196,L2,['L1'],['L2']
36,36,36,36,46,"Figure 7-5 | Summary of projected changes in crop yields, due to climate change over the 21st century.",45,203,L1,['L1'],['L4']
37,37,37,37,47,"The figure includes projections for different emission scenarios, for tropical and temperate regions, and for adaptation and no-adaptation cases combined.",46,203,L1,['L1'],['L1']
38,38,38,38,48,Relatively few studies have considered impacts on cropping systems for scenarios where global mean temperatures increase by 4degC or more.,47,203,L1,['L3'],['L4']
39,39,39,39,49,"For five timeframes in the near-term and long-term, data (n=1090) are plotted in the 20-year period on the horizontal axis that includes the midpoint of each future projection period.",48,203,L1,['L1'],"['L1', 'L2']"
40,40,40,40,50,Changes in crop yields are relative to late-20th-century levels.,49,203,L1,['L2'],['L2']
41,41,41,41,51,Data for each timeframe sum to 100%.,50,203,L1,['L2'],['L2']
42,42,42,42,52,"Projections taken from Abraha and Savage, 2006; Alexandrov and Hoogenboom, 2000; Arndt et al., 2011; Berg et al., 2013; Brassard and Singh, 2008; Brassard and Singh, 2007; Butt et al., 2005; Calzadilla et al., 2009; Chhetri et al., 2010; Ciscar et al., 2011; Deryng et al., 2011; Giannakopoulos et al., 2009; Hermans et al., 2010; Iqbal et al., 2011; Izaurralde et al, 2005; Kim et al., 2010; Lal, 2011; Li et al., 2011; Lobell et al., 2008; Moriondo et al., 2010; Muller et al., 2010; Osborne et al., 2013; Peltonen-Sainio et al., 2011; Piao et al., 2010; Ringler et al., 2010; Rowhanji et al., 2011; Schlenker and Roberts, 2009; Shuang-He et al., 2011; Southworth et al., 2000; Tan et al., 2010; Tao & Zhang, 2010; Tao and Zhang, 2011; Tao et al., 2009; Thornton et al., 2009; Thornton et al., 2010; Thornton et al., 2011; Tingem and Rivington, 2009; Tingem et al., 2008; Walker and Schulze, 2008; Wang et al., 2011; Xiong et al., 2007; Xiong et al., 2009.",51,203,L1,['L2'],['L4']
43,43,43,43,53,Figure 3.20: Relationship between required cumulative emissions reduction and carbon emissions in the baseline by 2030 (left-hand panel) and 2100 (right-hand panel).,52,213,L1,['L1'],['L2']
44,44,44,44,54,Notes: Coloured rectangles denote individual scenarios for alternative stabilization targets (categories I to VI).,53,213,L1,['L1'],['L1']
45,45,45,45,55,The large triangles indicate the averages for each category.,54,213,L1,['L1'],['L1']
46,46,46,46,56,"Figure 6.15 Estimated volume of pH perturbations at global scale for hypothetical examples in which injection of CO2 into the ocean interior provides 100% or 10% of the mitigation effort needed to move from a logistic emissions curve cumulatively releasing 18,000 GtCO2 (=5000 GtC) to emissions consistent with atmospheric CO2 stabilization at 550 ppm according to the WRE550 pathway (Wigley et al., 1996).",55,220,L2,['L3'],['L4']
47,47,47,47,57,The curves show the simulated fraction of ocean volume with a pH reduction greater than the amount shown on the horizontal axis.,56,220,L2,['L1'],['L3']
48,48,48,48,58,"For the 10% case, in year 2100, injection rates are high and about1% of the ocean volume has significant pH reductions; in year 2300, injection rates are low, but previously injected CO2 has decreased ocean pH by about 0.1 unit below the value produced by a WRE550 atmospheric CO2 pathway in the absence of CO2 release directly to the ocean (Caldeira and Wickett, 2005).",57,220,L2,['L3'],['L2']
49,49,49,49,59,Figure 10.29.,58,236,L1,['L1'],['L1']
50,50,50,50,60,Projections and uncertainties for global mean temperature increase in 2090 to 2099 (relative to the 1980 to 1999 average) for the six SRES marker scenarios.,59,236,L1,['L1'],['L3']
51,51,51,51,61,"The AOGCM means and the uncertainty ranges of the mean -40% to +60% are shown as black horizontal solid lines and grey bars, respectively.",60,236,L1,['L1'],"['L1', 'L2']"
52,52,52,52,62,"For comparison, results are shown for the individual models (red dots) of the multi-model AOGCM ensemble for B1, A1B and A2, with a mean and 5 to 95% range (red line and circle) from a fi tted normal distribution.",61,236,L1,['L3'],['L2']
53,53,53,53,63,"The AOGCM mean estimates for B2, A1T and A1FI (red triangles) are obtained by scaling the A1B AOGCM mean with ratios obtained from the SCM (see text).",62,236,L1,['L1'],['L2']
54,54,54,54,64,"The mean (light green circle) and one standard deviation (light green square) of the MAGICC SCM tuned to all AOGCMs (representing the physics uncertainty) are shown for standard carbon cycle settings, as well as for a slow and fast carbon cycle assumption (light green stars).",63,236,L1,['L3'],['L2']
55,55,55,55,65,"Similarly, results from the BERN2.5CC EMIC are shown for standard carbon cycle settings and for climate sensitivities of 3.2degC (AOGCM average, dark green circle), 1.5degC and 4.5degC (dark green squares).",64,236,L1,['L1'],['L2']
56,56,56,56,66,High climate sensitivity/low carbon cycle and low climate sensitivity/high carbon cycle combinations are shown as dark green stars.,65,236,L1,['L1'],['L1']
57,57,57,57,67,"The 5 to 95% ranges (vertical lines) and medians (circles) are shown from probabilistic methods (Wigley and Raper, 2001; Stott and Kettleborough, 2002; Knutti et al., 2003; Furrer et al., 2007; Harris et al., 2006; Stott et al., 2006b).",66,236,L1,['L1'],['L2']
58,58,58,58,68,"Individual model results are shown for the C4MIP models (blue crosses, see Figure 10.20).",67,236,L1,['L1'],['L1']
59,59,59,59,69,Figure 11.11.,68,242,L2,['L1'],['L1']
60,60,60,60,70,Temperature anomalies with respect to 1901 to 1950 for fi ve North American land regions for 1906 to 2005 (black line) and as simulated (red envelope) by MMD models incorporating known forcings; and as projected for 2001 to 2100 by MMD models for the A1B scenario (orange envelope).,69,242,L2,['L1'],"['L1', 'L2', 'L3']"
61,61,61,61,71,"The bars at the end of the orange envelope represent the range of projected changes for 2091 to 2100 for the B1 scenario (blue), the A1B scenario (orange) and the A2 scenario (red).",70,242,L2,['L1'],"['L1', 'L2']"
62,62,62,62,72,The black line is dashed where observations are present for less than 50% of the area in the decade concerned.,71,242,L2,['L3'],"['L1', 'L2']"
63,63,63,63,73,More details on the construction of these fi gures are given in Box 11.1 and Section 11.1.2.,72,242,L2,['L1'],['L4']
64,64,64,64,74,Figure 3.36: The value of improved technology.,73,290,L2,['L1'],['L4']
65,65,65,65,75,"Note: Modelling studies enable experts to calculate the economic value of technology improvements that increase particularly drastically with increasing stringency of stabilization targets (750, 650, 500, and 450 ppmv, respectively) imposed on a reference scenario (modelling after the IS92a scenario in this particular modelling study).",74,290,L2,['L3'],"['L2', 'L4']"
66,66,66,66,76,Detailed model representation of technological interdependencies and competition and substitution is needed for a comprehensive assessment of the economic value of technology improvements.,75,290,L2,['L1'],['L4']
67,67,67,67,77,"Left panel: cost savings (billions of 1996 US$) compared to the reference scenario when lowering the costs of solar photovoltaics (PV) from a reference value of 9 US cents per kWh (top) by 1, 3, 4, and 6 cents/kWh, respectively.",76,290,L2,['L2'],"['L1', 'L2', 'L3']"
68,68,68,68,78,"For instance, the value of reducing PV costs from 9 to 3 cents per kWh could amount to up to 1.5 trillion US$ in an illustrative 550 ppmv stabilization scenario compared to the reference scenario in which costs remain at 9 cents/kWh).",77,290,L2,['L2'],['L4']
69,69,69,69,79,Right panel: cost savings resulting from availability of an ever larger and diversified portfolio of carbon capture and sequestration technologies.,78,290,L2,['L4'],"['L1', 'L4']"
70,70,70,70,80,"For instance, adding soil carbon sequestration to the portfolio of carbon capture and sequestration technology options (forest-sector measures were not included in the study) reduces costs by 1.1 trillion US$ in an illustrative 450 ppmv stabilization scenario.",79,290,L2,['L3'],['L4']
71,71,71,71,81,Removing all carbon capture sequestration technologies would triple the costs of stabilization for all concentration levels analyzed.,80,290,L2,['L3'],['L4']
72,72,72,72,82,Figure 10.7.,81,292,L2,['L1'],['L1']
73,73,73,73,83,"Zonal means of change in atmospheric (top) and oceanic (bottom) temperatures (degC), shown as cross sections.",82,292,L2,['L1'],"['L1', 'L2']"
74,74,74,74,84,Values are the multi-model means for the A1B scenario for three periods (a-c).,83,292,L2,['L1'],['L2']
75,75,75,75,85,Stippling denotes regions where the multi-model ensemble mean divided by the multi-model standard deviation exceeds 1.0 (in magnitude).,84,292,L2,['L3'],"['L1', 'L2']"
76,76,76,76,86,Anomalies are relative to the average of the period 1980 to 1999.,85,292,L2,['L3'],['L2']
77,77,77,77,87,Results for individual models can be seen in the Supplementary Material for this chapter.,86,292,L2,['L1'],['L4']
78,78,78,78,88,"Figure 9.30: Storm track activity averaged over north-west Europe (6oW to 20oE, 40o to 70oN) in the ECHAM4/OPYC greenhouse gas scenario run (Unit: gpm).",87,297,L2,['L1'],['L2']
79,79,79,79,89,A 4-year running mean is shown for smoother display.,88,297,L2,['L3'],['L1']
80,80,80,80,90,The grey band indicates the variability of this index in the control run as measured by one standard deviation.,89,297,L2,['L1'],"['L1', 'L2']"
81,81,81,81,91,The non-linear climate trend optimally obtained from quadratic curve fitting is marked by the dashed line; y-axis is activity in gpm (geopotential metres) and x-axis is time in calendar years.,90,297,L2,['L1'],"['L1', 'L2', 'L3']"
82,82,82,82,92,From Ulbrich and Christoph (1999).,91,297,L2,['L1'],['L4']
83,83,83,83,93,"Figure 3.21 | The dependence of risks and/or impacts associated with the Reasons for Concern (RFCs) on the level of climate change, updated and adapted from WGII AR5 Ch 19, Figure 19.4 and highlighting the nature of this dependence between 0degC and 2degC warming above pre-industrial levels.",92,304,L1,['L1'],['L4']
84,84,84,84,94,"As in the AR5, literature was used to make expert judgements to assess the levels of global warming at which levels of impact and/or risk are undetectable (white), moderate (yellow), high (red) or very high (purple).",93,304,L1,['L3'],"['L1', 'L4']"
85,85,85,85,95,The colour scheme thus indicates the additional risks due to climate change.,94,304,L1,['L1'],['L1']
86,86,86,86,96,"The transition from red to purple, introduced for the first time in AR4, is defined by very high risk of severe impacts and the presence of significant irreversibility, or persistence of climate-related hazards combined with a limited ability to adapt due to the nature of the hazard or impact.",95,304,L1,['L4'],"['L1', 'L3']"
87,87,87,87,97,Comparison of the increase of risk across RFCs indicates the relative sensitivity of RFCs to increases in GMST.,96,304,L1,['L2'],['L3']
88,88,88,88,98,"As was done previously, this assessment takes autonomous adaptation into account, as well as limits to adaptation (RFC 1, 3, 5) independently of development pathway.",97,304,L1,['L4'],"['L2', 'L4']"
89,89,89,89,99,The rate and timing of impacts were taken into account in assessing RFC 1 and 5.,98,304,L1,['L3'],['L2']
90,90,90,90,100,The levels of risk illustrated reflect the judgements of the Ch 3 authors.,99,304,L1,['L1'],['L4']
91,91,91,91,101,RFC1 Unique and threatened systems: ecological and human systems that have restricted geographic ranges constrained by climate related conditions and have high endemism or other distinctive properties.,100,304,L1,['L4'],['L4']
92,92,92,92,102,"Examples include coral reefs, the Arctic and its indigenous people, mountain glaciers and biodiversity hotspots.",101,304,L1,['L4'],['L4']
93,93,93,93,103,"RFC2 Extreme weather events: risks/impacts to human health, livelihoods, assets and ecosystems from extreme weather events such as heatwaves, heavy rain, drought and associated wildfires, and coastal flooding.",102,304,L1,['L4'],['L4']
94,94,94,94,104,"RFC3 Distribution of impacts: risks/impacts that disproportionately affect particular groups due to uneven distribution of physical climate change hazards, exposure or vulnerability.",103,304,L1,['L4'],['L4']
95,95,95,95,105,"RFC4 Global aggregate impacts: global monetary damage, global scale degradation and loss of ecosystems and biodiversity.",104,304,L1,['L1'],['L4']
96,96,96,96,106,"RFC5 Large-scale singular events: are relatively large, abrupt and sometimes irreversible changes in systems that are caused by global warming.",105,304,L1,['L3'],['L4']
97,97,97,97,107,Examples include disintegration of the Greenland and Antarctic ice sheets.,106,304,L1,['L4'],['L4']
98,98,98,98,108,The grey bar represents the range of GMST for the most recent decade: 2006-2015.,107,304,L1,['L1'],"['L1', 'L2']"
99,99,99,99,109,Figure 2.6: Time evolution in effective radiative forcings (ERFs) across the industrial era for anthropogenic and natural forcing mechanisms.,108,317,L2,['L1'],['L3']
100,100,100,100,110,The terms contributing to cumulative totals of positive and negative ERF are shown with colored regions.,109,317,L2,['L1'],"['L1', 'L2']"
101,101,101,101,111,The terms are labeled in order on the right-hand side with positive ERFs above the zero line and negative ERFs below the zero line.,110,317,L2,['L1'],"['L1', 'L2']"
102,102,102,102,112,The forcings from black-carbon-on-snow and contrail terms are grouped together into a single term in the plot.,111,317,L2,['L3'],['L2']
103,103,103,103,113,Also shown are the cumulative sum of all forcings (Total; black dashed line) and of anthropogenic-only forcings (Total Anthropogenic; red dashed line).,112,317,L2,['L1'],"['L1', 'L2']"
104,104,104,104,114,Uncertainties in 2011 ERF values are shown in the original figure (Myhre et al.,113,317,L2,['L1'],"['L3', 'L4']"
105,105,105,105,115,"2013,8 Figure 8-18).",114,317,L2,['L1'],['L4']
106,106,106,106,116,See the Intergovernmental Panel on Climate Change Fifth Assessment Report (IPCC AR5) Supplementary Material Table 8.SM.88for further information on the forcing time evolutions.,115,317,L2,['L1'],['L4']
107,107,107,107,117,Forcing numbers are provided in Annex II of IPCC AR5.,116,317,L2,['L1'],"['L2', 'L4']"
108,108,108,108,118,"The total anthropogenic forcing was 0.57 (0.29 to 0.85) W/m2 in 1950, 1.25 (0.64 to 1.86) W/m2 in 1980, and 2.29 (1.13 to 3.33) W/m2 in 2011.",117,317,L2,['L2'],['L2']
109,109,109,109,119,(Figure source: Myhre et al.,118,317,L2,['L1'],['L4']
110,110,110,110,120,"2013,8 Figure 8-18; (c) IPCC, used with permission).",119,317,L2,['L1'],['L1']
111,111,111,111,121,"Figure 9.17: Simple model results: Temperature change (a) from 1990 to 2100 and (b) from 1990 to 2350, resulting from the five WRE stabilisation profiles, using the simple climate model tuned to different AOGCMs as indicated on the bottom axis.",120,324,L1,['L1'],"['L2', 'L3']"
112,112,112,112,122,(c) and (d) show the corresponding results for the four S profiles.,121,324,L1,['L1'],['L2']
113,113,113,113,123,The underlying assumptions are the same as those for Figure 9.15.,122,324,L1,['L3'],['L2']
114,114,114,114,124,"For comparison, temperature changes for the base scenario A1B are also shown in (a) and (c).",123,324,L1,['L3'],"['L1', 'L3']"
115,115,115,115,125,Figure 7.11.,124,330,L2,['L1'],['L1']
116,116,116,116,126,"(a) The Revelle factor (or buffer factor) as a function of CO2 partial pressure (for temperature 25degC, salinity 35 psu, and total alkalinity 2,300 umol kg-1) (Zeebe and Wolf-Gladrow, 2001, page 73; reprinted with permission, copyright 2001 Elsevier).",125,330,L2,['L1'],['L2']
117,117,117,117,127,"(b) The geographical distribution of the buffer factor in ocean surface waters in 1994 (Sabine et al., 2004a; reprinted with permission, copyright 2004 American Association for the Advancement of Science).",126,330,L2,['L1'],['L3']
118,118,118,118,128,High values indicate a low buffer capacity of the surface waters.,127,330,L2,['L2'],['L2']
119,119,119,119,129,"Figure 7.23 | Estimated levelized cost of on- and offshore wind energy, 2009: (left) as a function of capacity factor and investment cost* and (right) as a function of capacity factor and discount rate**.",128,332,L2,['L1'],"['L2', 'L4']"
120,120,120,120,130,Figure 5.2 Cumulative emissions reductions for alternative mitigation measures for 2000-2030 (left-hand panel) and for 2000-2100 (right-hand panel).,129,337,L2,['L1'],"['L1', 'L3']"
121,121,121,121,131,"The figure shows illustrative scenarios from four models (AIM, IMAGE, IPAC and MESSAGE) aiming at the stabilisation at low (490 to 540ppm CO2-eq) and intermediate levels (650ppm CO2-eq) respectively.",130,337,L2,['L1'],"['L1', 'L2']"
122,122,122,122,132,Dark bars denote reductions for a target of 650ppm CO2-eq and light bars denote the additional reductions to achieve 490 to 540ppm CO2-eq.,131,337,L2,['L1'],"['L1', 'L2']"
123,123,123,123,133,Note that some models do not consider mitigation through forest sink enhancement (AIM and IPAC) or CCS (AIM) and that the share of low-carbon energy options in total energy supply is also determined by inclusion of these options in the baseline.,132,337,L2,['L3'],['L4']
124,124,124,124,134,CCS includes CO2 capture and storage from biomass.,133,337,L2,['L2'],['L4']
125,125,125,125,135,Forest sinks include reducing emissions from deforestation.,134,337,L2,['L4'],['L4']
126,126,126,126,136,The figure shows emissions reductions from baseline scenarios with cumulative emissions between 6000 to 7000 GtCO2-eq (2000-2100).,135,337,L2,['L1'],"['L1', 'L3']"
127,127,127,127,137,{WGIII Figure SPM.9},136,337,L2,['L1'],['L1']
128,128,128,128,138,"Figure 9.18: Equilibrium climate and hydrological senstitivies from AGCMs coupled to mixed-layer ocean components; blue diamonds from the SAR, red triangles from models in current use (LeTreut and McAvaney, 2000 and Table 9.1).",137,339,L1,['L1'],"['L1', 'L4']"
129,129,129,129,139,Figure 5.22.,138,380,L4,['L1'],['L1']
130,130,130,130,140,"Averages of temperature change (blue, from Levitus et al., 2005a), anthropogenic carbon (red, from Sabine et al., 2004b) and CFC-11 (green, from Willey et al., 2004) along lines of constant latitude over the top 700-m layer of the upper ocean.",139,380,L4,['L1'],"['L1', 'L2', 'L3']"
131,131,131,131,141,"Also shown is sea level change averaged along lines of constant latitude (black, from Cazenave and Nerem, 2004).",140,380,L4,['L1'],"['L1', 'L2']"
132,132,132,132,142,"The temperature changes are for the 1955 to 2003 period, the anthropogenic carbon is since pre-industrial times (i.e., 1750), CFC-11 concentrations are for the period 1930 to 1994 and sea level for the period 1993 to 2003.",141,380,L4,['L2'],"['L3', 'L4']"
133,133,133,133,143,Figure 3.22 | Regional temperature scaling with carbon dioxide (CO2) concentration (ppm) from 1850 to 2099 for two different regions defined in the Special Report on Managing the Risks of Extreme Events and Disasters to Advance Climate Change Adaptation (SREX) for central Europe (CEU) (a) and central North America (CNA) (b).,142,407,L2,['L1'],"['L2', 'L3', 'L4']"
134,134,134,134,144,"Solid lines correspond to the regional average annual maximum daytime temperature (TXx) anomaly, and dashed lines correspond to the global mean temperature anomaly, where all temperature anomalies are relative to 1850-1870 and units are degrees Celsius.",143,407,L2,['L1'],"['L1', 'L2']"
135,135,135,135,145,"The black line in all panels denotes the three-member control ensemble mean, with the grey shaded regions corresponding to the ensemble range.",144,407,L2,['L1'],"['L1', 'L2']"
136,136,136,136,146,"The coloured lines represent the three-member ensemble means of the experiments corresponding to albedo +0.02 (cyan), albedo +0.04 (purple), albedo + 0.08 (orange), albedo +0.10 (red), irrigation (blue), and irrigation with albedo +0.10 (green).",145,407,L2,['L1'],"['L1', 'L2']"
137,137,137,137,147,Adapted from Hirsch et al.,146,407,L2,['L1'],"['L2', 'L4']"
138,138,138,138,148,-2017,147,407,L2,['L2'],['L4']
139,139,139,139,149,Figure 4.11.,148,413,L1,['L1'],['L1']
140,140,140,140,150,"Comparison of model-based time series of the annual mean average sea ice thickness anomaly (computed relative to the mean of the entire period) in the Arctic Basin, obtained from a variety of models (redrafted from Rothrock et al., 2003; see this paper for identifi cation of the individual models and their attributes), along with the sea ice volume anomalies in the Arctic Basin (grey curve and right-hand scale; computed by Koeberle and Gerdes, 2003).",149,413,L1,['L1'],"['L1', 'L2', 'L3', 'L4']"
141,141,141,141,151,"Figure 11.5: Time series of annual mean permafrost temperatures (units: degF) at various depths from 39 to 65 feet (12 to 20 meters) from 1977 through 2015 at several sites across Alaska, including the North Slope continuous permafrost region (purple/blue/green shades), and the discontinuous permafrost (orange/pink/red shades) in Alaska and northwestern Canada.",150,433,L2,['L1'],"['L1', 'L2']"
142,142,142,142,152,"Solid lines represent the linear trends drawn to highlight that permafrost temperatures are warming faster in the colder, coastal permafrost regions than the warmer interior regions.",151,433,L2,['L3'],"['L1', 'L2', 'L3']"
143,143,143,143,153,(Figure Source: adapted from Romanovsky et al.,152,433,L2,['L1'],"['L2', 'L4']"
144,144,144,144,154,"2016;175 (c) American Meteorological Society, used with permission.)",153,433,L2,['L2'],['L4']
145,145,145,145,155,Figure 4.9.,154,436,L1,['L1'],['L1']
146,146,146,146,156,Summer minimum arctic sea ice extent from 1979 to 2005.,155,436,L1,['L2'],['L4']
147,147,147,147,157,Symbols indicate annual mean values while the smooth blue curve shows decadal variations (see Appendix 3.A).,156,436,L1,['L1'],"['L1', 'L2', 'L3']"
148,148,148,148,158,"The dashed line indicates the linear trend, which is -60 +- 20 x 103 km2 yr-1, or approximately -7.4% per decade (updated from Comiso, 2002).",157,436,L1,['L1'],"['L1', 'L3']"
149,149,149,149,159,"Figure 2.20 | Comparison of (a) direct CO2 emissions and (b) carbon intensity of the power and energy end-use sectors (industry, buildings, and transport sectors) between IAMs and sectoral studies (IEA-ETP and IEA/IRENA).",158,442,L1,['L1'],['L4']
150,150,150,150,160,"Diamond markers in panel (b) show data for IEA-ETP scenarios (2DS and B2DS), and IEA/IRENA scenario (66%2DS).",159,442,L1,['L1'],"['L1', 'L4']"
151,151,151,151,161,"Note: for the data from IAM studies, there is rather large variation of projections for each indicator.",160,442,L1,['L3'],['L4']
152,152,152,152,162,Please see the details in the following figures in each enduse sector section.,161,442,L1,['L1'],['L4']
153,153,153,153,163,"Figure 8.16 | Life cycle GHG emissions (excluding land use change) from a range of light duty vehicle types as a function of the GHG emission intensity of electricity generation systems using coal, natural gas or low-carbon technologies including nuclear and RE (Samaras and Meisterling, 2008).",162,447,L2,['L1'],['L4']
154,154,154,154,164,Figure 13.4: Trends in surface (< 50 m) ocean carbonate chemistry calculated from observations obtained at the Hawai'i Ocean Time-series (HOT) Program in the North Pacific over 1988-2015.,163,491,L2,['L1'],"['L2', 'L3']"
155,155,155,155,165,The upper panel shows the linked increase in atmospheric (red points) and seawater (blue points) CO2 concentrations.,164,491,L2,['L1'],['L1']
156,156,156,156,166,"The bottom panel shows a decline in seawater pH (black points, primary y-axis) and carbonate ion concentration (green points, secondary y-axis).",165,491,L2,['L1'],['L1']
157,157,157,157,167,"Ocean chemistry data were obtained from the Hawai'i Ocean Time-series Data Organization & Graphical System (HOT-DOGS, http://hahana.soest.hawaii.edu/hot/hot-dogs/index.html).",166,491,L2,['L1'],['L4']
158,158,158,158,168,(Figure source: NOAA).,167,491,L2,['L1'],['L4']
159,159,159,159,169,Figure 4.2.,168,492,L3,['L1'],['L1']
160,160,160,160,170,"Net carbon exchange of all terrestrial ecosystems as simulated by the DGVM LPJ (Sitch et al., 2003; Gerten et al., 2004 negative values mean a carbon sink, positive values carbon losses to the atmosphere).",169,492,L3,['L1'],"['L2', 'L3']"
161,161,161,161,171,Past century data are based on observations and climate model data were normalised to be in accord with these observations for the 1961-1990 data (CRU-PIK).,170,492,L3,['L3'],['L2']
162,162,162,162,172,"Transient future projections are for the SRES A2 and B1 emissions scenarios (Naki 'cenovi 'c et al., 2000), forcing the climate models HadCM3 and ECHAM5, respectively (cf.",171,492,L3,['L2'],['L2']
163,163,163,163,174,"In contrast to previous global projections (Prentice et al., 2001 Figure 3.10), the world's ecosystems sink service saturates earlier (about 2030) and the terrestrial biosphere tends to become a carbon source earlier (about 2070) and more consistently, corroborating other projections of increased forcing from biogenic terrestrial sources (e.g., Cox et al., 2000, 2004; White et al., 2000a; Lucht et al., 2006; Schaphoff et al., 2006; Scholze et al., 2006; see Figure 4.3 for maps on underlying ecosystem changes).",173,492,L3,['L4'],['L4']
164,164,164,164,175,Note that these projections assume an effective CO2-fertilisation (see Section 4.4.1).,174,492,L3,['L3'],['L4']
165,165,165,165,176,"Figure 2.24 | Overview of land-use change transitions in 2030 and 2050, relative to 2010 based on pathways based on the Shared Socio-Economic Pathways (SSPs) (Popp et al., 2017; Riahi et al., 2017; Rogelj et al., 2018).",175,494,L2,['L1'],['L1']
166,166,166,166,177,Grey: no-climate-policy baseline; green: 2.6 W m-2 pathways; blue: 1.9 W m-2 pathways.,176,494,L2,['L1'],['L1']
167,167,167,167,178,"Pink: 1.9 W m-2 pathways grouped per underlying socio-economic assumption (from left to right: SSP1 sustainability, SSP2 middle-of-the-road, SSP5 fossil-fuelled development).",177,494,L2,['L1'],['L1']
168,168,168,168,179,Ranges show the minimum-maximum range across the SSPs.,178,494,L2,['L2'],['L2']
169,169,169,169,180,Single pathways are shown with plus signs.,179,494,L2,['L3'],['L1']
170,170,170,170,181,Illustrative archetype pathways are highlighted with distinct icons.,180,494,L2,['L1'],['L1']
171,171,171,171,182,Each panel shows the changes for a different land type.,181,494,L2,['L1'],['L1']
172,172,172,172,183,"The 1.9 and 2.6 W m-2 pathways are taken as proxies for 1.5degC and 2degC pathways, respectively.",182,494,L2,['L3'],['L2']
173,173,173,173,184,The 2.6 W m-2 pathways are mostly consistent with the Lower-2degC and Higher-2degC pathway classes.,183,494,L2,['L3'],['L3']
174,174,174,174,185,The 1.9 W m-2 pathways are consistent with the 1.5degC-low-OS (mostly SSP1 and SSP2) and 1.5degC-high-OS (SSP5) pathway classes.,184,494,L2,['L3'],['L3']
175,175,175,175,186,"In 2010, pasture was estimated to cover about 3-3.5 103 Mha, food and feed crops about 1.5-1.6 103 Mha, energy crops about 0-14 Mha and forest about 3.7-4.2 103 Mha, across the models that reported SSP pathways (Popp et al., 2017).",185,494,L2,['L2'],['L3']
176,176,176,176,187,"When considering pathways limiting warming to 1.5degC with no or limited overshoot, the full set of scenarios shows a conversion of 50-1100 Mha of pasture into 0-600 Mha for energy crops, a 200 Mha reduction to 950 Mha increase forest, and a 400 Mha decrease to a 250 Mha increase in non-pasture agricultural land for food and feed crops by 2050 relative to 2010.",186,494,L2,['L2'],['L3']
177,177,177,177,188,The large range across the literature and the understanding of the variations across models and assumptions leads to medium confidence in the size of these ranges.,187,494,L2,['L4'],['L4']
178,178,178,178,189,"Figure 8.1 CO2 transport costs range for onshore and offshore pipelines per 250 km, 'normal' terrain conditions.",188,497,L2,['L2'],['L1']
179,179,179,179,190,The figure shows low (solid lines) and high ranges (dotted lines).,189,497,L2,['L1'],['L1']
180,180,180,180,191,Data based on various sources (for details see Chapter 4).,190,497,L2,['L1'],['L4']
181,181,181,181,192,Figure 8.3: Trends in the annual number of large fires in the western United States for a variety of ecoregions.,191,502,L2,['L1'],['L3']
182,182,182,182,193,The black lines are fitted trend lines.,192,502,L2,['L1'],['L1']
183,183,183,183,194,"Statistically significant at a 10% level for all regions except the Snake Plain/Columbian Plateau, Basin and Range, and Mediterranean California regions.",193,502,L2,['L3'],['L4']
184,184,184,184,197,"Correlations with the SOI, based on normalised Tahiti minus Darwin sea level pressures, for annual (May to April) means for sea level pressure (top left) and surface temperature (top right) for 1958 to 2004, and GPCP precipitation for 1979 to 2003 (bottom left), updated from Trenberth and Caron (2000).",196,547,L2,['L1'],['L2']
185,185,185,185,198,"The Darwin-based SOI, in normalized units of standard deviation, from 1866 to 2005 (Konnen et al., 1998; lower right) features monthly values with an 11-point low-pass fi lter, which effectively removes fl uctuations with periods of less than eight months (Trenberth, 1984).",197,547,L2,['L3'],['L2']
186,186,186,186,199,The smooth black curve shows decadal variations (see Appendix 3.A).,198,547,L2,['L3'],['L1']
187,187,187,187,200,Red values indicate positive sea level pressure anomalies at Darwin and thus El Nino conditions.,199,547,L2,['L3'],['L1']
188,188,188,188,201,"Figure 9.1: Poleward migration, in degrees of latitude, of the location of annual mean tropical cyclone (TC) peak lifetime intensity in the western North Pacific Ocean, after accounting for the known regional modes of interannual (El Nino-Southern Oscillation; ENSO) and interdecadal (Pacific Decadal Oscillation; PDO) variability.",200,572,L2,['L1'],['L2']
189,189,189,189,202,The time series shows residuals of the multivariate regression of annually averaged latitude of TC peak lifetime intensity onto the mean Nino-3.4 and PDO indices.,201,572,L2,['L1'],['L3']
190,190,190,190,203,Data are taken from the Joint Typhoon Warning Center (JTWC).,202,572,L2,['L1'],['L2']
191,191,191,191,204,Shading shows 95% confidence bounds for the trend.,203,572,L2,['L2'],['L1']
192,192,192,192,205,Annotated values at lower right show the mean migration rate and its 95% confidence interval in degrees per decade for the period 1945-2013.,204,572,L2,['L1'],['L1']
193,193,193,193,209,Figure 2.3 | Temperature changes from 1850-1900 versus cumulative CO2 emissions since 1st January 1876.,208,604,L1,['L1'],['L3']
194,194,194,194,210,"Solid lines with dots reproduce the globally averaged near-surface air temperature response to cumulative CO2 emissions plus non-CO2 forcers as assessed in Figure SPM10 of WGI AR5, except that points marked with years relate to a particular year, unlike in WGI AR5 Figure SPM.10, where each point relates to the mean over the previous decade.",209,604,L1,['L3'],['L2']
195,195,195,195,211,"The AR5 data was derived from 15 Earth system models and 5 Earth system models of Intermediate Complexity for the historic observations (black) and RCP8.5 scenario (red), and the red shaded plume shows the range across the models as presented in the AR5.",210,604,L1,['L1'],"['L1', 'L4']"
196,196,196,196,212,The purple shaded plume and the line are indicative of the temperature response to cumulative CO2 emissions and non-CO2 warming adopted in this report.,211,604,L1,['L1'],['L1']
197,197,197,197,213,"The non-CO2 warming contribution is averaged from the MAGICC and FAIR models, and the purple shaded range assumes the AR5 WGI TCRE distribution (Supplementary Material 2.SM.1.1.2).",212,604,L1,['L3'],['L1']
198,198,198,198,214,"The 2010 observation of surface temperature change (0.97degC based on 2006-2015 mean compared to 1850-1900, Chapter 1, Section 1.2.1) and cumulative carbon dioxide emissions from 1876 to the end of 2010 of 1,930 GtCO2 (Le Quere et al., 2018) is shown as a filled purple diamond.",213,604,L1,['L1'],['L1']
199,199,199,199,215,"The value for 2017 based on the latest cumulative carbon emissions up to the end of 2017 of 2,220 GtCO2 (Version 1.3 accessed 22 May 2018) and a surface temperature anomaly of 1.1degC based on an assumed temperature increase of 0.2degC per decade is shown as a hollow purple diamond.",214,604,L1,['L1'],"['L1', 'L2']"
200,200,200,200,216,"The thin blue line shows annual observations, with CO2 emissions from Le Quere et al.",215,604,L1,['L2'],['L1']
201,201,201,201,217,(2018) and estimated globally averaged near-surface temperature from scaling the incomplete coverage and blended HadCRUT4 dataset in Chapter 1.,216,604,L1,['L1'],['L2']
202,202,202,202,218,"The thin black line shows the CMIP5 multimodel mean estimate with CO2 emissions also from (Le Quere et al., 2018).",217,604,L1,['L3'],['L1']
203,203,203,203,219,"The thin black line shows the GMST historic temperature trends from Chapter 1, which give lower temperature changes up to 2006-2015 of 0.87degC and would lead to a larger remaining carbon budget.",218,604,L1,['L3'],"['L1', 'L2']"
204,204,204,204,220,The dotted black lines illustrate the remaining carbon budget estimates for 1.5degC given in Table 2.2.,219,604,L1,['L1'],['L1']
205,205,205,205,221,"Note these remaining budgets exclude possible Earth system feedbacks that could reduce the budget, such as CO2 and CH4 release from permafrost thawing and tropical wetlands (see Section 2.2.2.2).",220,604,L1,['L4'],['L4']
206,206,206,206,222,"Figure 3.38: Relationship between global mean equilibrium temperature change and stabilization concentration of greenhouse gases using: (i) 'best estimate' climate sensitivity of 3degC (black), (ii) upper boundary of likely range of climate sensitivity of 4.5degC (red), (iii) lower boundary of likely range of climate sensitivity of 2degC (blue) (see also Table 3.9).",221,610,L2,['L1'],['L2']
207,207,207,207,224,"Compendium of projected risks due to critical climate change impacts on ecosystems for different levels of global mean annual temperature rise, T, relative to pre-industrial climate (approach and event numbers as used in Table 4.1 and Appendix 4.1).",223,614,L2,['L1'],['L2']
208,208,208,208,225,"It is important to note that these impacts do not take account of ancillary stresses on species due to over-harvesting, habitat destruction, landscape fragmentation, alien species invasions, fire regime change, pollution (such as nitrogen deposition), or for plants the potentially beneficial effects of rising atmospheric CO2.",224,614,L2,['L4'],['L4']
209,209,209,209,226,"The red curve shows observed temperature anomalies for the period 1900-2005 (Brohan et al., 2006, see also Trenberth et al., 2007, Figure 3.6).",225,614,L2,['L3'],['L1']
210,210,210,210,227,"The two grey curves provide examples of the possible future evolution of temperature against time (Meehl et al., 2007, Figure 10.4), providing examples of higher and lower trajectories for the future evolution of the expected value of mean responses to (i) the A2 emissions scenario and (ii) an extended B1 scenario, where radiative forcing beyond the year 2100 was kept constant to the 2100 value (all data from Meehl et al., 2007, Figure 10.4, see also Meehl et al., 2007, Section 10.7).",226,614,L2,['L3'],['L1']
211,211,211,211,228,Figure 2.4 | Range of assumptions about socio-economic drivers and projections for energy and food demand in the pathways available to this assessment.,227,639,L1,['L1'],['L3']
212,212,212,212,229,"1.5degC-consistent pathways are blue, other pathways grey.",228,639,L1,['L1'],['L1']
213,213,213,213,230,"Trajectories for the illustrative 1.5degC-consistent archetypes used in this Chapter (LED, S1, S2, S5; referred to as P1, P2, P3, and P4 in the Summary for Policymakers.)",229,639,L1,['L1'],['L3']
214,214,214,214,232,"S1 is a sustainability oriented scenario, S2 is a middle-of-the-road scenario, and S5 is a fossil-fuel intensive and high energy demand scenario.",231,639,L1,['L1'],['L4']
215,215,215,215,233,LED is a scenario with particularly low energy demand.,232,639,L1,['L3'],['L4']
216,216,216,216,234,Population assumptions in S2 and LED are identical.,233,639,L1,['L3'],['L4']
217,217,217,217,235,"Panels show (a) world population, (b) gross world product in purchasing power parity values, (c) final energy demand, and (d) food demand.",234,639,L1,['L1'],['L1']
218,218,218,218,237,"Typical infrastructure lifetimes in North America (data from Lewis, 1987; Bettigole, 1990; EIA, 1999, 2001; Statistics Canada, 2001a; BEA, 2003), in relation to projected North American warming for 2000 to 2100 (relative to 1901-1950) for the A1B scenario, from the IPCC AR4 Multi-Model Dataset (yellow envelope).",236,643,L1,['L1'],['L2']
219,219,219,219,238,"Measured and modelled anomalies for 2000 are shown with black and orange bars, respectively.",237,643,L1,['L1'],['L1']
220,220,220,220,239,"Projected warming for 2091 to 2100 for the B1, A1B and A2 scenarios are indicated by the blue, yellow and red bars, respectively at the right (data from Christensen et al., 2007: Box 11.1 Figure 1).",238,643,L1,['L1'],['L1']
221,221,221,221,240,"Figure 8.6: Total technical mitigation potentials (all practices, all GHGs) for each region by 2030 Note: Boxes show one standard deviation above and below the mean estimate for per-area mitigation potential, and the bars show the 95% confidence interval about the mean.",239,650,L2,['L1'],['L1']
222,222,222,222,241,"Based on the B2 scenario, although the pattern is similar for all SRES scenarios.",240,650,L2,['L3'],['L2']
223,223,223,223,243,Figure 3.20 | Expected cost decline for CSP plants from 2012 to 2025.,242,658,L3,['L2'],['L3']
224,224,224,224,244,"The cost number includes the cost of the plant plus fi nancing (A.T. Kearney, 2010).",243,658,L3,['L1'],['L2']
225,225,225,225,245,"As reduction ranges for cost, effi ciency and economies of scale in the right panel overlap, their total contribution in 2025 amounts to less than their overall total.",244,658,L3,['L3'],['L3']
226,226,226,226,246,"Figure 7-3 | Since the AR4, international food prices have reversed historical downward trend.",245,660,L1,['L3'],['L3']
227,227,227,227,247,"The plot shows the history of FAO food and cereal price indices (composite measures of food prices), with vertical lines indicating events when a top five producer of a crop had yields 25% below trend line (indicative of a seasonal climate extreme).",246,660,L1,['L1'],['L2']
228,228,228,228,248,"Australia is included despite not being a top five producer, because it is an important exporter and the drops were 40% or more below trend line.",247,660,L1,['L4'],['L4']
229,229,229,229,249,Prices may have become more sensitive to weather-related supply shortfalls in recent years.,248,660,L1,['L4'],['L4']
230,230,230,230,250,"At the same time, food prices are increasingly associated with the price of crude oil (blue line), making attribution of price changes to climate difficult.",249,660,L1,['L4'],['L4']
231,231,231,231,251,"Thus, there is clear evidence since AR4 that prices can rise rapidly, but the role of weather in these increases remains unclear.",250,660,L1,['L4'],['L4']
232,232,232,232,252,All indices are expressed as percentage of 2002-2004 averages.,251,660,L1,['L1'],['L2']
233,233,233,233,253,Food price and crop yield data from FAO (http://www.fao.org/worldfoodsituation/foodpricesindex and http://faostat.fao.org/) and oil price data from http://www.eia.gov.,252,660,L1,['L1'],['L4']
234,234,234,234,254,figure 615 sulphate so4 2 concentrations in greenland bigler et al 2002 red line mieding 2005 blue and antarctic traufetter et al 2004 dash violet ice cores during the last millennium also shown are the estimated anthropogenic sulphur s emissions for the nh stern 2005 dashed black the ice core data have been smoothed with a 10year running median fi lter thereby removing the peaks of major volcanic eruptions the inset illustrates the infl uence of volcanic emissions over the last millennium and shows monthly sulphate data in ppm as measured green with identifi ed volcanic spikes removed black most recent volcanic events were not assigned nor removed and results from the 10year fi lter red bigler et al 2002 the records represent illustrative examples and can be infl uenced by local deposition events,253,676,L1,['L1'],['L2']
235,235,235,235,255,Figure 9.15: Simple model results: Temperature changes from (a) 1990 to 2030 and from (b) 1990 to 2100 for the six illustrative SRES scenarios and IS92a.,254,690,L2,['L1'],['L1']
236,236,236,236,256,The bottom axis indicates the AOGCM to which the simple model is tuned.,255,690,L2,['L1'],['L1']
237,237,237,237,257,"For comparison results are also shown for the SAR version of the simple climate model using SAR forcing with some of the IS92 scenarios (see Kattenberg et al., 1996).",256,690,L2,['L3'],['L2']
238,238,238,238,258,"IS92a H/M/L refers to the IS92a scenario with climate sensitivity of 1.5, 2.5 and 4.5degC respectively.",257,690,L2,['L2'],['L2']
239,239,239,239,259,Also shown are the IS92e scenario with a sensitivity of 4.5degC and the IS92c scenario with a sensitivity of 1.5degC.,258,690,L2,['L2'],['L2']
240,240,240,240,260,"Figure 5.7 Radial simulations of CO2 injection into a homogeneous formation 100 m thick, at a depth of 1 km, where the pressure is 10 MPa and the temperature is 40degC.",259,736,L1,['L2'],['L1']
241,241,241,241,261,"The injection rate is 1 MtCO2 yr-1 for 20 years, the horizontal permeability is 10 -13 m2 (approximately 100 mD) and the vertical permeability is one-tenth of that.",260,736,L1,['L2'],['L2']
242,242,242,242,262,The residual CO2 saturation is 20%.,261,736,L1,['L2'],['L2']
243,243,243,243,263,"The first three parts of the figure at 2, 20 and 200 years, show the gas saturation in the porous medium; the second three parts of the figure at 200, 2000 and 4000 years, show the mass fraction of dissolved CO2 in the aqueous phase (after Ennis-King and Paterson, 2003).",262,736,L1,['L3'],['L1']
244,244,244,244,265,"(a) Annual anomalies of global SST (HadSST2; red bars and blue solid curve), 1850 to 2005, and global NMAT (HadMAT, green curve), 1856 to 2005, relative to the 1961 to 1990 mean (degC) from the UK Meteorological Offi ce (UKMO; Rayner et al., 2006).",264,754,L3,['L1'],['L2']
245,245,245,245,266,The smooth curves show decadal variations (see Appendix 3.A).,265,754,L3,['L3'],['L3']
246,246,246,246,267,The dashed black curve shows equivalent smoothed SST anomalies from the TAR.,266,754,L3,['L3'],['L1']
247,247,247,247,268,"(b) Smoothed annual global SST anomalies, relative to 1961 to 1990 (degC), from HadSST2 (blue line, as in (a)), from NCDC (Smith et al., 2005; red line) and from COBE-SST (Ishii et al., 2005; green line).",267,754,L3,['L1'],['L2']
248,248,248,248,269,The latter two series begin later in the 19th century than HadSST2.,268,754,L3,['L3'],['L2']
249,249,249,249,270,"(c,d) As in (a) but for the NH and SH showing only the UKMO series.",269,754,L3,['L1'],['L4']
250,250,250,250,271,"Figure 2.16 | Electricity generation for the four illustrative pathway archetypes plus the IEA's Faster Transition Scenario (IEA, 2017d) (panel a), and their relative location in the ranges for pathways limiting warming to 1.5degC with no or limited overshoot (panel b).",270,758,L2,['L1'],['L2']
251,251,251,251,272,"The category 'Other renewables' includes electricity generation not covered by the other categories, for example, hydro and geothermal.",271,758,L2,['L4'],['L4']
252,252,252,252,273,The number of pathways that have higher primary energy than the scale in the bottom panel are indicated by the numbers above the whiskers.,272,758,L2,['L1'],['L1']
253,253,253,253,274,"Black horizontal dashed lines indicate the level of primary energy supply in 2015 (IEA, 2017e).",273,758,L2,['L1'],['L1']
254,254,254,254,275,"Box plots in the lower panel show the minimum-maximum range (whiskers), interquartile range (box), and median (vertical thin black line).",274,758,L2,['L1'],['L1']
255,255,255,255,276,"Symbols in the lower panel show the four pathway archetypes - S1 (white square), S2 (yellow square), S5 (black square), LED (white disc) - as well as the IEA's Faster Transition Scenario (red disc).",275,758,L2,['L1'],['L1']
256,256,256,256,277,Pathways with no or limited overshoot included the Below1.5degC and 1.5degC-low-OS classes.,276,758,L2,['L3'],['L4']
257,257,257,257,279,"Major ecosystems addressed in this report, with their global areal extent (lower panel, Mkm2), transformed by land use in yellow, untransformed in purple, from Hassan et al.",278,765,L1,['L1'],['L2']
258,258,258,258,280,"(2005), except for mediterranean-climate ecosystems, where transformation impact is from Myers et al.",279,765,L1,['L4'],['L4']
259,259,259,259,281,"(2000), and total carbon stores (upper panel, PgC) in plant biomass (green), soil (brown), yedoma/permafrost (light blue).",280,765,L1,['L1'],['L1']
260,260,260,260,282,"D = deserts, G&S(tr) = tropical grasslands and savannas, G(te) = temperate grasslands, ME = mediterranean ecosystems, F(tr) = tropical forests, F(te) = temperate forests, F(b) = boreal forests, T = tundra, FW = freshwater lakes and wetlands, C = croplands, O = oceans.",281,765,L1,['L1'],['L1']
261,261,261,261,284,"(2004, Table 2.2, p. 23), except for carbon content of yedoma permafrost and permafrost (light blue columns, left and right, respectively, Zimov et al., 2006), ocean organic carbon content (dissolved plus particulate organic; Denman et al., 2007, Section 7.3.4.1), and ocean surface area from Hassan et al.",283,765,L1,['L1'],['L2']
262,262,262,262,286,"Figures here update the TAR (Prentice et al., 2001), especially through considering soil C to 3 m depth (Jobbagy and Jackson, 2000), as opposed to 1 m. Approximate carbon content of the atmosphere (PgC) is indicated by the dotted lines for last glacial maximum (LGM), pre-industrial (P-IND) and current (about 2000).",285,765,L1,['L1'],['L2']
263,263,263,263,287,Figure 1.21 | Levelized Cost of Fuels (LCOF) for commercially available biomass conversion technologies covering a range of different discount rates.,286,790,L2,['L1'],['L1']
264,264,264,264,288,LCOF estimates for all technologies are based on input data summarized in Annex III and the methodology outlined in Annex II.,287,790,L2,['L1'],['L2']
265,265,265,265,289,"The lower bound of the levelized cost range is based on a 3% discount rate applied to the low ends of the ranges of investment, operations and maintenance (O&M) and feedstock cost.",288,790,L2,['L2'],['L2']
266,266,266,266,290,"The higher bound of the levelized cost range is accordingly based on a 10% discount rate applied to the high end of the ranges of investment, O&M and feedstock costs.",289,790,L2,['L3'],['L2']
267,267,267,267,291,"Note that conversion effi ciencies, by-product revenue, capacity factors and lifetimes were set to average values.",290,790,L2,['L1'],['L2']
268,268,268,268,292,HHV stands for 'higher heating value'.,291,790,L2,['L2'],['L1']
269,269,269,269,295,"Annual mean, zonally averaged SST error, simulated minus observed climatology.",294,828,L1,['L1'],['L2']
270,270,270,270,296,"The Hadley Centre Sea Ice and Sea Surface Temperature (HadISST; Rayner et al., 2003) observational climatology for 1980 to 1999 is the reference used here, and the model results are for the same period in the 20th-century simulations in the MMD at PCMDI.",295,828,L1,['L1'],['L2']
271,271,271,271,297,"In the presence of sea ice, the SST is assumed to be at the freezing point of seawater.",296,828,L1,['L3'],['L4']
272,272,272,272,298,The legend identifying individual models appears in Figure 8.4.,297,828,L1,['L1'],['L1']
273,273,273,273,299,"Figure 2.19: Reconstructed global ground temperature estimate from borehole data over the past five centuries, relative to present day.",298,839,L1,['L1'],['L3']
274,274,274,274,300,"Shaded areas represent +- two standard errors about the mean history (Pollack et al., 1998).",299,839,L1,['L1'],['L1']
275,275,275,275,301,"Superimposed is a smoothed (five-year running average) of the global surface air temperature instrumental record since 1860 (Jones and Briffa, 1992).",300,839,L1,['L1'],['L2']
276,276,276,276,302,Figure 10.18 | Regional breakdown of possible energy demand and RE potential deployment for the selected set of four scenarios in 2050 (direct equivalent).,301,846,L2,['L1'],['L3']
277,277,277,277,303,"Sources: IEA-WEO2009Baseline (IEA, 2009; Teske et al., 2010), ReMIND-RECIPE (Luderer et al., 2009), MiniCAM-EMF22 (Calvin et al., 2009), ER-2010 (Teske et al., 2010).",302,846,L2,['L1'],['L4']
278,278,278,278,304,"For comparison, total primary energy demand in 2007 is given (IEA, 2009).",303,846,L2,['L2'],['L4']
279,279,279,279,305,Figure 6.14 | Capacity factor effect on LCOE for estimated 2020 wave and tidal current investment costs.,304,859,L1,['L1'],['L3']
280,280,280,280,306,"The data point showing the EPRI conceptual design, using Pelamis 500 kW machines at 38% capacity factor, is based on Previsic (2004).",305,859,L1,['L1'],['L2']
281,281,281,281,307,Figure 8.14: Annual mean tropical cooling at the last glacial maximum: comparison between model results and palaeo-data.,306,869,L2,['L1'],['L1']
282,282,282,282,308,"(Centre panel) simulated surface air temperature changes over land are displayed as a function of surface temperature changes over the oceans, both averaged in the 30degS to 30degN latitudinal band, for all the PMIP simulations: models with prescribed CLIMAP SSTs (circles) and coupled atmosphere-mixed layer ocean models (squares) (from Pinot et al., 1999).",307,869,L2,['L1'],['L2']
283,283,283,283,309,"Numbers refer to different models: circles, 1: LMD4, 2-5: MRI2, ECHAM3, UGAMP, LMD5 (higher resolution), 6-7: CCSR/NIES1, LMD5, 8: GEN2.",308,869,L2,['L1'],['L1']
284,284,284,284,311,"Results from two EMIC models including a dynamical ocean model have also been displayed (diamonds): 1-UVIC (Weaver et al., 1998), 2-CLIMBER-2 (Petoukhov et al., 2000).",310,869,L2,['L1'],['L1']
285,285,285,285,312,"The comparison with palaeo-data: (upper panel) over land is with estimates from various pollen data for altitudes below 1,500m (the label 'nb data' refers to the number of data points in three different regions corresponding to the temperature change estimate plotted in the abscissa) from (Farrera, et al., 1999); (right panel) the distribution of SST changes estimated from alkenones in the tropics from the Sea Surface Temperature Evolution Mapping Project based on Alkenone Stratigraphy (TEMPUS) (Rosell-Mele, et al., 1998) (nb data: same as upper panel, number of data points for each temperature change).",311,869,L2,['L1'],['L2']
286,286,286,286,313,"Caution: in this figure, model results are averaged over the whole tropical domain and not over proxy-data locations, which may bias the comparison (e.g., Broccoli and Marciniak, 1996).",312,869,L2,['L4'],['L2']
287,287,287,287,314,"For example, for the pollen data, extreme values are obtained for specific regions: weakest values over the Indonesia-Pacific region and coldest values over South America.",313,869,L2,['L3'],['L2']
288,288,288,288,316,"Vertical weighting functions (grey) depicting the layers sampled by satellite MSU measurements and their derivatives, and used also for radiosonde and reanalysis records.",315,882,L2,['L1'],['L2']
289,289,289,289,317,The right panel schematically depicts the variation in the tropopause (that separates the stratosphere and troposphere) from the tropics (left) to the high latitudes (right).,316,882,L2,['L1'],['L2']
290,290,290,290,318,"The fourth panel depicts T4 in the lower stratosphere, the third panel shows T2, the second panel shows the troposphere as a combination of T2 and T4 (Fu et al., 2004a) and the fi rst panel shows T2LT from the UAH for the low troposphere.",317,882,L2,['L1'],['L1']
291,291,291,291,321,Figure 11.3: Time series of the cumulative climatic mass balance (units: kg/m2) in five arctic regions and for the Pan-Arctic from the World Glacier Monitoring Service (WGMS;210 Wolken et al.,320,898,L2,['L1'],['L1']
292,292,292,292,322,";211 solid lines, left y-axis), plus Alaskan glacial mass loss observed from NASA GRACE113 (dashed blue line, right y-axis).",321,898,L2,['L1'],['L1']
293,293,293,293,325,"Figure 6.15 Estimated volume of pH perturbations at global scale for hypothetical examples in which injection of CO2 into the ocean interior provides 100% or 10% of the mitigation effort needed to move from a logistic emissions curve cumulatively releasing 18,000 GtCO2 (=5000 GtC) to emissions consistent with atmospheric CO2 stabilization at 550 ppm according to the WRE550 pathway (Wigley et al., 1996).",324,904,L2,['L3'],['L2']
294,294,294,294,326,The curves show the simulated fraction of ocean volume with a pH reduction greater than the amount shown on the horizontal axis.,325,904,L2,['L1'],['L3']
295,295,295,295,327,"For the 10% case, in year 2100, injection rates are high and about1% of the ocean volume has significant pH reductions; in year 2300, injection rates are low, but previously injected CO2 has decreased ocean pH by about 0.1 unit below the value produced by a WRE550 atmospheric CO2 pathway in the absence of CO2 release directly to the ocean (Caldeira and Wickett, 2005).",326,904,L2,['L3'],['L2']
296,296,296,296,328,"Figure 6.6: Global, annual mean radiative forcings (Wm-2) due to a number of agents for the period from pre-industrial (1750) to present (late 1990s; about 2000) (numerical values are also listed in Table 6.11).",327,909,L3,['L1'],['L1']
297,297,297,297,329,For detailed explanations see Section 6.13.,328,909,L3,['L2'],['L4']
298,298,298,298,330,The height of the rectangular bar denotes a central or best estimate value while its absence denotes no best estimate is possible.,329,909,L3,['L3'],['L1']
299,299,299,299,331,"The vertical line about the rectangular bar with 'x' delimiters indicates an estimate of the uncertainty range, guided by the spread in the published values of the forcing and physical understanding.",330,909,L3,['L1'],['L1']
300,300,300,300,332,A vertical line without a rectangular bar and with 'o' delimiters denotes a forcing for which no central estimate can be given owing to large uncertainties.,331,909,L3,['L4'],['L1']
301,301,301,301,333,The uncertainty range specified here has no statistical basis and therefore differs from the use of the term elsewhere in this document.,332,909,L3,['L4'],['L2']
302,302,302,302,334,"A 'level of scientific understanding' (LOSU) index is accorded to each forcing, with H, M, L and VL denoting high, medium, low and very low levels, respectively.",333,909,L3,['L3'],['L4']
303,303,303,303,335,"This represents our subjective judgement about the reliability of the forcing estimate, involving factors such as the assumptions necessary to evaluate the forcing, the degree of our knowledge of the physical/chemical mechanisms determining the forcing, and the uncertainties surrounding the quantitative estimate of the forcing (see Table 6.12).",334,909,L3,['L4'],['L4']
304,304,304,304,336,"The well-mixed greenhouse gases are grouped together into a single rectangular bar with the individual mean contributions due to CO2, CH4, N2O, and halocarbons (see Tables 6.1 and 6.11) shown; halocarbons refers to all halogen-containing compounds listed in Table 6.1.",335,909,L3,['L1'],['L2']
305,305,305,305,337,'FF' denotes fossil fuel burning while 'BB' denotes biomass burning aerosol.,336,909,L3,['L1'],['L1']
306,306,306,306,338,Fossil fuel burning is separated into the 'black carbon' (bc) and 'organic carbon' (oc) components with its separate best estimate and range.,337,909,L3,['L1'],['L4']
307,307,307,307,339,The sign of the effects due to mineral dust is itself an uncertainty.,338,909,L3,['L3'],['L4']
308,308,308,308,340,The indirect forcing due to tropospheric aerosols is poorly understood.,339,909,L3,['L4'],['L4']
309,309,309,309,341,The same is true for the forcing due to aviation via their effects on contrails and cirrus clouds.,340,909,L3,['L4'],['L4']
310,310,310,310,342,Only the first type of indirect effect due to aerosols as applicable in the context of liquid clouds is considered here.,341,909,L3,['L3'],['L4']
311,311,311,311,343,The second type of effect is conceptually important but there exists very little confidence in the simulated quantitative estimates.,342,909,L3,['L3'],['L4']
312,312,312,312,344,"The forcing associated with stratospheric aerosols from volcanic eruptions is highly variable over the period and is not considered for this plot (however, see Figure 6.8d).",343,909,L3,['L3'],['L4']
313,313,313,313,345,"All the forcings shown have distinct spatial and seasonal features (Figure 6.7) such that the global, annual means appearing on this plot do not yield a complete picture of the radiative perturbation.",344,909,L3,['L3'],['L4']
314,314,314,314,346,"They are only intended to give, in a relative sense, a first-order perspective on a global, annual mean scale, and cannot be readily employed to obtain the climate response to the total natural and/or anthropogenic forcings.",345,909,L3,['L3'],['L4']
315,315,315,315,347,"As in the SAR, it is emphasised that the positive and negative global mean forcings cannot be added up and viewed a priori as providing offsets in terms of the complete global climate impact.",346,909,L3,['L3'],['L4']
316,316,316,316,348,"Figure 9.6 | Energy imports as the share of total primary energy consumption (%) for coal (hard coal and lignite), crude oil and natural gas for selected world regions in 2008.",347,920,L2,['L1'],['L2']
317,317,317,317,349,Negative values denote net exporters of energy carriers.,348,920,L2,['L1'],['L4']
318,318,318,318,352,"Annual cycle of arctic area mean temperature and percentage precipitation changes (averaged over the area north of 60degN) for 2080 to 2099 minus 1980 to 1999, under the A1B scenario.",351,937,L1,['L1'],['L2']
319,319,319,319,353,Thick lines represent the ensemble median of the 21 MMD models.,352,937,L1,['L1'],['L1']
320,320,320,320,354,"The dark grey area represents the 25 and 75% quartile values among the 21 models, while the light grey area shows the total range of the models.",353,937,L1,['L1'],['L1']
321,321,321,321,355,"Figure 3.9 | Projected changes in annual 5-day maximum precipitation (Rx5day) as a function of global warming for IPCC Special Report on the Risk of Extreme Events and Disasters to Advance Climate Change Adaptation (SREX) regions (see Figure 3.2), based on an empirical scaling relationship applied to Coupled Model Intercomparison Project Phase 5 (CMIP5) data together with projected changes from the HAPPI multimodel experiment (bar plots on regional analyses and central plot).",354,950,L2,['L1'],['L2']
322,322,322,322,356,The underlying methodology and data basis are the same as for Figure 3.5 (see Supplementary Material 3.SM.2 for more details).,355,950,L2,['L3'],['L4']
323,323,323,323,357,Figure 13.7: Pattern correlations between the decadal ensemble mean temperature (Northern Hemisphere only) from the HadCM2 experiment forced with a 0.5%/yr increase in greenhouse gas concentrations (Gd) and: the scaled ensemble mean pattern (solid line); the four scaled individual ensemble member patterns - average coefficient (dashed line); and the scaled ensemble mean pattern derived from the HadCM2 experiment forced with a 1%/yr increase in greenhouse gas concentrations (Ga) (dotted line).,356,994,L2,['L1'],['L2']
324,324,324,324,358,The correlations increase with time as the pattern of greenhouse gas response (the 'signal') increasingly dominates the random effects of internal climate variability (the 'noise').,357,994,L2,['L3'],['L3']
325,325,325,325,359,"The shaded area shows the spread of correlations between the pairs of the individual members of the Gd ensemble; these correlations are lower than those between the realised and scaled patterns above, indicating that the scaled pattern is not due to internal climate variability.",358,994,L2,['L3'],['L3']
326,326,326,326,361,Figure 8.5 Relationship between (1) the imputed share of CCS in total cumulative emissions reductions in per cent and (2) total cumulative CCS deployment in GtCO2 (2000-2100).,360,998,L1,['L2'],['L1']
327,327,327,327,362,The scatter plots depict values for individual TAR mitigation scenarios for the six SRES scenario groups.,361,998,L1,['L1'],['L1']
328,328,328,328,363,"The vertical dashed lines show the average share of CCS in total emissions mitigation across the 450 to 750 ppmv stabilization scenarios, and the dashed horizontal lines illustrate the scenarios' average cumulative storage requirements across 450 to 750 ppmv stabilization.",362,998,L1,['L1'],['L1']
329,329,329,329,364,"Figure 10.4: The length of the growing season in the contiguous 48 states compared with a long-term average (18952015), where 'growing season' is defined by a daily minimum temperature threshold of 41degF.",363,999,L2,['L2'],['L4']
330,330,330,330,365,"For each year, the line represents the number of days shorter or longer than the long-term average.",364,999,L2,['L3'],['L1']
331,331,331,331,366,The line was smoothed using an 11-year moving average.,365,999,L2,['L2'],['L2']
332,332,332,332,367,Choosing a different long-term average for comparison would not change the shape of the data over time.,366,999,L2,['L3'],['L4']
333,333,333,333,370,"Probability (see 'Key caveat' above on low confidence for specific quantitatitive results) of exceeding an equilibrium global warming of 2degC above pre-industrial (1.4degC above 1990 levels), for a range of CO2-equivalent stabilisation levels.",369,1006,L2,['L3'],['L2']
334,334,334,334,373,Uncertainties in carbon cycle feedbacks estimated from analysis of the results from the C4MIP models.,372,1011,L1,['L1'],['L2']
335,335,335,335,374,"Each effect is given in terms of its impact on the mean airborne fraction over the simulation period (typically 1860 to 2100), with bars showing the uncertainty range based on the ranges of effective sensitivity parameters given in Tables 7.4 and 7.5.",373,1011,L1,['L1'],['L1']
336,336,336,336,375,"The lower three bars are the direct response to increasing atmospheric CO2 (see Section 7.3.5 for details), the middle four bars show the impacts of climate change on the carbon cycle, and the top black bar shows the range of climate-carbon cycle feedbacks given by the C4MIP models.",374,1011,L1,['L1'],['L1']
337,337,337,337,376,"Figure 2.21: Comparison of warm-season (Jones et al., 1998) and annual mean (Mann et al., 1998, 1999) multi-proxy-based and warm season tree-ring-based (Briffa, 2000) millennial Northern Hemisphere temperature reconstructions.",375,1044,L2,['L1'],['L1']
338,338,338,338,377,The recent instrumental annual mean Northern Hemisphere temperature record to 1999 is shown for comparison.,376,1044,L2,['L3'],['L2']
339,339,339,339,378,Also shown is an extra-tropical sampling of the Mann et al.,377,1044,L2,['L3'],['L4']
340,340,340,340,381,The self-consistently estimated two standard error limits (shaded region) for the smoothed Mann et al.,380,1044,L2,['L1'],['L2']
341,341,341,341,383,The horizontal zero line denotes the 1961 to 1990 reference period mean temperature.,382,1044,L2,['L1'],['L1']
342,342,342,342,384,"All series were smoothed with a 40-year Hamming-weights lowpass filter, with boundary constraints imposed by padding the series with its mean values during the first and last 25 years.",383,1044,L2,['L3'],['L2']
343,343,343,343,385,Figure 2.13: The 76 post-SRES stabilization scenarios of world fossil fuel CO2 emissions.,384,1068,L1,['L1'],['L4']
344,344,344,344,386,"Different stabilization levels are indicated by colour, with 750ppmv in red, 650ppmv in black, 550ppmv in blue, and 450ppmv in green.",385,1068,L1,['L1'],['L1']
345,345,345,345,387,"For comparison, the minimum and maximum of the ranges of scenarios from the literature (grey) and the SRES (yellow) as well as the WRI and WRE 550ppmv stabilization scenarios (bold black) are also shown.",386,1068,L1,['L1'],['L1']
346,346,346,346,388,"Figure 7.3: Index of the number of 2-day precipitation events exceeding the station-specific threshold for a 5-year recurrence interval in the contiguous United States, expressed as a percentage difference from the 1901-1960 mean.",387,1081,L2,['L1'],['L2']
347,347,347,347,389,"The annual values are averaged over 5-year periods, with the pentad label indicating the ending year of the period.",388,1081,L2,['L1'],['L2']
348,348,348,348,390,Annual time series of the number of events are first calculated at individual stations.,389,1081,L2,['L1'],['L2']
349,349,349,349,391,"Next, the grid box time series are calculated as the average of all stations in the grid box.",390,1081,L2,['L1'],['L2']
350,350,350,350,392,"Finally, a national time series is calculated as the average of the grid box time series.",391,1081,L2,['L1'],['L2']
351,351,351,351,396,Annual averages of the global mean sea level (mm).,395,1087,L2,['L1'],['L2']
352,352,352,352,397,"The red curve shows reconstructed sea level fi elds since 1870 (updated from Church and White, 2006); the blue curve shows coastal tide gauge measurements since 1950 (from Holgate and Woodworth, 2004) and the black curve is based on satellite altimetry (Leuliette et al., 2004).",396,1087,L2,['L1'],['L1']
353,353,353,353,398,"The red and blue curves are deviations from their averages for 1961 to 1990, and the black curve is the deviation from the average of the red curve for the period 1993 to 2001.",397,1087,L2,['L2'],['L1']
354,354,354,354,399,Error bars show 90% confi dence intervals.,398,1087,L2,['L2'],['L1']
355,355,355,355,400,Figure 5.4 | Investment into mitigation up until 2030 and implications for investments for four sustainable development dimensions.,399,1100,L2,['L1'],['L4']
356,356,356,356,401,"Cross-hatched bars show the median investment in 1.5degC pathways across results from different models, and solid bars for 2degC pathways, respectively.",400,1100,L2,['L1'],['L1']
357,357,357,357,402,Whiskers on bars represent minima and maxima across estimates from six models.,401,1100,L2,['L1'],['L1']
358,358,358,358,403,Clean water and air pollution investments are available only from one model.,402,1100,L2,['L3'],['L4']
359,359,359,359,404,Mitigation investments show the change in investments across mitigation options compared to the baseline.,403,1100,L2,['L2'],['L3']
360,360,360,360,405,Negative mitigation investments (grey bars) denote disinvestment (reduced investment needs) into fossil fuel sectors compared to the baseline.,404,1100,L2,['L3'],['L1']
361,361,361,361,406,Investments for different sustainable development dimensions denote the investment needs for complementary measures in order to avoid trade-offs (negative impacts) of mitigation.,405,1100,L2,['L4'],['L4']
362,362,362,362,407,"Negative sustainable development investments for air pollution indicate cost savings, and thus synergies of mitigation for air pollution control costs.",406,1100,L2,['L4'],['L3']
363,363,363,363,408,The values compare to about 2 trillion USD2010 (range of 1.4 to 3 trillion) of total energy-related investments in the 1.5degC pathways.,407,1100,L2,['L2'],['L3']
364,364,364,364,410,Figure 3.2: Comparison of GDP projections in post-SRES emissions scenarios with those used in previous scenarios.,409,1112,L1,['L1'],['L3']
365,365,365,365,411,The median of the new scenarios is about 7% below the median of the pre-SRES and SRES scenario literature.,410,1112,L1,['L2'],['L3']
366,366,366,366,412,The two vertical bars on the right extend from the minimum to maximum of the distribution of scenarios by 2100.,411,1112,L1,['L1'],['L1']
367,367,367,367,413,"The horizontal bars indicate the 5th, 25th, 50th, 75th and the 95th percentiles of the distributions.",412,1112,L1,['L1'],['L1']
368,368,368,368,414,Figure 6.5: Reconstructions of total solar irradiance (TSI) by Lean et al.,413,1143,L2,['L1'],['L1']
369,369,369,369,417,"Global mean total anthropogenic aerosol effect (direct, semi-direct and indirect cloud albedo and lifetime effects) defi ned as the response in net radiation at TOA from pre-industrial times to the present day and its contribution over the NH and SH, over oceans and over land, and the ratio over oceans/land.",416,1146,L1,['L1'],['L4']
370,370,370,370,418,"Red bars refer to anthropogenic sulphate (Easter et al., 2004; Ming et al., 2005+), green bars refer to anthropogenic sulphate and black carbon (Kristjansson, 2002*,+), blue bars to anthropogenic sulphate and organic carbon (Quaas et al., 2004; Rotstayn and Liu, 2005+), cyan bars to anthropogenic sulphate and black and organic carbon (Menon and Del Genio, 2005; Takemura et al., 2005; Johns et al., 2006; Storelvmo et al., 2006), dark purple bars to anthropogenic sulphate and black and organic carbon effects on water and ice clouds (Jacobson, 2006; Lohmann and Diehl, 2006), teal bars refer to a combination of GCM and satellite results (European Centre for Medium Range Weather Forecasts/Max-Planck Institute for Meteorology Atmospheric GCM (ECHAM) plus Polarisation and Directionality of the Earth's Refl ectance (POLDER), Lohmann and Lesins, 2002; Laboratoire de Meteorologie Dynamique GCM (LMDZ)/ECHAM plus Moderate Resolution Imaging Spectroradiometer (MODIS), Quaas et al., 2006) and olive bars to the mean and standard deviation from all simulations.",417,1146,L1,['L1'],['L1']
371,371,371,371,419,Vertical black lines for individual results refer to +-1 standard deviation in cases of multiple simulations and/or results.,418,1146,L1,['L1'],['L1']
372,372,372,372,421,Time series for 1900 to 2005 of annual global land precipitation anomalies (mm) from GHCN with respect to the 1981 to 2000 base period.,420,1153,L1,['L1'],['L1']
373,373,373,373,422,"The smooth curves show decadal variations (see Appendix 3.A) for the GHCN (Peterson and Vose, 1997), PREC/L (Chen et al., 2002), GPCP (Adler et al., 2003), GPCC (Rudolf et al., 1994) and CRU (Mitchell and Jones, 2005) data sets.",421,1153,L1,['L3'],['L1']
374,374,374,374,423,"Figure 11.7: Time-series of relative sea level for the past 300 years from Northern Europe: Amsterdam, Netherlands; Brest, France; Sheerness, UK; Stockholm, Sweden (detrended over the period 1774 to 1873 to remove to first order the contribution of postglacial rebound); Swinoujscie, Poland (formerly Swinemunde, Germany); and Liverpool, UK.",422,1177,L2,['L1'],['L1']
375,375,375,375,424,Data for the latter are of 'Adjusted Mean High Water' rather than Mean Sea Level and include a nodal (18.6 year) term.,423,1177,L2,['L3'],['L2']
376,376,376,376,425,The scale bar indicates +-100 mm.,424,1177,L2,['L1'],['L1']
377,377,377,377,427,Figure 2.28: Reconstructions since 1700 of proxy-based ENSO indices.,426,1178,L1,['L1'],['L1']
378,378,378,378,428,Shown are the Northern Hemisphere cold-season (Oct-Mar) mean NINO 3 index of Mann et al.,427,1178,L1,['L1'],['L1']
379,379,379,379,431,"The SOI series is scaled to have the same standard deviation as the NINO 3 index, and is reversed in sign to be positively correlated with the NINO 3 series.",430,1178,L1,['L3'],['L2']
380,380,380,380,432,"An instrumental NINO 3 index from 1871 to 2000 is shown for comparison (Rayner et al., 2000; see also Figure 2.29), with two standard error limits (grey shaded) of the proxy NINO 3 reconstruction.",431,1178,L1,['L1'],['L1']
381,381,381,381,433,Figure 10.17: Similarity of time mean precipitation distributions obtained in a continuous RCM simulation and through statisticaldynamical downscaling (SDD) for different levels of disaggregation.,432,1192,L2,['L3'],['L1']
382,382,382,382,434,"Black line: mean absolute error (mm/day), grey line: spatial correlation coefficient.",433,1192,L2,['L1'],['L1']
383,383,383,383,435,Horizontal axis: computational load of SDD.,434,1192,L2,['L1'],['L1']
384,384,384,384,436,"N is the number of days simulated in SDD, N the number of days simulated with the continuous RCM simulation.",435,1192,L2,['L1'],['L1']
385,385,385,385,437,Figure 9.6: (a) The time evolution of the globally averaged temperature change relative to the years (1961 to 1990) of the SRES simulations A2 (top) and B2 (bottom) (Unit: degC).,436,1205,L2,['L1'],['L1']
386,386,386,386,439,(b) The time evolution of the globally averaged precipitation change relative to the years (1961 to 1990) of the SRES simulations A2 (top) and B2 (bottom) (Unit: %).,438,1205,L2,['L1'],['L2']
387,387,387,387,441,"Figure 2.11 | Lifecycle GHG emissions of biopower technologies per unit of electricity generation, including supply chain emissions (land use-related net changes in carbon stocks and land management impacts are excluded).",440,1206,L1,['L1'],['L4']
388,388,388,388,442,Co-fi ring is shown for the biomass portion only (without GHG emissions and electricity output associated with coal).,441,1206,L1,['L3'],['L4']
389,389,389,389,443,Included in the avoided GHG emissions category are only estimates in which the use of the feedstock itself (e.g.,442,1206,L1,['L3'],['L4']
390,390,390,390,444,"residues and wastes) leads to avoided emissions, for example, in the form of avoided methane emissions from landfi lls (most common in the literature).1 Estimates that include avoided emissions from the production of co-products are not included in the avoided GHG emissions category.",443,1206,L1,['L3'],['L4']
391,391,391,391,445,Individual data points were used instead of box plots for estimates with avoided emissions because of high variability.,444,1206,L1,['L4'],['L4']
392,392,392,392,446,Red diamonds indicate that a carbon mitigation technology (CCS or carbonate formation by absorption) was considered.,445,1206,L1,['L4'],['L1']
393,393,393,393,447,Along the bottom of the fi gure and aligned with each column are the number of estimates and the number of references (CCS estimates in parentheses) producing the distributions.,446,1206,L1,['L1'],['L1']
394,394,394,394,448,Figure 12.5: (a) Tidal floods (days per year) exceeding NOAA thresholds for minor impacts at 28 NOAA tide gauges through 2015.,447,1214,L2,['L1'],['L3']
395,395,395,395,449,"(b) Historical exceedances (orange), future projections through 2100 based upon the continuation of the historical trend (blue), and future projections under median RCP2.6, 4.5 and 8.5 conditions, for two of the locations-Charleston, SC and San Francisco, CA.",448,1214,L2,['L1'],['L2']
396,396,396,396,450,"(c) Water level heights above average highest tide associated with a local 5-year recurrence probability, and (d) the future decade when the 5-year event becomes a 0.2-year (5 or more times per year) event under the Interagency Intermediate scenario; black dots imply that a 5-year to 0.2-year frequency change does not unfold by 2200 under the Intermediate scenario.",449,1214,L2,['L3'],['L2']
397,397,397,397,453,Figure 4.4 | Change in annual investment flows from the average baseline level over the next two decades (2010 to 2029) for mitigation scenarios that stabilize concentrations (without overshoot) within the range of approximately 430 to 530 ppm CO2-eq by 2100.,452,1215,L2,['L3'],['L3']
398,398,398,398,454,"Total electricity generation (leftmost column) is the sum of renewable and nuclear energy, power plants with CCS, and fossil-fuel power plants without CCS.",453,1215,L2,['L1'],['L2']
399,399,399,399,455,The vertical bars indicate the range between the minimum and maximum estimate; the horizontal bar indicates the median.,454,1215,L2,['L1'],['L1']
400,400,400,400,456,The numbers in the bottom row show the total number of studies in the literature used in the assessment.,455,1215,L2,['L1'],['L1']
401,401,401,401,457,"Individual technologies shown are found to be used in different model scenarios in either a complementary or a synergistic way, depending largely on technology-specific assumptions and the timing and ambition level of the phase-in of global climate policies.",456,1215,L2,['L4'],['L4']
402,402,402,402,459,Figure 5.24 The produced water chemistry before CO2 injection and the produced water chemistry after 12 months and 31 months of injection at Weyburn has been contoured from fluid samples taken at various production wells.,458,1225,L2,['L1'],['L4']
403,403,403,403,460,"The black dots show the location of the sample wells: (a) d13CHCO3 in the produced water, showing the effect of supercritical CO2 dissolution and mineral reaction.",459,1225,L2,['L1'],['L2']
404,404,404,404,461,"(b) Calcium concentrations in the produced water, showing the result of mineral dissolution (after Perkins et al., 2005).",460,1225,L2,['L1'],['L4']
405,405,405,405,462,Figure 3.10: Projections of anthropogenic CO2 uptake by process-based models.,461,1232,L1,['L1'],['L4']
406,406,406,406,463,"Six dynamic global vegetation models were run with IS92a CO2 concentrations as given in the SAR: (a) CO2 only, and (b) with these CO2 concentrations plus simulated climate changes obtained from the Hadley Centre climate model with CO2 and sulphate aerosol forcing from IS92a (Cramer et al., 2000).",462,1232,L1,['L1'],['L4']
407,407,407,407,464,Panel (b) also shows the envelope of the results from panel (a) (in grey).,463,1232,L1,['L1'],['L1']
408,408,408,408,465,"(c) Ten process-based ocean carbon models were run with the same CO2 concentrations, assuming a constant climate (Orr and Dutay, 1999; Orr et al., 2000).",464,1232,L1,['L2'],['L2']
409,409,409,409,466,A further six models were used to estimate the climate change impact on ocean CO2 uptake as a proportional change from the CO2-only case.,465,1232,L1,['L2'],['L4']
410,410,410,410,467,"The resulting changes were imposed on the mean trajectory of the simulations shown in panel (c), shown by the black line in panel (d), yielding the remaining trajectories in panel (d).",466,1232,L1,['L1'],['L1']
411,411,411,411,468,"The range of model results in panel (d) thus represents only the climate change impact on CO2 uptake; the range does not include the range of representations of ocean physical transport, which is depicted in panel (c).",467,1232,L1,['L3'],['L2']
412,412,412,412,469,"Figure 11.7: Time-series of relative sea level for the past 300 years from Northern Europe: Amsterdam, Netherlands; Brest, France; Sheerness, UK; Stockholm, Sweden (detrended over the period 1774 to 1873 to remove to first order the contribution of postglacial rebound); Swinoujscie, Poland (formerly Swinemunde, Germany); and Liverpool, UK.",468,1246,L2,['L1'],['L1']
413,413,413,413,470,Data for the latter are of 'Adjusted Mean High Water' rather than Mean Sea Level and include a nodal (18.6 year) term.,469,1246,L2,['L3'],['L2']
414,414,414,414,471,The scale bar indicates +-100 mm.,470,1246,L2,['L1'],['L1']
415,415,415,415,473,Figure 7.8: Projected change (percentage change relative to the 1976-2005 reference period average) in the number of daily zero ('No-Precip') and non-zero precipitation days (by percentile bins) for late-21st century under a higher scenario (RCP8.5).,472,1251,L2,['L1'],['L1']
416,416,416,416,474,The precipitation percentile bin thresholds are based on daily non-zero precipitation amounts from the 1976-2005 reference period that have been ranked from low to high.,473,1251,L2,['L1'],['L4']
417,417,417,417,475,These results are calculated from the LOCA downscaled data.,474,1251,L2,['L1'],['L4']
418,418,418,418,477,"Figure 7.24 | Global primary energy supply of wind energy in long-term scenarios (median, 25th to 75th percentile range, and full range of scenario results; colour coding is based on categories of atmospheric CO2 concentration level in 2100; the specifi c number of scenarios underlying the fi gure is indicated in the right upper corner) (adapted from Krey and Clarke, 2011; see also Chapter 10).",476,1277,L1,['L1'],['L1']
419,419,419,419,479,Time series of global annual ocean heat content (1022 J) for the 0 to 700 m layer.,478,1285,L1,['L1'],['L1']
420,420,420,420,480,The black curve is updated from Levitus et al.,479,1285,L1,['L3'],['L2']
421,421,421,421,481,"(2005a), with the shading representing the 90% confi dence interval.",480,1285,L1,['L1'],['L1']
422,422,422,422,482,The red and green curves are updates of the analyses by Ishii et al.,481,1285,L1,['L3'],['L1']
423,423,423,423,484,"(2004, over 0 to 750 m) respectively, with the error bars denoting the 90% confi dence interval.",483,1285,L1,['L1'],['L1']
424,424,424,424,485,The black and red curves denote the deviation from the 1961 to 1990 average and the shorter green curve denotes the deviation from the average of the black curve for the period 1993 to 2003.,484,1285,L1,['L1'],['L1']
425,425,425,425,487,"Observed and hindcast decadal mean surface temperature anomalies (degC) expressed, for each decade, relative to the preceding three decades.",486,1294,L2,['L1'],['L1']
426,426,426,426,488,Observed anomalies are represented by horizontal black lines.,487,1294,L2,['L1'],['L1']
427,427,427,427,489,Hindcast decadal anomalies and their uncertainties (5 to 95% confi dence bounds) are displayed as vertical bars.,488,1294,L2,['L1'],['L1']
428,428,428,428,490,Hindcasts are based on a Bayesian detection analysis using the estimated response to historical external forcing.,489,1294,L2,['L3'],['L2']
429,429,429,429,491,"Hindcasts made with CGCM2, HadCM2 (see Table 8.1 of the TAR) and HadCM3 (see Table 8.1, this report) use the estimated response to anthropogenic forcing only (left hand column of legend) while those made with selected MMD 20C3M models used anthropogenic and natural forcings (centre column of legend; see Table 8.1 for model descriptions).",490,1294,L2,['L1'],['L2']
430,430,430,430,492,Hindcasts made with the ensemble mean of the selected 20C3M models are indicated by the thick green line.,491,1294,L2,['L1'],['L1']
431,431,431,431,493,A hindcast based on persisting anomalies from the previous decade is also shown.,492,1294,L2,['L3'],['L4']
432,432,432,432,494,The hindcasts agree well with observations from the 1950s onward.,493,1294,L2,['L3'],['L3']
433,433,433,433,495,Hindcasts for the decades of the 1930s and 1940s are sensitive to the details of the hindcast procedure.,494,1294,L2,['L3'],['L4']
434,434,434,434,496,"A forecast for the decadal global mean anomaly for the decade 2000 to 2009, relative to the 1970 to 1999 climatology, based on simulations performed with the Canadian Centre for Climate Modelling and Analysis Coupled Global Climate Model (CGCM2) is also displayed.",495,1294,L2,['L1'],['L2']
435,435,435,435,500,"Global sea level change due to thermal expansion for 1955 to 2003, based on Levitus et al.",499,1295,L1,['L1'],['L1']
436,436,436,436,503,(2004; green line) for the upper 750 m. The shaded area and the vertical red and green error bars represent the 90% confi dence interval.,502,1295,L1,['L1'],['L1']
437,437,437,437,504,"The black and red curves denote the deviation from their 1961 to 1990 average, the shorter green curve the deviation from the average of the black curve for the period 1993 to 2003.",503,1295,L1,['L1'],['L1']
438,438,438,438,505,Figure 2.10 | Accounting of cumulative CO2 emissions for the four 1.5degC-consistent pathway archetypes.,504,1301,L1,['L1'],['L1']
439,439,439,439,507,"Total CDR is the difference between gross (red horizontal bar) and net (purple horizontal bar) cumulative CO2 emissions over the period 2018-2100, and it is equal to the sum of the BECCS (grey) and AFOLU CDR (green) contributions.",506,1301,L1,['L1'],['L2']
440,440,440,440,508,Cumulative net negative emissions are the difference between peak (orange horizontal bar) and net (purple) cumulative CO2 emissions.,507,1301,L1,['L1'],['L2']
441,441,441,441,509,The blue shaded area depicts the estimated range of the remaining carbon budget for a two-in-three to one-in-two chance of staying below1.5degC.,508,1301,L1,['L1'],['L1']
442,442,442,442,510,The grey shaded area depicts the range when accounting for additional Earth system feedbacks.,509,1301,L1,['L1'],['L1']
443,443,443,443,511,Figure 5.19: Co-benefits from different mitigation measures in Santiago de Chile Note: toll is applied for cars/busses to enter downtown area or inside the Americo Vespucio ring around the city.,510,1303,L2,['L3'],['L2']
444,444,444,444,512,Figure 5.2 | Synergies and trade-offs and gross Sustainable Development Goal (SDG)-interaction with individual mitigation options.,511,1326,L2,['L1'],['L2']
445,445,445,445,513,The top three wheels represent synergies and the bottom three wheels show trade-offs.,512,1326,L2,['L1'],['L2']
446,446,446,446,514,"The colours on the border of the wheels correspond to the SDGs listed above, starting at the 9 o'clock position, with reading guidance in the top-left corner with the quarter circle (Note 1).",513,1326,L2,['L1'],['L2']
447,447,447,447,515,"Mitigation (climate action, SDG 13) is at the centre of the circle.",514,1326,L2,['L1'],['L2']
448,448,448,448,516,The coloured segments inside the circles can be counted to arrive at the number of synergies (green) and trade-offs (red).,515,1326,L2,['L1'],['L2']
449,449,449,449,517,The length of the coloured segments shows the strength of the synergies or trade-offs (Note 3) and the shading indicates confidence (Note 2).,516,1326,L2,['L3'],['L1']
450,450,450,450,518,"Various mitigation options within the energy demand sector, energy supply sector, and land and ocean sector, and how to read them within a segment are shown in grey (Note 4).",517,1326,L2,['L1'],['L2']
451,451,451,451,520,Figure 6.3 Equilibrium partitioning of CO2 between the ocean and atmosphere.,519,1388,L4,['L1'],['L4']
452,452,452,452,521,"On the time scale of millennia, complete mixing of the oceans leads to a partitioning of cumulative CO2 emissions between the oceans and atmosphere with the bulk of emissions eventually residing in the oceans as dissolved inorganic carbon.",520,1388,L4,['L3'],['L4']
453,453,453,453,522,"The ocean partition depends nonlinearly on CO2 concentration according to carbonate chemical equilibrium (Box 6.1) and has limited sensitivity to changes in surface water temperature (shown by the grey area for a range of climate sensitivity of 1.5 to 4.5degC for CO2 doubling) (adapted from Kheshgi et al., 2005; Kheshgi, 2004a).",521,1388,L4,['L3'],['L4']
454,454,454,454,524,"This calculation is relevant on the time scale of several centuries, and does not consider changes in ocean alkalinity that increase ocean CO2 uptake over several millennia (Archer et al., 1997).",523,1388,L4,['L3'],['L4']
455,455,455,455,525,Figure 2.19: An equity index to compare per capita final energy use (GJ/capita) between the Annex I (pink) and non-Annex I (blue) countries for all post-SRES (550ppmv stabilization) and SRES (baseline) variants from 1990 to 2100.,524,1400,L1,['L1'],"['L1', 'L2']"
456,456,456,456,526,Climate policy has a much smaller impact on equity in energy use than does choice of development path.,525,1400,L1,['L4'],['L4']
457,457,457,457,527,"This can be seen by comparing the change in energy use within each of the four worlds (i.e., between the baseline and the 550ppmv stabilization for each world) with the change among the worlds (i.e., across the baselines or across the 550ppmv stabilization).",526,1400,L1,['L3'],['L3']
458,458,458,458,528,"Figure 9.9 | Illustrative ranges in lifecycle GHG emissions of petroleum fuels, fi rst-generation biofuels and selected next-generation lignocellulosic biofuels without considering land use change.",527,1428,L1,['L1'],['L2']
459,459,459,459,530,Note: FTD = Fischer-Tropsch diesel; RD = Renewable diesel (RD is different from biodiesel in processing and product properties).,529,1428,L1,['L3'],['L1']
460,460,460,460,531,"For common feedstock and fuel categories shown in both Figure 2.10 and above (e.g., sugarcane ethanol, FTD), the references cited and the ranges of GHG emission estimates are identical.",530,1428,L1,['L3'],['L2']
461,461,461,461,532,Figure 8.7: Global agricultural mitigation potential in 2030 from top-down models by carbon price and stabilisation target Note: Dashed lines connect results from scenarios where tighter stabilization targets were modelled with the same model and identical baseline characterization and mitigation technologies.,531,1439,L2,['L1'],['L2']
462,462,462,462,535,"Figure 2.2: The impacts of different technology assumptions on energy systems costs and emissions (cumulative 1990-2100, systems costs (undiscounted) in trillion US$) in no-climate policy baseline (reference) scenarios (based on the SRES A1 scenario family that share identical population and GDP growth assumptions) and in illustrative stabilization scenarios (750, 650, 550 and 450 ppm respectively).",534,1453,L2,['L1'],['L2']
463,463,463,463,536,"For comparison: the total cumulative (undiscounted) GDP of the scenarios is around 30,000 trillion US$ over the 1990-2100 time period.",535,1453,L2,['L2'],['L2']
464,464,464,464,538,"The two left-most columns represent alternate observationally based data sets, 15-year ECMWF reanalysis ('ECMWF') and NCAR/NCEP reanalysis ('NCEP'), compared with the baseline observations (Xie and Arkin, 1996).",537,1465,L2,['L1'],['L2']
465,465,465,465,541,"Figure 10.2: Anthropogenic radiative forcing (RF) contributions, separated by land-use and land-cover change (LULCC) and non-LULCC sources (green and maroon bars, respectively), are decomposed by atmospheric constituent to year 2010 in this diagram, using the year 1850 as the reference.",540,1499,L2,['L1'],['L2']
466,466,466,466,542,Total anthropogenic RF contributions by atmospheric constituent4 (see also Figure 2.3) are shown for comparison (yellow bars).,541,1499,L2,['L1'],['L2']
467,467,467,467,543,Error bars represent uncertainties for total anthropogenic RF (yellow bars) and for the LULCC components (green bars).5 The SUM bars indicate the net RF when all anthropogenic forcing agents are combined.,542,1499,L2,['L1'],['L2']
468,468,468,468,546,Figure 8.5: Components of space-time errors of surface air temperature (climatological annual cycle) simulated by CMIP2 model control runs.,545,1503,L2,['L1'],['L2']
469,469,469,469,547,"Shown are the total errors, the global and annual mean error ('bias'), the total r.m.s ('pattern') error, and the following components of the climatological r.m.s.",546,1503,L2,['L1'],['L2']
470,470,470,470,548,"error: zonal and annual mean ('clim.zm.am'); annual mean deviations from the zonal mean ('clim.zm.am.dv'), seasonal cycle of the zonal mean ('clim.zm.sc'); and seasonal cycle of deviations from the zonal mean ('clim.zm.sc.dv').",547,1503,L2,['L1'],['L2']
471,471,471,471,549,"For each component, errors are normalised by the component's observed standard deviation.",548,1503,L2,['L2'],['L2']
472,472,472,472,550,"The two left-most columns represent alternate observationally based data sets, ECMWF and NCAR/NCEP reanalyses, compared with the baseline observations (Jones et al., 1999).",549,1503,L2,['L1'],['L2']
473,473,473,473,551,Remaining columns give model results: the ten models to the left of the second thick vertical line are flux adjusted and the six models to the right are not.,550,1503,L2,['L3'],['L2']
474,474,474,474,555,"Causes, selected consequences (dryland and wetland loss, people displaced) and the total costs of an assumed sea-level rise, for developing and developed countries, and as a global total.",554,1510,L2,['L1'],['L2']
475,475,475,475,558,Reconstructions of the total solar irradiance time series starting as early as 1600.,557,1519,L1,['L1'],['L2']
476,476,476,476,559,The upper envelope of the shaded regions shows irradiance variations arising from the 11-year activity cycle.,558,1519,L1,['L3'],['L2']
477,477,477,477,560,"The lower envelope is the total irradiance reconstructed by Lean (2000), in which the long-term trend was inferred from brightness changes in Sun-like stars.",559,1519,L1,['L3'],['L1']
478,478,478,478,562,"(2005) is based on solar considerations alone, using a fl ux transport model to simulate the long-term evolution of the closed fl ux that generates bright faculae.",561,1519,L1,['L3'],['L2']
479,479,479,479,564,"The concentrations and radiative forcing by (a) CO2, (b) CH4 and (c) nitrous oxide (N2O), and (d) the rate of change in their combined radiative forcing over the last 20 kyr reconstructed from antarctic and Greenland ice and fi rn data (symbols) and direct atmospheric measurements (red and magenta lines).",563,1576,L2,['L1'],['L2']
480,480,480,480,565,"The grey bars show the reconstructed ranges of natural variability for the past 650 kyr (Siegenthaler et al., 2005a; Spahni et al., 2005).",564,1576,L2,['L3'],['L1']
481,481,481,481,566,"Radiative forcing was computed with the simplifi ed expressions of Chapter 2 (Myhre et al., 1998).",565,1576,L2,['L3'],['L2']
482,482,482,482,567,"The rate of change in radiative forcing (black line) was computed from spline fi ts (Enting, 1987) of the concentration data (black lines in panels a to c).",566,1576,L2,['L1'],['L2']
483,483,483,483,568,"The width of the age distribution of the bubbles in ice varies from about 20 years for sites with a high accumulation of snow such as Law Dome, Antarctica, to about 200 years for low-accumulation sites such as Dome C, Antarctica.",567,1576,L2,['L3'],['L4']
484,484,484,484,569,"The Law Dome ice and fi rn data, covering the past two millennia, and recent instrumental data have been splined with a cut-off period of 40 years, with the resulting rate of change in radiative forcing shown by the inset in (d).",568,1576,L2,['L3'],['L3']
485,485,485,485,570,"The arrow shows the peak in the rate of change in radiative forcing after the anthropogenic signals of CO2, CH4 and N2O have been smoothed with a model describing the enclosure process of air in ice (Spahni et al., 2003) applied for conditions at the low accumulation Dome C site for the last glacial transition.",569,1576,L2,['L3'],['L2']
486,486,486,486,571,The CO2 data are from Etheridge et al.,570,1576,L2,['L2'],['L2']
487,487,487,487,593,"Atmospheric data are from the National Oceanic and Atmospheric Administration's global air sampling network, representing global average concentrations (dry air mole fraction; Steele et al., 1992; Dlugokencky et al., 1994; Tans and Conway, 2005), and from Mauna Loa, Hawaii (Keeling and Whorf, 2005).",592,1576,L2,['L1'],['L2']
488,488,488,488,594,The globally averaged data are available from http://www.cmdl.noaa.gov/.,593,1576,L2,['L1'],['L2']
489,489,489,489,596,"Latitude-time sections of zonal mean temperature anomalies (degC) from 1900 to 2005, relative to the 1961 to 1990 mean.",595,1581,L1,['L1'],['L1']
490,490,490,490,597,"Left panels: SST annual anomalies across each ocean from HadSST2 (Rayner et al., 2006).",596,1581,L1,['L1'],['L1']
491,491,491,491,598,"Right panels: Surface temperature annual anomalies for land (top, CRUTEM3) and land plus ocean (bottom, HadCRUT3).",597,1581,L1,['L1'],['L1']
492,492,492,492,599,Values are smoothed with the 5-point fi lter to remove fl uctuations of less than about six years (see Appendix 3.A); and white areas indicate missing data.,598,1581,L1,['L3'],['L2']
493,493,493,493,600,Figure 6.13 Volume of water with a pH less than the value shown on the horizontal axis for the simulations shown in Figure 6.12 corresponding to CO2 releases from a 500 MWe power plant.,599,1601,L3,['L1'],['L3']
494,494,494,494,601,"The fixed pipe simulation produces a region with pH < -1, however, the moving ship disperses the CO2 more widely, largely avoiding pH changes of this magnitude.",600,1601,L3,['L3'],['L4']
495,495,495,495,602,"Figure 3.3: Estimates of the contributions of several forcing factors and internal variability to global mean temperature change since 1870, based on an empirical approach using multiple linear regression and energy balance models.",601,1615,L1,['L1'],['L2']
496,496,496,496,603,The top panel shows global temperature anomalies (degF) from the observations62 in black with the multiple linear regression result in red (1901-1960 base period).,602,1615,L1,['L1'],['L1']
497,497,497,497,604,The lower four panels show the estimated contribution to global mean temperature anomalies from four factors: solar variability; volcanic eruptions; internal variability related to El Nino/Southern Oscillation; and anthropogenic forcing.,603,1615,L1,['L4'],['L1']
498,498,498,498,605,The anthropogenic contribution includes a warming component from greenhouse gases concentrations and a cooling component from anthropogenic aerosols.,604,1615,L1,['L2'],['L2']
499,499,499,499,607,Figure 7.3: Relationship between simulated global annually averaged variation of net cloud radiative forcing at the top of the atmosphere and precipitable water due to CO2 doubling produced in simulations with different parametrizations of cloud related processes.,606,1626,L2,['L4'],['L2']
500,500,500,500,608,"Results are from Colman and McAvaney (1995) denoted by triangles, Meleshko et al.",607,1626,L2,['L1'],['L1']
501,501,501,501,609,"(2000) denoted by open circles, and Yao and Del Genio (1999) denoted by diamonds.",608,1626,L2,['L1'],['L1']
502,502,502,502,610,"Figure 1.10 | Comparison of observed and simulated change in continental surface temperatures on land (yellow panels), Arctic and Antarctic September sea ice extent (white panels), and upper ocean heat content in the major ocean basins (blue panels).",609,1633,L2,['L1'],['L2']
503,503,503,503,611,Global average changes are also given.,610,1633,L2,['L1'],['L2']
504,504,504,504,612,"Anomalies are given relative to 1880-1919 for surface temperatures, to 1960-1980 for ocean heat content, and to 1979-1999 for sea ice.",611,1633,L2,['L2'],['L2']
505,505,505,505,613,"All time series are decadal averages, plotted at the centre of the decade.",612,1633,L2,['L1'],['L2']
506,506,506,506,614,"For temperature panels, observations are dashed lines if the spatial coverage of areas being examined is below 50%.",613,1633,L2,['L3'],['L2']
507,507,507,507,615,"For ocean heat content and sea ice panels, the solid lines are where the coverage of data is good and higher in quality, and the dashed lines are where the data coverage is only adequate, and, thus, uncertainty is larger (note that different lines indicate different data sets; for details, see WGI Figure SPM.6).",614,1633,L2,['L3'],"['L2', 'L4']"
508,508,508,508,616,"Model results shown are Coupled Model Intercomparison Project Phase 5 (CMIP5) multi-model ensemble ranges, with shaded bands indicating the 5 to 95% confidence intervals.",615,1633,L2,['L1'],['L2']
509,509,509,509,619,"Changes (ratio 2071-2100 / 1961-1990 for the A2 scenario) in domain-mean precipitation diagnostics in the PRUDENCE simulations in southern Scandinavia (5degE-20degE, 55degN-62degN) and central Europe (5degE-15degE, 48degN-54degN) in winter (top) and in summer (bottom).",618,1659,L1,['L2'],['L2']
510,510,510,510,620,fre = wet-day frequency; mea = mean seasonal precipitation; int = mean wet-day precipitation; q90 = 90th percentile of wet-day precipitation; x1d.5 and x1d.50 = 5- and 50-year return values of one-day precipitation; x5d.5 and x5d.50 = 5- and 50-year return values of fi ve-day precipitation.,619,1659,L1,['L1'],['L1']
511,511,511,511,621,"For each of the eight models, the vertical bar gives the 95% confi dence interval associated with sampling uncertainty (redrawn from Frei et al., 2006).",620,1659,L1,['L3'],['L2']
512,512,512,512,622,"Models are the Hadley Centre Atmospheric Model (HadAM3H), the Climate High Resolution Model (CHRM), the climate version of the 'Lokalmodell' (CLM), the Hadley Centre Regional Model (HadRM3H and HadRM3P), the combination of the High-Resolution Limited Area Model (HIRLAM) and the European Centre Hamburg (ECHAM4) GCM (HIRHAM), the regional climate model REMO, and the Rossby Centre regional Atmosphere-Ocean model (RCAO).",621,1659,L1,['L1'],['L2']
513,513,513,513,624,Radiative forcings and simulated temperatures during the last 1.1 kyr.,623,1697,L2,['L1'],['L2']
514,514,514,514,625,"Global mean radiative forcing (W m-2) used to drive climate model simulations due to (a) volcanic activity, (b) solar irradiance variations and (c) all other forcings (which vary between models, but always include greenhouse gases, and, except for those with dotted lines after 1900, tropospheric sulphate aerosols).",624,1697,L2,['L3'],['L2']
515,515,515,515,626,"(d) Annual mean NH temperature (degC) simulated under the range of forcings shown in (a) to (c), compared with the concentration of overlapping NH temperature reconstructions (shown by grey shading, modifi ed from Figure 6.10c to account for the 1500 to 1899 reference period used here).",625,1697,L2,['L1'],['L2']
516,516,516,516,627,All forcings and temperatures are expressed as anomalies from their 1500 to 1899 means and then smoothed with a Gaussian-weighted fi lter to remove fl uctuations on time scales less than 30 years; smoothed values are obtained up to both ends of each record by extending the records with the mean of the adjacent existing values.,626,1697,L2,['L3'],['L2']
517,517,517,517,629,Figure 6.8: Time evolution of global mean radiative forcing from pre-industrial times (1750) to present.,628,1711,L2,['L1'],['L2']
518,518,518,518,630,"Annual mean radiative forcing values are shown, except for stratospheric aerosols of volcanic origin where a three-year running mean is used.",629,1711,L2,['L3'],['L2']
519,519,519,519,631,"Radiative forcings due to (a) well-mixed greenhouse gases, tropospheric O3, and stratospheric O3, (b) direct effect of sulphate aerosols, fossil fuel organic and black carbon aerosols, and biomass burning aerosols, (c) solar irradiance variations from Lean et al.",630,1711,L2,['L4'],['L2']
520,520,520,520,635,"Figure 13.2: Ocean heat content changes from 1960 to 2015 for different ocean basins for 0 to 2,000 m depths.",634,1712,L2,['L2'],['L2']
521,521,521,521,636,"Time series is relative to the 1997-1999 base period and smoothed by a 12-month running filter by Cheng et al.6 The curves are additive, and the ocean heat content changes in different ocean basins are shaded in different colors (Figure source: Cheng et al.",635,1712,L2,['L1'],['L2']
522,522,522,522,638,"Figure 2.23 | (a) The global primary energy supply from biomass in long-term scenarios; (b) global biofuels production in long-term scenarios reported in secondary energy terms of the delivered product (median, 25th to 75th percentile range and full range of scenario results; colour coding is based on categories of atmospheric CO2 concentration levels in 2100; the number of scenarios underlying the fi gure is indicated in the right upper corner) (adapted from Krey and Clarke, 2011).",637,1715,L1,['L1'],['L2']
523,523,523,523,639,"For comparison, the historic levels in 2008 are indicated by the small black arrows on the left axis.",638,1715,L1,['L1'],['L1']
524,524,524,524,640,Figure 9.15: Comparison of estimates of mitigation potential in previous IPCC reports (blue) and the current report (in red).,639,1718,L2,['L1'],['L2']
525,525,525,525,641,"Figure 1.7 | Total anthropogenic greenhouse gas (GHG) emissions (gigatonne of CO2equivalent per year, GtCO2-eq/yr) from economic sectors in 2010.",640,1726,L2,['L1'],['L2']
526,526,526,526,642,The circle shows the shares of direct GHG emissions (in % of total anthropogenic GHG emissions) from five economic sectors in 2010.,641,1726,L2,['L1'],['L2']
527,527,527,527,643,The pull-out shows how shares of indirect CO2 emissions (in % of total anthropogenic GHG emissions) from electricity and heat production are attributed to sectors of final energy use.,642,1726,L2,['L3'],['L2']
528,528,528,528,644,"'Other energy' refers to all GHG emission sources in the energy sector as defined in WGIII Annex II, other than electricity and heat production {WGIII Annex II.9.1}.",643,1726,L2,['L1'],['L2']
529,529,529,529,645,"The emission data on agriculture, forestry and other land use (AFOLU) includes land-based CO2 emissions from forest fires, peat fires and peat decay that approximate to net CO2 flux from the sub-sectors of forestry and other land use (FOLU) as described in Chapter 11 of the WGIII report.",644,1726,L2,['L1'],['L2']
530,530,530,530,646,"Emissions are converted into CO2-equivalents based on 100-year Global Warming Potential (GWP100), taken from the IPCC Second Assessment Report (SAR).",645,1726,L2,['L1'],['L2']
531,531,531,531,649,"Figure 4.1: (a) Change in CH4 abundance (mole fraction, in ppb = 10-9) determined from ice cores, firn, and whole air samples plotted for the last 1,000 years.",648,1748,L2,['L1'],['L2']
532,532,532,532,658,"Radiative forcing, approximated by a linear scale since the pre-industrial era, is plotted on the right axis.",657,1748,L2,['L1'],['L2']
533,533,533,533,659,"(b) Globally averaged CH4 (monthly varying) and deseasonalised CH4 (smooth line) abundance plotted for 1983 to 1999 (Dlugokencky et al., 1998).",658,1748,L2,['L1'],['L2']
534,534,534,534,660,"(c) Instantaneous annual growth rate (ppb/yr) in global atmospheric CH4 abundance from 1983 through 1999 calculated as the derivative of the deseasonalised trend curve above (Dlugokencky et al., 1998).",659,1748,L2,['L1'],['L2']
535,535,535,535,661,Uncertainties (dotted lines) are +-1 standard deviation.,660,1748,L2,['L2'],['L1']
536,536,536,536,662,"(d) Comparison of Greenland (GRIP) and Antarctic (D47 and Byrd) CH4 abundances for the past 11.5 kyr (Chappellaz et al., 1997).",661,1748,L2,['L1'],['L2']
537,537,537,537,663,The shaded area is the pole-topole difference where Antarctic data exist.,662,1748,L2,['L1'],['L1']
538,538,538,538,664,"(e) Atmospheric CH4 abundances (black triangles) and temperature anomalies with respect to mean recent temperature (grey diamonds) determined for the past 420 kyr from an ice core drilled at Vostok Station in East Antarctica (Petit et al., 1999).",663,1748,L2,['L1'],['L2']
539,539,539,539,665,"Figure 11: (a) Change in CH4 abundance (mole fraction, in ppb = 10−9) determined from ice cores, firn, and whole air samples plotted for the last 1000 years.",664,1748,L2,['L1'],['L2']
540,540,540,540,666,"Radiative forcing, approximated by a linear scale since the pre-industrial era, is plotted on the right axis.",665,1748,L2,['L1'],['L2']
541,541,541,541,667,(b) Globally averaged CH4 (monthly varying) and deseasonalised CH4 (smooth line) abundance plotted for 1983 to 1999.,666,1748,L2,['L1'],['L2']
542,542,542,542,668,(c) Instantaneous annual growth rate (ppb/yr) in global atmospheric CH4 abundance from 1983 through 1999 calculated as the derivative of the deseasonalised trend curve above.,667,1748,L2,['L1'],['L2']
543,543,543,543,669,Uncertainties (dotted lines) are ±1 standard deviation.,668,1748,L2,['L2'],['L1']
544,544,544,544,671,Figure 2.1 | Pathways classification overview.,670,1749,L1,['L1'],['L2']
545,545,545,545,672,"(a) Average global mean temperature increase relative to 2010 as projected by FAIR and MAGICC in 2030, 2050 and 2100; (b) response of peak warming to cumulative CO2 emissions until net zero by MAGICC (red) and FAIR (blue); (c) decadal rate of average global mean temperature change from 2081 to 2100 as a function of the annual CO2 emissions averaged over the same period as given by FAIR (transparent squares) and MAGICC (filled circles).",671,1749,L1,['L1'],['L2']
546,546,546,546,673,"In panel (a), horizontal lines at 0.63°C and 1.13°C are indicative of the 1.5°C and 2°C warming thresholds with the respect to 1850–1900, taking into account the assessed historical warming of 0.87°C ±0.12°C between the 1850–1900 and 2006–2015 periods (Chapter 1, Section 1.2.1).",672,1749,L1,['L1'],['L2']
547,547,547,547,674,"In panel (a), vertical lines illustrate both the physical and the scenario uncertainty as captured by MAGICC and FAIR and show the minimal warming of the 5th percentile of projected warming and the maximal warming of the 95th percentile of projected warming per scenario class.",673,1749,L1,['L1'],['L2']
548,548,548,548,675,"Boxes show the interquartile range of mean warming across scenarios, and thus represent scenario uncertainty only.",674,1749,L1,['L3'],['L1']
549,549,549,549,676,"Figure 9.7: (a) The global mean, the maximum and minimum simulated by the respective models and the standard deviation for the CMIP2 experiments at the time of CO2-doubling and for the DDC experiments during the years 2021 to 2050 relative to the years 1961 to 1990 for temperature (top) (Unit: degC) and precipitation (bottom) (Unit: %).",675,1750,L2,['L1'],['L2']
550,550,550,550,677,"G: greenhouse gases only, GS: greenhouse gases and sulphate aerosols.",676,1750,L2,['L1'],['L1']
551,551,551,551,679,"(b) The global mean, the maximum and minimum simulated by the respective models and the standard deviation for the SRES scenario experiments A2 and B2 performed by the AOGCMs, for the years 2021 to 2050 and 2071 to 2100 relative to the years 1961 to 1990 for temperature (top) (Unit: degC) and precipitation (bottom) (Unit: %).",678,1750,L2,['L1'],['L2']
552,552,552,552,682,"(a) Multi-model mean of the regression of the leading EOF of ensemble mean Northern Hemisphere sea level pressure (NH SLP, thin red line).",681,1751,L2,['L1'],['L2']
553,553,553,553,683,The time series of regression coeffi cients has zero mean between year 1900 and 1970.,682,1751,L2,['L2'],['L2']
554,554,554,554,684,The thick red line is a 10-year low-pass fi ltered version of the mean.,683,1751,L2,['L3'],['L1']
555,555,555,555,685,The grey shading represents the intermodel spread at the 95% confi dence level and is fi ltered.,684,1751,L2,['L1'],['L1']
556,556,556,556,686,A fi ltered version of the observed SLP from the Hadley Centre (HadSLP1) is shown in black.,685,1751,L2,['L1'],['L1']
557,557,557,557,687,"The regression coeffi cient for the winter following a major tropical eruption is marked by red, blue and black triangles for the multi-model mean, the individual model mean and observations, respectively.",686,1751,L2,['L1'],['L1']
558,558,558,558,688,(b) As in (a) for Southern Hemisphere SLP for models with (red) and without (blue) ozone forcing.,687,1751,L2,['L3'],['L1']
559,559,559,559,691,"Figure 13.1: Example of the stages in the formation of a simple climate scenario for temperature using Poza Rica (20.3deg N, 97.3deg W) as a typical site used in the Mexican part of the Rosenzweig and Parry (1994) study.",690,1755,L1,['L1'],['L2']
560,560,560,560,692,"(a) Mean monthly differences () (2xCO2 minus control) of average temperature (degC) as calculated from the control and 2xCO2 runs of the Geophysical Fluid Dynamics Laboratory (GFDL) GCM (Manabe and Wetherald, 1987) for the model grid box that includes the geographic location of Poza Rica.",691,1755,L1,['L1'],['L2']
561,561,561,561,693,The climate model spatial resolution is 4.4deg latitude by 7.5deg longitude.,692,1755,L1,['L1'],['L2']
562,562,562,562,694,(b) The average 17-year (1973 to 1989) observed mean monthly maximum temperature for Poza Rica (solid line) and the 2xCO2 mean monthly maximum temperature produced by adding the differences portrayed in (a) to this baseline (dashed line).,693,1755,L1,['L1'],['L2']
563,563,563,563,695,"The crop models, however, require daily climate data for input.",694,1755,L1,['L3'],['L4']
564,564,564,564,696,(c) A sample of one year's (1975) observed daily maximum temperature data (solid line) and the 2xCO2 daily values created by adding the monthly differences in a) to the daily data (dashed line).,695,1755,L1,['L1'],['L2']
565,565,565,565,697,"Thus, the dashed line is the actual daily maximum temperature time-series describing future climate that was used as one of the weather inputs to the crop models for this study and for this location (see Liverman et al., 1994 for further details).",696,1755,L1,['L1'],['L1']
566,566,566,566,699,Global GHG emissions (in GtCO2-eq per year) in the absence of additional climate policies: six illustrative SRES marker scenarios (coloured lines) and 80th percentile range of recent scenarios published since SRES (post-SRES) (gray shaded area).,698,1757,L2,['L1'],['L2']
567,567,567,567,700,Dashed lines show the full range of postSRES scenarios.,699,1757,L2,['L1'],['L1']
568,568,568,568,701,"The emissions include CO2, CH4, N2O and F-gases.",700,1757,L2,['L2'],['L2']
569,569,569,569,703,"Figure 9.11 | Illustrative estimates of direct and indirect LUC-related GHG emissions induced by several fi rst-generation biofuel pathways, reported here as ranges in central tendency and total reported uncertainty.",702,1761,L2,['L1'],['L2']
570,570,570,570,704,Estimates reported here combine several different uncertainty calculation methods and central tendency measures and assume a 30-year time frame.,703,1761,L2,['L3'],['L2']
571,571,571,571,705,"Reported under the x-axis is the number of references with results falling within these ranges (Sources: Searchinger et al., 2008; Al-Riffai et al., 2010; EPA, 2010b; Fritsche et al., 2010; Hertel et al., 2010; Tyner et al., 2010).",704,1761,L2,['L2'],['L2']
572,572,572,572,706,Figure 10.11: Examples of seasonal precipitation anomalies simulated with RCMs driven by analyses of observations over different regions.,705,1777,L2,['L1'],['L2']
573,573,573,573,707,In all cases the anomalies are calculated as the difference between the precipitation of an individual season and the average for the seasonal value for the entire simulation.,706,1777,L2,['L3'],['L2']
574,574,574,574,709,The three pairs of observed (hollow bars) and simulated (solid bars) anomalies for each season are grouped in sequential order from 1993 to 1996.,708,1777,L2,['L1'],['L2']
575,575,575,575,710,"Units are percentage of the three-year seasonal average (from Giorgi and Shields, 1999, Figure 9).",709,1777,L2,['L3'],['L2']
576,576,576,576,711,"(b) Precipitation anomalies for twelve short-rains periods over Tanzania for the October-December season: (top) model simulation, and (bottom) observations.",710,1777,L2,['L1'],['L2']
577,577,577,577,712,Units are mm.,711,1777,L2,['L1'],['L2']
578,578,578,578,714,Figure 2-4: Simulating the Earth's temperature variations and comparing the results to the measured changes can provide insight into the underlying causes of the major changes.,713,1779,L2,['L4'],['L2']
579,579,579,579,715,A climate model can be used to simulate the temperature changes that occur from both natural and anthropogenic causes.,714,1779,L2,['L4'],['L4']
580,580,580,580,716,The simulations represented by the band in (a) were done with only natural forcings: solar variation and volcanic activity.,715,1779,L2,['L3'],['L2']
581,581,581,581,717,Those encompassed by the band in (b) were done with anthropogenic forcings: greenhouse gases and an estimate of sulfate aerosols.,716,1779,L2,['L1'],['L2']
582,582,582,582,718,Those encompassed by the band in (c) were done with both natural and anthropogenic forcings included.,717,1779,L2,['L3'],['L2']
583,583,583,583,719,"From (b), it can be seen that the inclusion of anthropogenic forcings provides a plausible explanation for a substantial part of the observed temperature changes over the past century, but the best match with observations is obtained in (c) when both natural and anthropogenic factors are included.",718,1779,L2,['L4'],['L3']
584,584,584,584,720,"These results show that the forcings included are sufficient to explain the observed changes, but do not exclude the possibility that other forcings may also have contributed.",719,1779,L2,['L4'],['L4']
585,585,585,585,721,Similar results to those in (b) are obtained with other models with anthropogenic forcing.,720,1779,L2,['L3'],['L4']
586,586,586,586,722,Figure 7.6: Regional extreme precipitation event frequency for a lower scenario (RCP4.5) (green; 16 CMIP5 models) and the higher scenario (RCP8.5) (blue; 14 CMIP5 models) for a 2-day duration and 5-year return.,721,1790,L2,['L1'],['L2']
587,587,587,587,723,Calculated for 2006-2100 but decadal anomalies begin in 2011.,722,1790,L2,['L3'],['L3']
588,588,588,588,724,"Error bars are +-1 standard deviation; standard deviation is calculated from the 14 or 16 model values that represent the aggregated average over the regions, over the decades, and over the ensemble members of each model.",723,1790,L2,['L1'],['L2']
589,589,589,589,725,The average frequency for the historical reference period is 0.2 by definition and the values in this graph should be interpreted with respect to a comparison with this historical average value.,724,1790,L2,['L3'],['L2']
590,590,590,590,729,"Scatter plot of simulated springtime Das/DTs values in climate change (ordinate) vs simulated springtime Das/DTs values in the seasonal cycle (abscissa) in transient climate change experiments with 17 AOGCMs used in this report (Das and Ts are surface albedo and surface air temperature, respectively).",728,1802,L2,['L1'],['L2']
591,591,591,591,730,The climate change Das/DTs values are the reduction in springtime surface albedo averaged over Northern Hemisphere continents between the 20th and 22nd centuries divided by the increase in surface air temperature in the region over the same time period.,729,1802,L2,['L1'],['L2']
592,592,592,592,731,Seasonal cycle Das/DTs values are the difference between 20th-century mean April and May as averaged over Northern Hemisphere continents divided by the difference between April and May Ts averaged over the same area and time period.,730,1802,L2,['L1'],['L2']
593,593,593,593,732,A least-squares fi t regression line for the simulations (solid line) and the observed seasonal cycle Das/DTs value based on ISCCP and ERA40 reanalysis (dashed vertical line) are also shown.,731,1802,L2,['L1'],['L2']
594,594,594,594,733,"The grey bar gives an estimate of statistical error, according to a standard formula for error in the estimate of the mean of a time series (in this case the observed time series of Das/DTs) given the time series' length and variance.",732,1802,L2,['L3'],['L2']
595,595,595,595,734,"If this statistical error only is taken into account, the probability that the actual observed value lies outside the grey bar is 5%.",733,1802,L2,['L3'],['L4']
596,596,596,596,737,Figure 3.2: Observed global mean temperature trend (black bar) and attributable warming or cooling influences of anthropogenic and natural forcings over 1951-2010.,736,1803,L2,['L1'],['L2']
597,597,597,597,738,"Observations are from HadCRUT4, along with observational uncertainty (5% to 95%) error bars.62 Likely ranges (bar-whisker plots) and midpoint values (colored bars) for attributable forcings are from IPCC AR5.1.",737,1803,L2,['L1'],['L2']
598,598,598,598,739,"GHG refers to well-mixed greenhouse gases, OA to other anthropogenic forcings, NAT to natural forcings, and ANT to all anthropogenic forcings combined.",738,1803,L2,['L1'],['L2']
599,599,599,599,740,"Likely ranges are broader for contributions from well-mixed greenhouse gases and for other anthropogenic forcings, assessed separately, than for the contributions from all anthropogenic forcings combined, as it is more difficult to quantitatively constrain the separate contributions of the various anthropogenic forcing agents.",739,1803,L2,['L4'],"['L2', 'L4']"
600,600,600,600,745,Historical variations in the monthly areal extent (106 km2) of seasonally frozen ground (including the active layer over permafrost) for the period from 1901 through 2002 in the NH.,744,1818,L2,['L1'],['L2']
601,601,601,601,746,"The positive anomaly (blue) represents aboveaverage monthly extent, while the negative anomaly (red) represents below-average extent.",745,1818,L2,['L1'],['L1']
602,602,602,602,747,"The time series is smoothed with a low-pass fi lter (after Zhang et al., 2003).",746,1818,L2,['L3'],['L2']
603,603,603,603,748,"Figure 2.23 | Comparison of (a) final energy, (b) direct CO2 emissions, (c) carbon intensity, (d) electricity and biofuel consumption in the transport sector between IAM and sectoral studies.",747,1821,L2,['L1'],['L2']
604,604,604,604,749,The squares and circles indicate the IAM archetype pathways and diamonds the data of sectoral scenarios.,748,1821,L2,['L1'],['L1']
605,605,605,605,750,The red dotted line indicates the 2010 level.,749,1821,L2,['L1'],['L1']
606,606,606,606,751,"H2DS = Higher-2degC, L2DS = Lower-2degC, 1.5DS-H = 1.5degC-high-OS, 1.5DS-L = 1.5degC-low-OS.",750,1821,L2,['L2'],['L1']
607,607,607,607,752,The label 1.5DS combines both high and low overshoot 1.5degC-consistent pathways.,751,1821,L2,['L3'],['L2']
608,608,608,608,755,Estimates used to evaluate trends in weighted global average OH concentrations.,754,1838,L2,['L1'],['L2']
609,609,609,609,756,(A) and (B): comparison of 1980 to 1999 OH anomalies (relative to their longterm means) inferred by Bousquet et al.,755,1838,L2,['L3'],['L2']
610,610,610,610,761,(2005) refer to 1 standard deviation inversion errors while yellow areas refer to the envelope of their 18 OH inversions.,760,1838,L2,['L1'],['L1']
611,611,611,611,762,(C) OH concentrations for 1979 to 2003 inferred by Prinn et al.,761,1838,L2,['L2'],['L2']
612,612,612,612,763,"(2005a) (utilising industry emissions corrected using recent methyl chloroform observations), showing the recovery of 2003 OH levels to 1979 levels; also shown are results assuming uncorrected emissions and estimates of recent oceanic re-emissions.",762,1838,L2,['L1'],['L2']
613,613,613,613,765,"(2001, 2005a) are 1 standard deviation and include inversion, model, emission and calibration errors from large Monte Carlo ensembles (see Section 2.3.5 for details and references).",764,1838,L2,['L3'],['L2']
614,614,614,614,767,"The difference between CO2 concentration in the NH and SH (y axis), computed as the difference between annual mean concentrations (ppm) at Mauna Loa and the South Pole (Keeling and Whorf, 2005, updated), compared with annual fossil fuel emissions (x axis; GtC; Marland, et al., 2006), with a line showing the best fi t. The observations show that the north-south difference in CO2 increases proportionally with fossil fuel use, verifying the global impact of human-caused emissions.",766,1839,L1,['L3'],"['L2', 'L3']"
615,615,615,615,769,"Observed (Climatic Research Unit TS 2.1; Mitchell and Jones, 2005) Sahel July to September rainfall for each year (black), compared to an ensemble mean of 10 simulations of the atmospheric/land component of the GFDL-CM2.0 model (see Table 8.1 for model details) forced with observed SSTs (red).",768,1845,L2,['L1'],['L2']
616,616,616,616,770,Both model and observations are normalized to unit mean over 1950-2000.,769,1845,L2,['L3'],['L2']
617,617,617,617,771,The grey band represents +-1 standard deviation of intra-ensemble variability.,770,1845,L2,['L2'],['L1']
618,618,618,618,775,"Annual total land (excluding the USA and Canada) cloud cover (black) and precipitation (red) anomalies from 1976 to 2003 over global (60degS-75degN), NH and SH regions, with the correlation coeffi cient (r) shown at the top.",774,1861,L2,['L1'],['L2']
619,619,619,619,776,The cloud cover is derived by gridding and area-averaging synoptic observations and the precipitation is updated from Chen et al.,775,1861,L2,['L1'],['L2']
620,620,620,620,778,"Typical 5 to 95% error bars for each decade are estimates using inter-grid-box variations (from Dai et al., 2006).",777,1861,L2,['L3'],['L2']
621,621,621,621,779,"Figure 3.4: Partitioning of fossil fuel CO2 uptake using O2 measurements (Keeling and Shertz, 1992; Keeling et al., 1993; Battle et al., 1996, 2000; Bender et al., 1996; Keeling et al., 1996b; Manning, 2001).",778,1874,L2,['L1'],['L2']
622,622,622,622,780,The graph shows the relationship between changes in CO2 (horizontal axis) and O2 (vertical axis).,779,1874,L2,['L1'],['L2']
623,623,623,623,781,"Observations of annual mean concentrations of O2, centred on January 1, are shown from the average of the Alert and La Jolla monitoring stations (Keeling et al., 1996b; Manning, 2001; solid circles) and from the average of the Cape Grim and Point Barrow monitoring stations (Battle et al., 2000; solid triangles).",780,1874,L2,['L1'],['L2']
624,624,624,624,782,"The records from the two laboratories, which use different reference standards, have been shifted to optimally match during the mutually overlapping period.",781,1874,L2,['L3'],['L2']
625,625,625,625,783,"The CO2 observations represent global averages compiled from the stations of the NOAA network (Conway et al., 1994) with the methods of Tans et al.",782,1874,L2,['L1'],['L2']
626,626,626,626,785,"The arrow labelled 'fossil fuel burning' denotes the effect of the combustion of fossil fuels (Marland et al., 2000; British Petroleum, 2000) based on the relatively well known O2:CO2 stoichiometric relation of the different fuel types (Keeling, 1988).",784,1874,L2,['L3'],['L1']
627,627,627,627,786,"Uptake by land and ocean is constrained by the known O2:CO2 stoichiometric ratio of these processes, defining the slopes of the respective arrows.",785,1874,L2,['L1'],['L2']
628,628,628,628,787,A small correction is made for differential outgassing of O2 and N2 with the increased temperature of the ocean as estimated by Levitus et al.,786,1874,L2,['L3'],['L2']
629,629,629,629,789,"Figure 6.25 Preliminary investigations into the change of bacteria, nanobenthos and meiobenthos abundance after exposure to 20,000 and 5,000 ppm CO2 for 77 to 375 hr during three experiments carried out at 2,000 m depth in Nankai Trough, north-western Pacific.",788,1894,L2,['L1'],['L2']
630,630,630,630,790,Error bars represent one standard deviation (Ishida et al.,789,1894,L2,['L2'],['L1']
631,631,631,631,792,"Figure 11-7 | Illustrative co-benefits comparison of the health and climate cost-effectiveness of selected household, transport, and power sector interventions (Smith and Haigler, 2008).",791,1911,L2,['L1'],['L2']
632,632,632,632,793,"Area of each circle denotes the total social benefit in international dollars (Int$) from the combined value of carbon offsets (valued at 10$/tCO2-eq (tons of carbon dioxide equivalent)) and averted disability-adjusted life years (DALYs; $7450/DALY, which is representative of valuing each DALY at the average world gross domestic product (PPP) per capita in 2000).",792,1911,L2,['L1'],['L2']
633,633,633,633,794,"The vertical lines shows the range of the cut offs for cost-effective (solid lines) and very cost-effective (dashed lines) health interventions in India (red lines) and China (purple lines) using the WHO CHOICE (CHOosing Interventions that are Cost-Effective) criteria (WHO, 2003).",793,1911,L2,['L1'],['L2']
634,634,634,634,795,"This figure evaluates only a small subset of all co-benefits opportunities, and thus should not be considered either current or complete.",794,1911,L2,['L3'],['L4']
635,635,635,635,796,"It does illustrate, however, the kind of comparisons that can help distinguish and prioritize options.",795,1911,L2,['L4'],['L4']
636,636,636,636,797,"Note that even with the log-log scaling, there are big differences among them.",796,1911,L2,['L3'],['L3']
637,637,637,637,802,"Linear trends in precipitable water (total column water vapour) in % per decade (top) and monthly time series of anomalies relative to the 1988 to 2004 period in % over the global ocean plus linear trend (bottom), from RSS SSM/I (updated from Trenberth et al., 2005a).",801,1915,L2,['L1'],['L2']
638,638,638,638,803,Figure 10: Variations in atmospheric CO2 concentration on different time-scales.,802,1917,L2,['L1'],['L2']
639,639,639,639,804,(a) Direct measurements of atmospheric CO2.,803,1917,L2,['L1'],['L2']
640,640,640,640,805,(b) CO2 concentration in Antarctic ice cores for the past millenium.,804,1917,L2,['L1'],['L2']
641,641,641,641,806,Recent atmospheric measurements (Mauna Loa) are shown for comparison.,805,1917,L2,['L1'],['L2']
642,642,642,642,807,(c) CO2 concentration in the Taylor Dome Antarctic ice core.,806,1917,L2,['L1'],['L2']
643,643,643,643,808,(d) CO2 concentration in the Vostok Antarctic ice core.,807,1917,L2,['L2'],['L2']
644,644,644,644,809,(Different colours represent results from different studies.),808,1917,L2,['L1'],['L1']
645,645,645,645,810,(e to f) Geochemically inferred CO2 concentrations.,809,1917,L2,['L1'],['L2']
646,646,646,646,811,(Coloured bars and lines represent different published studies) (g) Annual atmospheric increases in CO2.,810,1917,L2,['L1'],['L1']
647,647,647,647,812,Monthly atmospheric increases have been filtered to remove the seasonal cycle.,811,1917,L2,['L3'],['L2']
648,648,648,648,813,Vertical arrows denote El Nino events.,812,1917,L2,['L1'],['L1']
649,649,649,649,814,A horizontal line defines the extended El Nino of 1991 to 1994.,813,1917,L2,['L1'],['L1']
650,650,650,650,817,"Sea ice extent anomalies (computed relative to the mean of the entire period) for (a) the NH and (b) the SH, based on passive microwave satellite data.",816,1925,L2,['L1'],['L2']
651,651,651,651,818,Symbols indicate annual mean values while the smooth blue curves show decadal variations (see Appendix 3.A).,817,1925,L2,['L1'],['L1']
652,652,652,652,819,Linear trend lines are indicated for each hemisphere.,818,1925,L2,['L1'],['L3']
653,653,653,653,820,"For the Arctic, the trend is -33 +- 7.4 x 103 km2 yr-1 (equivalent to approximately -2.7% per decade), whereas the Antarctic results show a small positive trend of 5.6 +- 9.2 x 103 km2 yr-1.",819,1925,L2,['L2'],['L3']
654,654,654,654,821,"The negative trend in the NH is signifi cant at the 90% confi dence level whereas the small positive trend in the SH is not signifi cant (updated from Comiso, 2003).",820,1925,L2,['L3'],['L4']
655,655,655,655,822,"Figure 7.1: CO2 reduction potential of eight energy saving technologies in 2030 CDQ = Coke Dry Quenching, HS = Hot Stove, TRT = Top Pressure Recovery Turbine, SC = Sinter Cooling, CC = Continuous Casting, SP = Sinter Plant, BOFG = Basic Oxygen Furnace Gas, ME = Main Exhaust, WH = Waste Heat",821,1945,L1,['L1'],['L1']
656,656,656,656,824,"Contribution of external forcing to several high-variance reconstructions of NH temperature anomalies, (Esper et al., 2002; Briffa et al., 2001; Hegerl et al., 2007, termed CH-blend and CH-blend long; and Moberg et al., 2005).",823,1946,L2,['L3'],['L2']
657,657,657,657,825,"The top panel compares reconstructions to an EBM simulation (equilibrium climate sensitivity of 2.5degC) of NH 30degN to 90degN average temperature, forced with volcanic, solar and anthropogenic forcing.",824,1946,L2,['L1'],['L2']
658,658,658,658,826,All timeseries are centered on the 1500-1925 average.,825,1946,L2,['L3'],['L2']
659,659,659,659,827,Instrumental temperature data are shown by a green line (centered to agree with CH-blend average over the period 1880-1960).,826,1946,L2,['L1'],['L1']
660,660,660,660,828,The displayed data are low-pass fi ltered (20-year cutoff) for clarity.,827,1946,L2,['L1'],['L2']
661,661,661,661,829,"The bottom panel shows the estimated contribution of the response to volcanic (blue lines with blue uncertainty shade), solar (green) and greenhouse gas (GHG) and aerosol forcing (red line with yellow shades, aerosol only in 20th century) to each reconstruction (all timeseries are centered over the analysis period).",828,1946,L2,['L1'],['L2']
662,662,662,662,830,The estimates are based on multiple regression of the reconstructions on fi ngerprints for individual forcings.,829,1946,L2,['L2'],['L2']
663,663,663,663,831,The contributions to different reconstructions are indicated by different line styles (Briffa et al.,830,1946,L2,['L3'],['L1']
664,664,664,664,834,"All reconstructions show a highly signifi cant volcanic signal, and all but Moberg et al.",833,1946,L2,['L3'],['L2']
665,665,665,665,835,(which ends in 1925) show a detectable greenhouse gas signal at the 5% signifi cance level.,834,1946,L2,['L3'],['L3']
666,666,666,666,836,The latter shows a detectable greenhouse gas signal with less signifi cance.,835,1946,L2,['L3'],['L3']
667,667,667,667,838,"contains a detectable solar signal (only shown for these data and CH-blend, where it is not detectable).",837,1946,L2,['L3'],['L2']
668,668,668,668,839,All data are decadally averaged.,838,1946,L2,['L3'],['L2']
669,669,669,669,840,The reconstructions represent slightly different regions and seasons: Esper et al.,839,1946,L2,['L3'],['L2']
670,670,670,670,841,"(2002) is calibrated to 30degN to 90degN land temperature, CH-blend and CH-blend long (Hegerl et al., 2007) to 30degN to 90degN mean temperature and Moberg et al.",840,1946,L2,['L2'],['L2']
671,671,671,671,846,"Changes in extremes based on multi-model simulations from nine global coupled climate models, adapted from Tebaldi et al.",845,1947,L1,['L1'],['L2']
672,672,672,672,848,"(a) Globally averaged changes in precipitation intensity (defi ned as the annual total precipitation divided by the number of wet days) for a low (SRES B1), middle (SRES A1B) and high (SRES A2) scenario.",847,1947,L1,['L1'],['L2']
673,673,673,673,849,(b) Changes in spatial patterns of simulated precipitation intensity between two 20-year means (2080-2099 minus 1980-1999) for the A1B scenario.,848,1947,L1,['L2'],['L2']
674,674,674,674,850,(c) Globally averaged changes in dry days (defi ned as the annual maximum number of consecutive dry days).,849,1947,L1,['L1'],['L1']
675,675,675,675,851,(d) Changes in spatial patterns of simulated dry days between two 20-year means (2080-2099 minus 1980-1999) for the A1B scenario.,850,1947,L1,['L2'],['L2']
676,676,676,676,852,Solid lines in (a) and (c) are the 10-year smoothed multi-model ensemble means; the envelope indicates the ensemble mean standard deviation.,851,1947,L1,['L1'],['L1']
677,677,677,677,853,Stippling in (b) and (d) denotes areas where at least fi ve of the nine models concur in determining that the change is statistically signifi cant.,852,1947,L1,['L3'],['L1']
678,678,678,678,854,Extreme indices are calculated only over land following Frich et al.,853,1947,L1,['L3'],['L2']
679,679,679,679,856,Each model's time series was centred on its 1980 to 1999 average and normalised (rescaled) by its standard deviation computed (after de-trending) over the period 1960 to 2099.,855,1947,L1,['L1'],['L2']
680,680,680,680,857,"The models were then aggregated into an ensemble average, both at the global and at the grid-box level.",856,1947,L1,['L3'],['L2']
681,681,681,681,858,"Thus, changes are given in units of standard deviations.",857,1947,L1,['L3'],['L2']
682,682,682,682,860,"Time series of freeze-up and breakup dates from several northern lakes and rivers (reprinted with permission from Magnuson et al., 2000, copyright AAAS).",859,1949,L1,['L1'],['L2']
683,683,683,683,861,Dates have been smoothed with a 10-year moving average.,860,1949,L1,['L3'],['L2']
684,684,684,684,863,"Figure 8.4: Second-order statistics of surface air temperature, sea level pressure and precipitation simulated by CMIP2 model control runs.",862,1953,L2,['L1'],['L2']
685,685,685,685,864,"The radial co-ordinate gives the magnitude of total standard deviation, normalised by the observed value, and the angular co-ordinate gives the correlation with observations.",863,1953,L2,['L1'],['L2']
686,686,686,686,865,It follows that the distance between the OBSERVED point and any model's point is proportional to the r.m.s model error (see Section 8.2).,864,1953,L2,['L3'],['L3']
687,687,687,687,866,Numbers indicate models counting from left to right in the following two figures.,865,1953,L2,['L1'],['L2']
688,688,688,688,867,Letters indicate alternate observationally based data sets compared with the baseline observations: e = 15-year ECMWF reanalysis ('ERA'); n = NCAR/NCEP reanalysis.,866,1953,L2,['L1'],['L2']
689,689,689,689,870,"Figure 4.9: (left panel) Observed versus modelled (1) HO2 abundance (ppt), (2) OH abundance (ppt), and (3) HO2/OH ratio in the upper troposphere (8 to 12 km altitude) during SONEX.",869,1963,L1,['L1'],['L1']
690,690,690,690,871,"Observations are for cloud-free, daytime conditions.",870,1963,L1,['L2'],['L2']
691,691,691,691,872,"Model calculations are constrained with local observations of the photochemical background (H2O2, CH3OOH, NO, O3, H2O, CO, CH4, ethane, propane, acetone, temperature, pressure, aerosol surface area and actinic flux).",871,1963,L1,['L1'],['L2']
692,692,692,692,873,The 1:1 line (solid) and instrumental accuracy range (dashed) are shown.,872,1963,L1,['L1'],['L1']
693,693,693,693,876,"(right panel) Observed (4) HO2 abundance (ppt), (5) OH abundance (ppt), and (6) derived O3 production rate (ppb/day) as a function of the NOx (NO+NO2) abundance (ppt).",875,1963,L1,['L1'],['L2']
694,694,694,694,879,All values are 24-hour averages.,878,1963,L1,['L2'],['L1']
695,695,695,695,880,The lines correspond to model-calculated values as a function of NOx using the median photochemical background during SONEX rather than the instantaneous values (points).,879,1963,L1,['L3'],['L1']
696,696,696,696,881,"Figure 4.12: July zonal mean increase in tropospheric O3 (ppb) as a function of latitude and altitude from Y2000 to Y2100 adopting SRES A2p projections for CH4, CO, VOC, and NOx.",880,1979,L2,['L1'],['L2']
697,697,697,697,882,Results are shown for a sample of the chemistry-transport models (CTM) participating in IPCC OxComp workshop.,881,1979,L2,['L1'],['L2']
698,698,698,698,883,Increases range from 0 to more than 80 ppb.,882,1979,L2,['L3'],['L2']
699,699,699,699,884,"Changes in the stratosphere (defined as O3 > 150 ppb in that model's Y2000 simulation) are masked off, as are also regions in the upper troposphere for some CTMs (UKMO, HGIS) where O3 is not explicitly calculated.",883,1979,L2,['L3'],['L2']
700,700,700,700,888,"First row: trends in observed temperature changes (Hadley Centre/Climatic Research Unit gridded surface temperature data set (HadCRUT3), Brohan et al., 2006).",887,2007,L2,['L1'],['L3']
701,701,701,701,889,Second row: average trends in 58 historical simulations from 14 climate models including both anthropogenic and natural forcings.,888,2007,L2,['L1'],['L2']
702,702,702,702,890,Third row: average trends in 19 historical simulations from fi ve climate models including natural forcings only.,889,2007,L2,['L1'],['L2']
703,703,703,703,891,"Grey shading in top three rows indicates regions where there are insuffi cient observed data to calculate a trend for that grid box (see Supplementary Material, Appendix 9.C for further details of data exclusion criteria).",890,2007,L2,['L1'],['L1']
704,704,704,704,892,Fourth row: average trends for each latitude; observed trends are indicated by solid black curves.,891,2007,L2,['L1'],['L2']
705,705,705,705,893,"Red shading indicates the middle 90% range of trend estimates from the 58 simulations including both anthropogenic and natural forcings (estimated as the range between 4th and 55th of the 58 ranked simulations); blue shading indicates the middle 90% range of trend estimates from the 19 simulations with natural forcings only (estimated as the range between 2nd and 18th of the 19 ranked simulations); for comparison, the dotted black curve in the right-hand plot shows the observed 1901 to 2005 trend.",892,2007,L2,['L1'],['L2']
706,706,706,706,894,Note that scales are different between columns.,893,2007,L2,['L3'],['L2']
707,707,707,707,895,The 'ALL' simulations were extended to 2005 by adding their IPCC Special Report on Emission Scenarios (SRES) A1B continuation runs where available.,894,2007,L2,['L3'],['L4']
708,708,708,708,896,"Where not available, and in the case of the 'NAT' simulations, the mean for the 1996 to 2005 decade was estimated using model output from 1996 to the end of the available runs.",895,2007,L2,['L3'],['L2']
709,709,709,709,897,"In all plots, each climate simulation was sampled so that coverage corresponds to that of the observations.",896,2007,L2,['L1'],['L2']
710,710,710,710,900,Radiative forcings and simulated temperatures during the last 1.1 kyr.,899,2008,L2,['L1'],['L2']
711,711,711,711,901,"Global mean radiative forcing (W m-2) used to drive climate model simulations due to (a) volcanic activity, (b) solar irradiance variations and (c) all other forcings (which vary between models, but always include greenhouse gases, and, except for those with dotted lines after 1900, tropospheric sulphate aerosols).",900,2008,L2,['L3'],['L2']
712,712,712,712,902,"(d) Annual mean NH temperature (degC) simulated under the range of forcings shown in (a) to (c), compared with the concentration of overlapping NH temperature reconstructions (shown by grey shading, modifi ed from Figure 6.10c to account for the 1500 to 1899 reference period used here).",901,2008,L2,['L1'],['L2']
713,713,713,713,903,All forcings and temperatures are expressed as anomalies from their 1500 to 1899 means and then smoothed with a Gaussian-weighted fi lter to remove fl uctuations on time scales less than 30 years; smoothed values are obtained up to both ends of each record by extending the records with the mean of the adjacent existing values.,902,2008,L2,['L3'],['L2']
714,714,714,714,906,"Pacifi c Decadal Oscillation: (top) SST based on the leading EOF SST pattern for the Pacifi c basin north of 20degN for 1901 to 2004 (updated; see Mantua et al., 1997; Power et al., 1999b) and projected for the global ocean (units are nondimensional); and (bottom) annual time series (updated from Mantua et al., 1997).",905,2016,L2,['L1'],['L2']
715,715,715,715,907,The smooth black curve shows decadal variations (see Appendix 3.A).,906,2016,L2,['L3'],['L1']
716,716,716,716,908,Figure 1.1: This image shows observations globally from nine different variables that are key indicators of a warming climate.,907,2018,L2,['L1'],"['L2', 'L4']"
717,717,717,717,909,The indicators (listed below) all show long-term trends that are consistent with global warming.,908,2018,L2,['L3'],['L3']
718,718,718,718,910,"In parentheses are the number of datasets shown in each graph, the length of time covered by the combined datasets and their anomaly reference period (where applicable), and the direction of the trend: land surface air temperature (4 datasets, 1850-2016 relative to 1976-2005, increase); sea surface temperature (3 datasets, 1850-2016 relative to 1976-2005, increase); sea level (4 datasets, 1880-2014 relative to 1996-2005, increase); tropospheric temperature (5 datasets, 1958-2016 relative to 1981-2005, increase); ocean heat content, upper 700m (5 datasets, 1950-2016 relative to 1996-2005, increase); specific humidity (4 datasets, 1973-2016 relative to 1980-2003, increase); Northern Hemisphere snow cover, March-April and annual (1 dataset, 1967-2016 relative to 1976-2005, decrease); arctic sea ice extent, September and annual (1 dataset, 1979-2016, decrease); glacier cumulative mass balance (1 dataset, 1980-2016, decrease).",909,2018,L2,['L1'],['L2']
719,719,719,719,914,"Figure 2.6 | Annual global emissions characteristics for 2020, 2030, 2050, 2100.",913,2025,L2,['L1'],['L2']
720,720,720,720,915,"Data are shown for (a) Kyoto-GHG emissions, and (b) global total CO2 emissions, (c) CO2 emissions from the agriculture, forestry and other land use (AFOLU) sector, (d) global N2O emissions, and (e) CO2 emissions from fossil fuel use and industrial processes.",914,2025,L2,['L1'],['L2']
721,721,721,721,916,"The latter is also split into (f) emissions from the energy supply sector (electricity sector and refineries) and (g) direct emissions from fossil-fuel use in energy demand sectors (industry, buildings, transport) (bottom row).",915,2025,L2,['L1'],['L2']
722,722,722,722,917,"Horizontal black lines show the median, boxes show the interquartile range, and whiskers the minimum-maximum range.",916,2025,L2,['L1'],['L1']
723,723,723,723,918,Icons indicate the four pathway archetypes used in this chapter.,917,2025,L2,['L1'],['L1']
724,724,724,724,919,"In case less than seven data points are available in a class, the minimum-maximum range and single data points are shown.",918,2025,L2,['L3'],['L2']
725,725,725,725,920,"Kyoto-GHG, emissions in the top panel are aggregated with AR4 GWP-100 and contain CO2, CH4, N2O, HFCs, PFCs, and SF6.",919,2025,L2,['L1'],['L2']
726,726,726,726,921,NF3 is typically not reported by IAMs.,920,2025,L2,['L3'],['L2']
727,727,727,727,922,"Scenarios with year-2010 Kyoto-GHG emissions outside the range assessed by IPCC AR5 WGIII assessed are excluded (IPCC, 2014b).",921,2025,L2,['L3'],['L2']
728,728,728,728,923,"Figure 2.3: Cloud cover (solid line) and DTR (degC, dashed line) for Europe, USA, Canada, Australia, the former Soviet Union, and eastern China (from Dai et al., 1997a).",922,2028,L2,['L1'],['L2']
729,729,729,729,924,Note that the axis for DTR has been inverted.,923,2028,L2,['L3'],['L1']
730,730,730,730,925,"Therefore, a positive correlation of cloud cover with inverted DTR indicates a negative cloud cover/DTR correlation.",924,2028,L2,['L3'],['L4']
731,731,731,731,927,"Historical and recent measurements from Lake Tanganyika, East Africa: (a) upper mixed layer (surface water) temperatures; (b) deepwater (600 m) temperatures; (c) depth of the upper mixed layer.",926,2049,L2,['L1'],['L2']
732,732,732,732,928,Triangles represent data collected by a different method.,927,2049,L2,['L1'],['L1']
733,733,733,733,929,Error bars represent standard deviations.,928,2049,L2,['L1'],['L1']
734,734,734,734,931,"Figure 2.4: Atmospheric concentrations of CO2 (top), CH4 (middle), and N2O (bottom) over the last 800,000 years (left panels) and for 1750-2015 (right panels).",930,2050,L2,['L1'],['L2']
735,735,735,735,932,Measurements are shown from ice cores (symbols with different colors for different studies) and for direct atmospheric measurements (red lines).,931,2050,L2,['L1'],['L1']
736,736,736,736,934,Figure 2.26 | Global price of carbon emissions consistent with mitigation pathways.,933,2052,L1,['L1'],['L2']
737,737,737,737,935,Panels show (a) undiscounted price of carbon (2030-2100) and (b) average price of carbon (2030-2100) discounted at a 5% discount rate to 2020 in USD2010.,934,2052,L1,['L1'],['L2']
738,738,738,738,936,AC: Annually compounded.,935,2052,L1,['L1'],['L1']
739,739,739,739,937,NPV: Net present value.,936,2052,L1,['L1'],['L1']
740,740,740,740,938,Median values in floating black line.,937,2052,L1,['L1'],['L1']
741,741,741,741,939,The number of pathways included in box plots is indicated in the legend.,938,2052,L1,['L1'],['L1']
742,742,742,742,940,Number of pathways outside the figure range is noted at the top.,939,2052,L1,['L1'],['L1']
743,743,743,743,941,"Figure 12.3: (a) Contributions of ocean mass changes from land ice and land water storage (measured by satellite gravimetry) and ocean volume changes (or steric, primarily from thermal expansion measured by in situ ocean profilers) and their comparison to global mean sea level (GMSL) change (measured by satellite altimetry) since 1993.",940,2054,L2,['L1'],['L2']
744,744,744,744,942,"(b) An estimate of modeled GMSL rise in the absence of 20th century warming (blue), from the same model with observed warming (red), and compared to observed GMSL change (black).",941,2054,L2,['L1'],['L1']
745,745,745,745,943,Heavy/light shading indicates the 17th-83rd and 5th-95th percentiles.,942,2054,L2,['L1'],['L1']
746,746,746,746,944,"(c) Rates of change from 1993 to 2015 in sea surface height from satellite altimetry data; updated from Kopp et al.3 using data updated from Church and White.34 (Figure source: (a) adapted and updated from Leuliette and Nerem 2016,40 (b) adapted from Kopp et al.",943,2054,L2,['L1'],['L2']
747,747,747,747,947,Figure 9.4: Intercomparison statistics for seasonal and annual (a) temperature and (b) precipitation changes in nineteen CMIP2 experiments at the doubling of CO2 (years 61 to 80).,946,2060,L2,['L1'],['L2']
748,748,748,748,948,The total length of the bars shows the mean squared amplitude of the simulated local temperature and precipitation changes averaged over all experiments and over the whole world.,947,2060,L2,['L1'],['L1']
749,749,749,749,949,"The lowermost part of each bar represents a nominally unbiased 'common signal', the mid-part directly model-related variance and the top part the inter-experiment variance attributed to internal variability.",948,2060,L2,['L3'],['L1']
750,750,750,750,950,Precipitation changes are defined as 100% x (PG the global statistics to areas with very little control run precipitation.,949,2060,L2,['L1'],['L4']
751,751,751,751,951,"Figure 8.14 | Relative fuel economies of future alternative drive train light duty vehicles compared to advanced spark ignition, gasoline-fuelled, internal-combustion engine vehicles, based on several selected studies.",950,2061,L2,['L1'],['L2']
752,752,752,752,953,Calculated RF due to tropospheric ozone change since pre-industrial time based on CTM and GCM model simulations published since the TAR.,952,2062,L1,['L1'],['L4']
753,753,753,753,954,"Estimates with GCMs including the effect of climate change since 1750 are given by orange bars (Adjusted RF, CC).",953,2062,L1,['L1'],['L1']
754,754,754,754,955,Studies denoted with an (*) give only the instantaneous RF in the original publications.,954,2062,L1,['L3'],['L1']
755,755,755,755,956,Stratospheric-adjusted RFs for these are estimated by reducing the instantaneous RF (indicated by the dashed bars) by 20%.,955,2062,L1,['L3'],['L2']
756,756,756,756,962,(Top) Atmospheric CO2 and continental glaciation 400 Ma to present.,961,2064,L1,['L1'],['L1']
757,757,757,757,963,"Vertical blue bars mark the timing and palaeolatitudinal extent of ice sheets (after Crowley, 1998).",962,2064,L1,['L1'],['L1']
758,758,758,758,964,"Plotted CO2 records represent fi ve-point running averages from each of the four major proxies (see Royer, 2006 for details of compilation).",963,2064,L1,['L1'],['L1']
759,759,759,759,965,"Also plotted are the plausible ranges of CO2 from the geochemical carbon cycle model GEOCARB III (Berner and Kothavala, 2001).",964,2064,L1,['L1'],['L1']
760,760,760,760,968,"(Middle) Global compilation of deep-sea benthic foraminifera 18O isotope records from 40 Deep Sea Drilling Program and Ocean Drilling Program sites (Zachos et al., 2001) updated with high-resolution records for the Eocene through Miocene interval (Billups et al., 2002; Bohaty and Zachos, 2003; Lear et al., 2004).",967,2064,L1,['L1'],['L2']
761,761,761,761,969,"Most data were derived from analyses of two common and long-lived benthic taxa, Cibicidoides and Nuttallides.",968,2064,L1,['L3'],['L2']
762,762,762,762,970,"To correct for genus-specifi c isotope vital effects, the 18O values were adjusted by +0.64 and +0.4 (Shackleton et al., 1984), respectively.",969,2064,L1,['L2'],['L2']
763,763,763,763,971,The ages are relative to the geomagnetic polarity time scale of Berggren et al.,970,2064,L1,['L1'],['L2']
764,764,764,764,973,"The raw data were smoothed using a fi vepoint running mean, and curve-fi tted with a locally weighted mean.",972,2064,L1,['L1'],['L2']
765,765,765,765,974,"The 18O temperature values assume an ice-free ocean (-1.0%0 Standard Mean Ocean Water), and thus only apply to the time preceding large-scale antarctic glaciation (~35 Ma).",973,2064,L1,['L3'],['L4']
766,766,766,766,975,"After the early Oligocene much of the variability (~70%) in the 18O record refl ects changes in antarctic and Northern Hemisphere ice volume, which is represented by light blue horizontal bars (e.g., Hambrey et al., 1991; Wise et al., 1991; Ehrmann and Mackensen, 1992).",974,2064,L1,['L3'],['L4']
767,767,767,767,976,"Where the bars are dashed, they represent periods of ephemeral ice or ice sheets smaller than present, while the solid bars represent ice sheets of modern or greater size.",975,2064,L1,['L1'],['L1']
768,768,768,768,977,"The evolution and stability of the West Antarctic Ice Sheet (e.g., Lemasurier and Rocchi, 2005) remains an important area of uncertainty that could affect estimates of future sea level rise.",976,2064,L1,['L4'],['L4']
769,769,769,769,978,(Bottom) Detailed record of CO2 for the last 65 Myr.,977,2064,L1,['L1'],['L2']
770,770,770,770,979,"Individual records of CO2 and associated errors are colour-coded by proxy method; when possible, records are based on replicate samples (see Royer, 2006 for details and data references).",978,2064,L1,['L3'],['L1']
771,771,771,771,980,Dating errors are typically less than +-1 Myr.,979,2064,L1,['L3'],['L4']
772,772,772,772,981,"The range of error for each CO2 proxy varies considerably, with estimates based on soil nodules yielding the greatest uncertainty.",980,2064,L1,['L2'],['L4']
773,773,773,773,982,Also plotted are the plausible ranges of CO2 from three geochemical carbon cycle models.,981,2064,L1,['L1'],['L1']
774,774,774,774,983,Figure 3.35: Deployment of primary energy technologies across post-2001 scenarios by 2030 and 2100: Left-side 'error' bars show baseline (non-intervention) scenarios and right-side ones show intervention and stabilization scenarios.,982,2065,L1,['L1'],['L1']
775,775,775,775,984,"The full ranges of the distributions (full vertical line with two extreme tic marks), the 25th and 75th percentiles (blue area) and the median (middle tic mark) are also shown.",983,2065,L1,['L1'],['L1']
776,776,776,776,986,Recent CO2 concentrations and emissions.,985,2071,L2,['L1'],['L2']
777,777,777,777,987,"(a) CO2 concentrations (monthly averages) measured by continuous analysers over the period 1970 to 2005 from Mauna Loa, Hawaii (19degN, black; Keeling and Whorf, 2005) and Baring Head, New Zealand (41degS, blue; following techniques by Manning et al., 1997).",986,2071,L2,['L1'],['L2']
778,778,778,778,988,"Due to the larger amount of terrestrial biosphere in the NH, seasonal cycles in CO2 are larger there than in the SH.",987,2071,L2,['L4'],['L4']
779,779,779,779,989,"In the lower right of the panel, atmospheric oxygen (O2) measurements from fl ask samples are shown from Alert, Canada (82degN, pink) and Cape Grim, Australia (41degS, cyan) (Manning and Keeling, 2006).",988,2071,L2,['L1'],['L1']
780,780,780,780,990,"The O2 concentration is measured as 'per meg' deviations in the O2/N2 ratio from an arbitrary reference, analogous to the 'per mil' unit typically used in stable isotope work, but where the ratio is multiplied by 106 instead of 103 because much smaller changes are measured.",989,2071,L2,['L3'],['L2']
781,781,781,781,991,"(b) Annual global CO2 emissions from fossil fuel burning and cement manufacture in GtC yr-1 (black) through 2005, using data from the CDIAC website (Marland et al, 2006) to 2003.",990,2071,L2,['L1'],['L1']
782,782,782,782,992,"Emissions data for 2004 and 2005 are extrapolated from CDIAC using data from the BP Statistical Review of World Energy (BP, 2006).",991,2071,L2,['L1'],['L2']
783,783,783,783,993,Land use emissions are not shown; these are estimated to be between 0.5 and 2.7 GtC yr-1 for the 1990s (Table 7.2).,992,2071,L2,['L2'],['L2']
784,784,784,784,994,"Annual averages of the 13C/12C ratio measured in atmospheric CO2 at Mauna Loa from 1981 to 2002 (red) are also shown (Keeling et al, 2005).",993,2071,L2,['L1'],['L1']
785,785,785,785,995,The isotope data are expressed as d13C(CO2) %0 (per mil) deviation from a calibration standard.,994,2071,L2,['L1'],['L1']
786,786,786,786,996,Note that this scale is inverted to improve clarity.,995,2071,L2,['L3'],['L2']
787,787,787,787,997,Figure 4.25: Indicative comparison of selected primary energy-supply baseline (reference) and policy scenarios from 2004 to 2030 and related total energy-related emissions in 2004 and 2030 (GtCO2-eq) Note: The IEA (2006b) Beyond Alternative Policy scenario (not shown) depicts that energy-related emissions could be reduced to 2004 levels.,996,2074,L3,['L1'],['L4']
788,788,788,788,999,Observed changes in (a) global average surface temperature; (b) global average sea level from tide gauge (blue) and satellite (red) data; and (c) Northern Hemisphere snow cover for March-April.,998,2103,L2,['L1'],['L1']
789,789,789,789,1000,All differences are relative to corresponding averages for the period 1961-1990.,999,2103,L2,['L3'],['L2']
790,790,790,790,1001,Smoothed curves represent decadal averaged values while circles show yearly values.,1000,2103,L2,['L1'],['L1']
791,791,791,791,1002,The shaded areas are the uncertainty intervals estimated from a comprehensive analysis of known uncertainties (a and b) and from the time series (c).,1001,2103,L2,['L1'],['L1']
792,792,792,792,1005,"Characteristics of the summer 2003 heatwave (adapted from Schar et al., 2004).",1004,2105,L2,['L1'],['L2']
793,793,793,793,1006,(a) JJA temperature anomaly with respect to 1961 to 1990.,1005,2105,L2,['L1'],['L1']
794,794,794,794,1007,"(b) to (d): JJA temperatures for Switzerland observed during 1864 to 2003 (b), simulated using a regional climate model for the period 1961 to 1990 (c) and simulated for 2071 to 2100 under the A2 scenario using boundary data from the HadAM3H GCM (d).",1006,2105,L2,['L1'],['L2']
795,795,795,795,1008,"In panels (b) to (d): the black line shows the theoretical frequency distribution of mean summer temperature for the time-period considered, and the vertical blue and red bars show the mean summer temperature for individual years.",1007,2105,L2,['L1'],['L1']
796,796,796,796,1010,Figure 9.28: Decadal probability density functions (PDF) of the ECHAM3/LSG transient greenhouse gas ensemble: each PDF (greyscale bars) consists of 160 NAO index realisations including the monthly means of November to February of the four simulations over one decade.,1009,2117,L1,['L1'],['L1']
797,797,797,797,1011,"The greyscale background indicates the relative frequency of the classified NAO indices based on a kernel function (Matyasovszky, 1998).",1010,2117,L1,['L1'],['L1']
798,798,798,798,1012,The PDF's width indicates the decadal variability.,1011,2117,L1,['L1'],['L1']
799,799,799,799,1013,"At the bottom, the time-series of the decadal mean (solid green line) and the variability (solid red line) of each PDF as well as the corresponding linear trends (dashed lines) are shown (from Paeth et al., 1999).",1012,2117,L1,['L1'],['L1']
800,800,800,800,1014,"Figure 2.37: Top figure, decadal variations in hurricanes making landfall in the USA (updated from Karl et al., 1995).",1013,2124,L2,['L1'],['L1']
801,801,801,801,1015,"Bottom figure, interannual variability in the number of major hurricanes (SaffirSimpson categories 3, 4, and 5) and the long-term average across the North Atlantic (from Landsea et al., 1999).",1014,2124,L2,['L1'],['L1']
802,802,802,802,1016,Figure 9.13: Simple model results.,1015,2125,L2,['L1'],['L1']
803,803,803,803,1017,(a) Estimated historical anthropogenic radiative forcing followed by radiative forcing for the four illustrative SRES marker scenarios and for two additional scenarios from the A1 family illustrating different energy technology options.,1016,2125,L2,['L1'],['L1']
804,804,804,804,1018,The blue shading shows the envelope of forcing that encompasses the full set of thirty-five SRES scenarios.,1017,2125,L2,['L1'],['L1']
805,805,805,805,1019,The method of calculation closely follows Chapter 6 except where explained in the text.,1018,2125,L2,['L3'],['L2']
806,806,806,806,1020,"The values are based on the radiative forcing for a doubling of CO2 from seven AOGCMs as given in Appendix 9.1, Table 9.A1.",1019,2125,L2,['L1'],['L2']
807,807,807,807,1021,"The IS92a, IS92c and IS92e forcing is also shown following the same method of calculation.",1020,2125,L2,['L3'],['L2']
808,808,808,808,1022,(b) Historical anthropogenic global mean temperature change and future changes for the six illustrative SRES scenarios using a simple climate model tuned to seven AOGCMs.,1021,2125,L2,['L1'],['L1']
809,809,809,809,1023,"Also for comparison, following the same method, results are shown for IS92a.",1022,2125,L2,['L3'],['L2']
810,810,810,810,1024,The dark blue shading represents the envelope of the full set of thirty-five SRES scenarios using the simple model ensemble mean results.,1023,2125,L2,['L1'],['L1']
811,811,811,811,1025,The light blue envelope is based on the GFDL_R15_a and DOE PCM parameter settings.,1024,2125,L2,['L1'],['L1']
812,812,812,812,1026,The bars show the range of simple model results in 2100 for the seven AOGCM model tunings.,1025,2125,L2,['L1'],['L1']
813,813,813,813,1027,Figure 10.10 | Carbon prices (in USD2005) as a function of global RE primary energy supply (direct equivalent) in 2050.,1026,2138,L2,['L1'],['L1']
814,814,814,814,1028,"Colour coding is based on categories of atmospheric CO2 concentration level in 2100 (Fisher et al., 2007).",1027,2138,L2,['L1'],['L1']
815,815,815,815,1029,Different symbols in the graph denote the availability of CCS and nuclear energy.,1028,2138,L2,['L1'],['L1']
816,816,816,816,1030,"Note that limited nuclear scenarios include nuclear phase-outs, constraints on the production of new nuclear and scenarios in which nuclear production is constrained to baseline levels.",1029,2138,L2,['L3'],['L2']
817,817,817,817,1031,"For data reporting reasons, only 141 scenarios are included in the 2050 results shown here, as opposed to the full set of 164 scenarios.",1030,2138,L2,['L3'],['L2']
818,818,818,818,1033,Figure 1.9: Proxy temperatures reconstructions for the seven regions of the PAGES 2k Network.,1032,2141,L1,['L1'],['L1']
819,819,819,819,1034,Temperature anomalies are relative to the 1961-1990 reference period.,1033,2141,L1,['L3'],['L1']
820,820,820,820,1035,"If this graph were plotted relative to 1901-1960 instead of 19611990, the temperature changes would 0.47degF (0.26degC) higher.",1034,2141,L1,['L3'],['L4']
821,821,821,821,1036,Gray lines around expected-value estimates indicate uncertainty ranges as defined by each regional group (see PAGE 2k Consortium9 and related Supplementary Information).,1035,2141,L1,['L1'],['L1']
822,822,822,822,1037,Note that the changes in temperature over the last century tend to occur at a much faster rate than found in the previous time periods.,1036,2141,L1,['L3'],['L3']
823,823,823,823,1038,The teal values are from the HadCRUT4 surface observation record for land and ocean for the 1800s to 2000.202 (Figure source: adapted from PAGES 2k Consortium 20139).,1037,2141,L1,['L1'],['L1']
824,824,824,824,1040,"Top panel: Probability of exceedence of a range of temperature thresholds for overshoot (OS500) and non-overshoot (SC500) scenarios, derived from probability distributions for climate sensitivity (see 'Key caveat' above on low confidence for specific quantitatitive results).",1039,2152,L2,['L1'],['L2']
825,825,825,825,1041,"OS500 Max is derived from the maximum overshoot temperature that occurs during the transient response before 2200, whereas OS500 in 2200 and SC500 in 2200 are derived from temperatures in 2200.",1040,2152,L2,['L2'],['L2']
826,826,826,826,1042,"While model-dependent, these results demonstrate the importance of considering transient temperature change when evaluating mitigation strategies to avoid key vulnerabilities.",1041,2152,L2,['L4'],['L4']
827,827,827,827,1043,Bottom panel: Visualisation of maximum exceedence amplitude (MEA) and degree years (DY) for an illustrative overshoot temperature profile.,1042,2152,L2,['L1'],['L1']
828,828,828,828,1045,"Figure 8.13: Annual mean precipitation changes (mm/yr) over Africa (20degW to 30degE) for the mid-Holocene climate: (upper panel) Biome distributions (desert, steppe, xerophytic and dry tropical forest/savannah (DTF/S)) as a function of latitude for present (red circles) and 6,000 yr BP (green triangles), showing that steppe vegetation replaces desert at 6,000 yr BP as far north as 23degN (vertical blue dashed line); (middle panel) 6000 yr BP minus present changes as simulated by the PMIP models.",1044,2163,L2,['L1'],['L1']
829,829,829,829,1046,"The black hatched lines are estimated upper and lower bounds for the excess precipitation required to support grassland, based on present climatic limits of desert and grassland taxa in palaeo-ecological records, the intersection with the blue vertical line indicates that an increase of 200 to 300 mm/yr is required to sustain steppe vegetation at 23degN at 6,000 yr BP (redrawn from Joussaume et al., 1999); (lower panel) same changes for the IPSL atmosphere-alone (A), i.e., PMIP simulation, the coupled atmosphere-ocean (OA), the atmosphere-alone with vegetation changes from OA (AV) and the coupled atmosphere-ocean-vegetation (OAV) simulations performed with the IPSL coupled climate model.",1045,2163,L2,['L1'],['L1']
830,830,830,830,1047,"The comparison between AV and OAV emphasises the synergism between ocean and land feedbacks (redrawn from Braconnot et al., 1999).",1046,2163,L2,['L3'],['L3']
831,831,831,831,1048,Figure 2.13: (a) Anomalies of monthly snow cover over the Northern Hemisphere lands (including Greenland) between November 1966 and May 2000.,1047,2194,L2,['L1'],['L1']
832,832,832,832,1049,"Also shown are twelve-month running anomalies of hemispheric snow extent, plotted on the seventh month of a given interval.",1048,2194,L2,['L1'],['L1']
833,833,833,833,1050,Anomalies are calculated from NOAA/NESDIS snow maps.,1049,2194,L2,['L1'],['L2']
834,834,834,834,1051,Mean hemispheric snow extent is 25.2 million km2 for the full period of record.,1050,2194,L2,['L2'],['L2']
835,835,835,835,1052,the curve of running means is extrapolated by using period of record monthly means for 12 months in the late 1960s in order to create a continuous curve of running means.,1051,2194,L2,['L3'],['L2']
836,836,836,836,1053,"Missing months fell between May and October, and no winter months are missing.",1052,2194,L2,['L2'],['L4']
837,837,837,837,1054,June 1999 to May 2000 values are based on preliminary analyses.,1053,2194,L2,['L2'],['L2']
838,838,838,838,1055,(b) Seasonal snowcover anomalies (in million km2) versus temperature anomalies (in degC).,1054,2194,L2,['L3'],['L1']
839,839,839,839,1056,Both snow and temperature anomalies are area averages over the region for which climatological values of seasonal snow-cover frequency (based on the 1973 to 1998 period) are between 10 and 90%.,1055,2194,L2,['L3'],['L2']
840,840,840,840,1057,Season is indicated at the top of each panel.,1056,2194,L2,['L1'],['L1']
841,841,841,841,1058,"Axis for snow anomaly on the left-hand-side y axis, axis for temperature anomaly is on the right-hand-side y axis.",1057,2194,L2,['L1'],['L1']
842,842,842,842,1059,Bar plot indicates time-series of snow cover anomalies.,1058,2194,L2,['L1'],['L1']
843,843,843,843,1060,Continuous colour curve indicates nine-point weighted average of snow-cover anomaly.,1059,2194,L2,['L1'],['L1']
844,844,844,844,1061,Dashed black curve indicates time-series of nine-point weighted average of area average temperature anomaly.,1060,2194,L2,['L1'],['L1']
845,845,845,845,1062,"Snow-cover calculations are based on the NOAA/NESDIS snow cover data for the period 1973 to 1998 (updated from Robinson et al., 1993).",1061,2194,L2,['L1'],['L2']
846,846,846,846,1063,"Temperature calculations are based on the Jones data set, hence anomalies are with respect to the time period 1961 to 1990.",1062,2194,L2,['L3'],['L2']
847,847,847,847,1064,Snow anomalies are with respect to the time period 1973 to 1998.,1063,2194,L2,['L3'],['L2']
848,848,848,848,1065,Correlation coefficient (r) between seasonal snow cover anomalies and temperature anomalies is indicated in parentheses.,1064,2194,L2,['L1'],['L1']
849,849,849,849,1068,Comparison of shortwave and longwave instantaneous radiative forcings and fl ux changes computed from AOGCMs and line-by-line (LBL) radiative transfer codes (W.D.,1067,2211,L1,['L1'],['L1']
850,850,850,850,1070,(a) Instantaneous forcing from doubling atmospheric CO2 from its concentration in 1860; b) changes in radiative fl uxes caused by the 20% increase in water vapour expected in the climate produced from doubling atmospheric CO2.,1069,2211,L1,['L3'],['L1']
851,851,851,851,1071,The forcings and fl ux changes are computed for clearsky conditions in mid-latitude summer and do not include effects of stratospheric adjustment.,1070,2211,L1,['L3'],['L2']
852,852,852,852,1072,No other well-mixed greenhouse gases are included.,1071,2211,L1,['L3'],['L2']
853,853,853,853,1073,The minimumto-maximum range and median are plotted for fi ve representative LBL codes.,1072,2211,L1,['L1'],['L1']
854,854,854,854,1074,The AOGCM results are plotted with box-and-whisker diagrams (see caption for Figure 10.2) representing percentiles of forcings from 20 models in the AR4 multi-model ensemble.,1073,2211,L1,['L1'],['L1']
855,855,855,855,1075,"The AOGCMs included are BCCR-BCM2.0, CCSM3, CGCM3.1(T47 and T63), CNRM-CM3, ECHAM5/MPI-OM, ECHO-G, FGOALS-g1.0, GFDL-CM2.0, GFDL-CM2.1, GISS-EH, GISS-ER, INM-CM3.0, IPSL-CM4, MIROC3.2 (medium and high resolution), MRI-CGCM2.3.2, PCM, UKMO-HadCM3, and UKMO-HadGEM1 (see Table 8.1 for model details).",1074,2211,L1,['L1'],['L2']
856,856,856,856,1078,Normalised indices (units of standard deviation) of the mean winter (December-March) NAO developed from sea level pressure data.,1077,2213,L2,['L1'],['L2']
857,857,857,857,1079,"In the top panel, the index is based on the difference of normalised sea level pressure between Lisbon, Portugal and Stykkisholmur/Reykjavik, Iceland from 1864 to 2005.",1078,2213,L2,['L1'],['L2']
858,858,858,858,1080,The average winter sea level pressure data at each station were normalised by dividing each seasonal pressure anomaly by the long-term (1864 to 1983) standard deviation.,1079,2213,L2,['L1'],['L2']
859,859,859,859,1081,"In the middle panel, the index is the principal component time series of the leading EOF of Atlantic-sector sea level pressure.",1080,2213,L2,['L1'],['L1']
860,860,860,860,1082,"In the lower panel, the index is the principal component time series of the leading EOF of NH sea level pressure.",1081,2213,L2,['L1'],['L1']
861,861,861,861,1083,The smooth black curves show decadal variations (see Appendix 3.A).,1082,2213,L2,['L3'],['L1']
862,862,862,862,1084,"The individual bar corresponds to the January of the winter season (e.g., 1990 is the winter of 1989/1990).",1083,2213,L2,['L1'],['L1']
863,863,863,863,1088,"Figure 12.2: (a) The relationship between peak global mean temperature, atmospheric CO2, maximum global mean sea level (GMSL), and source(s) of meltwater for two periods in the past with global mean temperature comparable to or warmer than present.",1087,2215,L2,['L1'],['L1']
864,864,864,864,1089,Light blue shading indicates uncertainty of GMSL maximum.,1088,2215,L2,['L1'],['L1']
865,865,865,865,1090,"Red pie charts over Greenland and Antarctica denote fraction, not location, of ice retreat.",1089,2215,L2,['L1'],['L1']
866,866,866,866,1091,Atmospheric CO2 levels in 2100 are shown under RCP8.5.,1090,2215,L2,['L2'],['L2']
867,867,867,867,1092,"(b) GMSL rise from -500 to 1900 CE, from Kopp et al.",1091,2215,L2,['L1'],['L3']
868,868,868,868,1093,"'s32 geological and tide gauge-based reconstruction (blue), from 1900 to 2010 from Hay et al.",1092,2215,L2,['L1'],['L1']
869,869,869,869,1094,"'s33 tide gauge-based reconstruction (black), and from 1992 to 2015 from the satellite-based reconstruction updated from Nerem et al.35 (magenta).",1093,2215,L2,['L1'],['L1']
870,870,870,870,1098,Figure 12-3: Percentage change in average annual total Australian wheat yield for doubling of actual CO2 (to 700 ppm) and a range of changes in temperature and rainfall.,1097,2218,L1,['L1'],['L1']
871,871,871,871,1099,"Yield response is shown for rainfall changes of +20% (white), 0 (stippled), and -20% (black), for warmings of 0-4oC.",1098,2218,L1,['L2'],['L1']
872,872,872,872,1101,Temperature anomalies with respect to 1901 to 1950 for fi ve North American land regions for 1906 to 2005 (black line) and as simulated (red envelope) by MMD models incorporating known forcings; and as projected for 2001 to 2100 by MMD models for the A1B scenario (orange envelope).,1100,2220,L2,['L1'],['L1']
873,873,873,873,1102,"The bars at the end of the orange envelope represent the range of projected changes for 2091 to 2100 for the B1 scenario (blue), the A1B scenario (orange) and the A2 scenario (red).",1101,2220,L2,['L1'],['L1']
874,874,874,874,1103,The black line is dashed where observations are present for less than 50% of the area in the decade concerned.,1102,2220,L2,['L3'],['L1']
875,875,875,875,1106,"Change in risk of mean European summer temperatures exceeding a threshold of 1.6degC above 1961 to 1990 mean temperatures, a threshold that was exceeded in 2003 but in no other year since the start of the instrumental record in 1851.",1105,2223,L2,['L3'],['L3']
876,876,876,876,1107,"(Top) Frequency histograms of the estimated likelihood of the risk (probability) of exceeding a 1.6degC threshold (relative to the 1961-1990 mean) in the 1990s in the presence (red curve) and absence (green curve) of anthropogenic change, expressed as an occurrence rate.",1106,2223,L2,['L1'],['L1']
877,877,877,877,1108,(Bottom) Fraction of attributable risk (FAR).,1107,2223,L2,['L1'],['L1']
878,878,878,878,1109,"The vertical line indicates the 'best estimate' FAR, the mean risk attributable to anthropogenic factors averaged over the distribution.",1108,2223,L2,['L1'],['L1']
879,879,879,879,1110,The alternation between grey and white bands indicates the deciles of the estimated FAR distribution.,1109,2223,L2,['L1'],['L3']
880,880,880,880,1111,"The shift from the green to the red distribution in (a) implies a FAR distribution with mean 0.75, corresponding to a four-fold increase in the risk of such an event (b).",1110,2223,L2,['L3'],['L3']
881,881,881,881,1114,"Figure 4.14: Atmospheric composition and properties predicted using the six SRES Marker-Illustrative scenarios for anthropogenic emissions: A1B (green dashed line), A1T (yellow dash-dotted), A1FI (orange dash-dot-dotted), A2 (red solid), B1 (cyan dashed), B2 (solid dark blue).",1113,2251,L2,['L1'],['L1']
882,882,882,882,1115,"Abundances prior to year 2000 are taken from observations, and the IS92a scenario computed with current methodology is shown for reference (thin black line).",1114,2251,L2,['L1'],['L2']
883,883,883,883,1116,"Results are shown for CH4 (ppb), N2O (ppb), tropospheric O3 (DU), HFC-134a (ppt), CF4 (ppt), SF6 (ppt), the lifetime of CH4 (yr), and the global annual mean abundance of tropospheric OH (scaled to year 2000 value).",1115,2251,L2,['L1'],['L1']
884,884,884,884,1117,"All SRES A1-type scenarios have the same emissions for HFCs, PFCs, and SF6 (appearing a A1B), but the HFC-134a abundances vary because the tropospheric OH values differ affecting its lifetime.",1116,2251,L2,['L4'],['L4']
885,885,885,885,1118,The IS92a scenario did not include emissions of PFCs and SF6.,1117,2251,L2,['L2'],['L2']
886,886,886,886,1120,Figure 8.12: An uncertainty ratio for 10-degree latitude bands; (a) control simulations; (b) difference between the control and doubled greenhouse gas simulations.,1119,2253,L1,['L1'],['L1']
887,887,887,887,1121,"E is evaporation, P is precipitation, Tscr is screen temperature, cld is the percentage cloud cover and Sn is the net short-wave radiation at the surface.",1120,2253,L1,['L1'],['L1']
888,888,888,888,1122,The units on the Y-axis are dimensionless.,1121,2253,L1,['L3'],['L1']
889,889,889,889,1123,"An asterisk means the value is statistically significant at 95% and a diamond at 90% (see Crossley et al., 2000).",1122,2253,L1,['L1'],['L1']
890,890,890,890,1125,Comparison between global mean surface temperature anomalies (degC) from observations (black) and AOGCM simulations forced with (a) both anthropogenic and natural forcings and (b) natural forcings only.,1124,2254,L2,['L1'],['L1']
891,891,891,891,1126,"All data are shown as global mean temperature anomalies relative to the period 1901 to 1950, as observed (black, Hadley Centre/Climatic Research Unit gridded surface temperature data set (HadCRUT3); Brohan et al., 2006) and, in (a) as obtained from 58 simulations produced by 14 models with both anthropogenic and natural forcings.",1125,2254,L2,['L1'],['L1']
892,892,892,892,1127,The multimodel ensemble mean is shown as a thick red curve and individual simulations are shown as thin yellow curves.,1126,2254,L2,['L1'],['L1']
893,893,893,893,1128,Vertical grey lines indicate the timing of major volcanic events.,1127,2254,L2,['L1'],['L1']
894,894,894,894,1129,"Those simulations that ended before 2005 were extended to 2005 by using the fi rst few years of the IPCC Special Report on Emission Scenarios (SRES) A1B scenario simulations that continued from the respective 20th-century simulations, where available.",1128,2254,L2,['L3'],['L2']
895,895,895,895,1130,The simulated global mean temperature anomalies in (b) are from 19 simulations produced by fi ve models with natural forcings only.,1129,2254,L2,['L2'],['L2']
896,896,896,896,1131,The multi-model ensemble mean is shown as a thick blue curve and individual simulations are shown as thin blue curves.,1130,2254,L2,['L1'],['L1']
897,897,897,897,1132,Simulations are selected that do not exhibit excessive drift in their control simulations (no more than 0.2degC per century).,1131,2254,L2,['L3'],['L4']
898,898,898,898,1133,Each simulation was sampled so that coverage corresponds to that of the observations.,1132,2254,L2,['L1'],['L2']
899,899,899,899,1138,(a) 21st-century atmospheric CO2 concentration as simulated by the 11 C4MIP models for the SRES A2 emission scenario (red) compared with the standard atmospheric CO2 concentration used as a forcing for many IPCC AR4 climate models (black).,1137,2262,L2,['L1'],['L1']
900,900,900,900,1139,The standard CO2 concentration values were calculated by the BERNCC model and are identical to those used in the TAR.,1138,2262,L2,['L3'],['L2']
901,901,901,901,1140,"For some IPCC-AR4 models, different carbon cycle models were used to convert carbon emissions to atmospheric concentrations.",1139,2262,L2,['L2'],['L2']
902,902,902,902,1141,(b) Globally averaged surface temperature change (relative to 2000) simulated by the C4MIP models forced by CO2 emissions (red) compared to global warming simulated by the IPCC AR4 models forced by CO2 concentration (black).,1140,2262,L2,['L1'],['L1']
903,903,903,903,1142,The C4MIP global temperature change has been corrected to account for the non-CO2 radiative forcing used by the standard IPCC AR4 climate models.,1141,2262,L2,['L4'],['L2']
904,904,904,904,1144,"(a) Annual anomalies of global SST (HadSST2; red bars and blue solid curve), 1850 to 2005, and global NMAT (HadMAT, green curve), 1856 to 2005, relative to the 1961 to 1990 mean (degC) from the UK Meteorological Offi ce (UKMO; Rayner et al., 2006).",1143,2271,L3,['L1'],['L1']
905,905,905,905,1145,The smooth curves show decadal variations (see Appendix 3.A).,1144,2271,L3,['L3'],['L1']
906,906,906,906,1146,The dashed black curve shows equivalent smoothed SST anomalies from the TAR.,1145,2271,L3,['L3'],['L1']
907,907,907,907,1147,"(b) Smoothed annual global SST anomalies, relative to 1961 to 1990 (degC), from HadSST2 (blue line, as in (a)), from NCDC (Smith et al., 2005; red line) and from COBE-SST (Ishii et al., 2005; green line).",1146,2271,L3,['L1'],['L1']
908,908,908,908,1148,The latter two series begin later in the 19th century than HadSST2.,1147,2271,L3,['L3'],['L2']
909,909,909,909,1149,"(c,d) As in (a) but for the NH and SH showing only the UKMO series.",1148,2271,L3,['L1'],['L1']
910,910,910,910,1150,"Figure 2.23: Time-series illustrating temperature variability over the last about 400 ky (updated from Rostek et al., 1993; Schneider et al., 1996; MacManus et al., 1999; Reille et al., 2000).",1149,2276,L1,['L1'],['L1']
911,911,911,911,1151,The uppermost time-series describes the percentage of tree pollen that excludes pollen from pine tree species.,1150,2276,L1,['L2'],['L1']
912,912,912,912,1152,"The higher this percentage, the warmer was the climate.",1151,2276,L1,['L2'],['L4']
913,913,913,913,1154,"Plotted are the frequencies of the correlation coefficients (associations) between the timing of changes in traits (e.g., earlier egglaying) of 145 species and modelled (HadCM3) spring temperatures for the grid-boxes in which each species was examined.",1153,2289,L4,['L1'],['L1']
914,914,914,914,1155,"At each location, all of which are in the Northern Hemisphere, the changing trait is compared with modelled temperatures driven by: (a) natural forcings (purple bars), (b) anthropogenic (i.e., human) forcings (orange bars), and (c) combined natural and anthropogenic forcings (yellow bars).",1154,2289,L4,['L1'],['L1']
915,915,915,915,1156,"In addition, on each panel the frequencies of the correlation coefficients between the actual temperatures recorded during each study and changes in the traits of 83 species, the only ones of the 145 with reported local-temperature trends, are shown (dark blue bars).",1155,2289,L4,['L1'],['L1']
916,916,916,916,1157,"On average the number of years that species were examined is about 28, with average starting and ending years of 1960 and 1998.",1156,2289,L4,['L2'],['L4']
917,917,917,917,1158,"Note that the agreement: (a) between the natural and actual plots is weaker (K = 60.16) than (b) between the anthropogenic and actual (K = 35.15), which in turn is weaker than( c) the agreement between combined and actual (K = 3.65).",1157,2289,L4,['L3'],['L4']
918,918,918,918,1159,"Taken together, these plots show that a measurable portion of the warming regional temperatures to which species are reacting can be attributed to humans, therefore showing joint attribution (after Root et al., 2005).",1158,2289,L4,['L4'],['L4']
919,919,919,919,1160,Figure 9.6: (a) The time evolution of the globally averaged temperature change relative to the years (1961 to 1990) of the SRES simulations A2 (top) and B2 (bottom) (Unit: degC).,1159,2293,L2,['L1'],['L1']
920,920,920,920,1162,(b) The time evolution of the globally averaged precipitation change relative to the years (1961 to 1990) of the SRES simulations A2 (top) and B2 (bottom) (Unit: %).,1161,2293,L2,['L1'],['L1']
921,921,921,921,1164,Figure 3.8: Modelled fluxes of anthropogenic CO2 over the past century.,1163,2300,L1,['L1'],['L1']
922,922,922,922,1165,"(a) Ocean model results from OCMIP (Orr and Dutay, 1999; Orr et al., 2000); (b), (c) terrestrial model results from CCMLP (McGuire et al., 2001).",1164,2300,L1,['L1'],['L1']
923,923,923,923,1166,Positive numbers denote fluxes to the atmosphere; negative numbers denote uptake from the atmosphere.,1165,2300,L1,['L1'],['L3']
924,924,924,924,1167,"The ocean model results appear smooth because they contain no interannual variability, being forced only by historical changes in atmospheric CO2.",1166,2300,L1,['L4'],['L4']
925,925,925,925,1168,"The results are truncated at 1990 because subsequent years were simulated using a CO2 concentration scenario rather than actual measurements, leading to a likely overestimate of uptake for the 1990s.",1167,2300,L1,['L4'],['L2']
926,926,926,926,1169,"The terrestrial model results include effects of historical CO2 concentrations, climate variations, and land-use changes based on Ramankutty and Foley (2000).",1168,2300,L1,['L1'],['L2']
927,927,927,927,1170,The results were smoothed using a 10-year running mean to remove short-term variability.,1169,2300,L1,['L3'],['L2']
928,928,928,928,1171,"For comparison, grey boxes denote observational estimates of CO2 uptake by the ocean in panel (a) and by the land in panel (b) (from Table 3.1).",1170,2300,L1,['L1'],['L1']
929,929,929,929,1172,Land-use change flux estimates from Houghton et al.,1171,2300,L1,['L1'],['L1']
930,930,930,930,1173,(1999) are shown by the black line in panel (c).,1172,2300,L1,['L1'],['L1']
931,931,931,931,1174,"The grey boxes in panel (c) indicate the range of decadal average values for the land-use change flux accepted by the SRLULUCF (Bolin et al., 2000) for the 1980s and for 1990 to 1995.",1173,2300,L1,['L1'],['L1']
932,932,932,932,1176,"(a) Atmospheric CO2 stabilisation scenarios SP1000 (red), SP750 (blue), SP550 (green) and SP450 (black).",1175,2327,L2,['L1'],['L1']
933,933,933,933,1177,"(b) Compatible annual emissions calculated by three models, the Hadley simple model (Jones et al., 2006; solid), the UVic EMIC (Matthews, 2005; dashed) and the BERN2.5CC EMIC (Joos et al., 2001; Plattner et al., 2001; triangles) for the three stabilisation scenarios without accounting for the impact of climate on the carbon cycle (see Table 8.3 for details of the latter two models).",1176,2327,L2,['L1'],['L1']
934,934,934,934,1178,(c) As for (b) but with the climate impact on the carbon cycle accounted for.,1177,2327,L2,['L3'],['L2']
935,935,935,935,1179,(d) The difference between (b) and (c) showing the impact of the climate-carbon cycle feedback on the calculation of compatible emissions.,1178,2327,L2,['L1'],['L1']
936,936,936,936,1181,"Atmospheric concentrations of CO2, CH4 and N2O over the last 10,000 years (large panels) and since 1750 (inset panels).",1180,2348,L2,['L2'],['L1']
937,937,937,937,1182,Measurements are shown from ice cores (symbols with different colours for different studies) and atmospheric samples (red lines).,1181,2348,L2,['L1'],"['L1', 'L2']"
938,938,938,938,1183,The corresponding radiative forcings relative to 1750 are shown on the right hand axes of the large panels.,1182,2348,L2,['L1'],['L1']
939,939,939,939,1186,"Globally and annually averaged temporal evolution of the instantaneous all-sky RF (top panel) and surface forcing (bottom panel) due to various agents, as simulated in the MIROC+SPRINTARS model (Nozawa et al., 2005; Takemura et al., 2005).",1185,2354,L1,['L1'],['L1']
940,940,940,940,1187,This is an illustrative example of the forcings as implemented and computed in one of the climate models participating in the AR4.,1186,2354,L1,['L1'],['L1']
941,941,941,941,1188,Note that there could be differences in the RFs among models.,1187,2354,L1,['L3'],['L4']
942,942,942,942,1189,Most models simulate roughly similar evolution of the LLGHGs' RF.,1188,2354,L1,['L3'],['L4']
943,943,943,943,1191,Effect of removing the entire burden of sulphate aerosols in the year 2000 on (a) the annual mean clear sky TOA shortwave radiation (W m-2) calculated by Brasseur and Roeckner (2005) for the time period 2071 to 2100 and (b) on the annual mean surface air temperature (degC) calculated for the same time period.,1190,2356,L2,['L2'],['L1']
944,944,944,944,1192,(c) temporal evolution of global and annual mean surface air temperature anomalies (degC) with respect to the mean 1961 to 1990 values.,1191,2356,L2,['L1'],['L1']
945,945,945,945,1193,The evolution prior to the year 2000 is driven by observed atmospheric concentrations of greenhouse gases and aerosols as adopted by IPCC (see Chapter 10).,1192,2356,L2,['L3'],['L1']
946,946,946,946,1194,"After 2000, the concentration of greenhouse gases remains constant while the aerosol burden is unchanged (blue line) or set to zero (red line).",1193,2356,L2,['L3'],['L3']
947,947,947,947,1195,"The black curve shows observations (A. Jones et al., 2001; Jones et al., 2006).",1194,2356,L2,['L3'],['L1']
948,948,948,948,1197,"Changes in the surface area of tropical glaciers relative to their extent around 1900, grouped according to different glacier sizes.",1196,2357,L2,['L1'],['L1']
949,949,949,949,1198,The sizes are given for 1990 or the closest available date to 1990.,1197,2357,L2,['L1'],['L2']
950,950,950,950,1199,The broken red line highlights the retreat of Kilimanjaro glaciers.,1198,2357,L2,['L1'],['L1']
951,951,951,951,1200,"The insert shows the area change (km2) of the Kilimanjaro plateau (red) and slope (purple) glaciers as separated by the 5,700 m contour line (Kaser and Osmaston, 2002 (updated courtesy of S. Lieb); Molg et al., 2003b; Georges, 2004; Hastenrath, 2005; Cullen et al., 2006; Klein and Kincaid, 2006).",1199,2357,L2,['L1'],['L1']
952,952,952,952,1201,Figure 11.10: Estimated sea level rise from 1910 to 1990.,1200,2360,L1,['L1'],['L1']
953,953,953,953,1202,"(a) The thermal expansion, glacier and ice cap, Greenland and Antarctic contributions resulting from climate change in the 20th century calculated from a range of AOGCMs.",1201,2360,L1,['L1'],['L1']
954,954,954,954,1203,Note that uncertainties in land ice calculations have not been included.,1202,2360,L1,['L3'],['L2']
955,955,955,955,1204,(b) The mid-range and upper and lower bounds for the computed response of sea level to climate change (the sum of the terms in (a) plus the contribution from permafrost).,1203,2360,L1,['L1'],['L1']
956,956,956,956,1205,These curves represent our estimate of the impact of anthropogenic climate change on sea level during the 20th century.,1204,2360,L1,['L1'],['L3']
957,957,957,957,1206,"(c) The mid-range and upper and lower bounds for the computed sea level change (the sum of all terms in (a) with the addition of changes in permafrost, the effect of sediment deposition, the long-term adjustment of the ice-sheets to past climate change and the terrestrial storage terms).",1205,2360,L1,['L1'],['L1']
958,958,958,958,1207,"Figure 3.7: Global cropland (a), forest land (b) and grassland (c) projections.",1206,2364,L1,['L1'],['L1']
959,959,959,959,1208,"Notes: shaded areas indicate SRES scenario ranges, post-SRES scenarios denoted with solid lines.",1207,2364,L1,['L1'],['L1']
960,960,960,960,1209,IMAGE-EMF21 = Van Vuuren et al.,1208,2364,L1,['L1'],['L1']
961,961,961,961,1210,"(2006a) scenario from EMF-21 Study; IMAGE-MA-xx = Millennium Ecosystem Assessment (Carpenter et al., 2005) scenarios from the IMAGE model for four storylines (GO = Global Orchestration, OS = Order from Strength, AM = Adapting Mosaic, TG = TechnoGarden); AgLU-x.x% = Sands and Leimbach (2003) scenarios with x.x% annual growth in crop yield; GTM-2003 = Sohngen and Mendelsohn (2003) global forest scenario; GTM-EMF21 = Sohngen and Sedjo (2006) global forest scenario from EMF-21 Study; GCOMAP-EMF21 = Sathaye et al.",1209,2364,L1,['L1'],['L1']
962,962,962,962,1211,(2006) global forest scenario from EMF-21 Study; GRAPE-EMF21 = Kurosawa (2006) scenario from EMF-21 Study.,1210,2364,L1,['L1'],['L1']
