reason_id,image_id,rating,reason,chart,caption,both
1,139,5,Easy to compare categories,Easy to compare categories,,
2,139,4,The takeaway is not very clear.,The takeaway is not very clear,,
3,139,2,"The caption is detailed and provides important context, but it is dense and does not clearly summarize the main takeaway",chart is dense,"The caption is detailed and provides important context, does not clearly summarize the main takeaway",
4,148,5,Easy to compare stabilization categories,Easy to compare stabilization categories,,
5,148,4,"The trend is understandable, but the caption can be improved to be more straight-forward.","The trend is understandable,",the caption can be improved to be more straight-forward,
6,148,3,"Chart is dense, uses technical terms, and the caption is long and complex without clear summary of the main takeaway. It makes it difficult to grasp the key message.","Chart is dense, uses technical terms",the caption is long and complex without clear summary of the main takeaway. It makes it difficult to grasp the key message.,
7,203,5,Easy to compare ranges of yield change.,Easy to compare ranges of yield change,,
8,203,4,The graph is hard to extract information from.,The graph is hard to extract information from,,
9,203,3,It uses good color coding to show the percentage of crop yield projections across different ranges. The caption provides a lot of context but not summarizing the main takeaway or highlighting the important parts.,It uses good color coding to show the percentage of crop yield projections across different ranges,The caption provides a lot of context but not summarizing the main takeaway or highlighting the important parts.,
10,2289,5,"Although the bars overlap, it is easy to compare the categories and find the main differences between dataset. ","Although the bars overlap, it is easy to compare the categories and find the main differences between dataset Although the bars overlap, it is easy to compare the categories find the main differences between dataset",,
11,2289,5,Both are easy to understand.,Both are easy to understand,,
12,2289,5,The chart is more explainable,The chart is more explainable,,
13,2360,5,Easy to interpret the chart and see the main trends without looking at the caption.,Easy to interpret the chart and see the main trends without looking at the caption. Easy to interpret the chart,see the main trends without looking at the caption,
14,2360,4,"The caption explains the graph markings, but not the trend, and the graph should have a key explaining the solid and dotted line difference. ",the graph should have a key explaining the solid dotted line difference,"The caption explains the graph markings not the trend,",
15,2360,4,"The visualization is clear, but the caption does not fully summarize the main trend, while the caption is informative it does not have a clear takeaway","The visualization is clear,","the caption does not fully summarize the main trend, the caption is informative it does not have a clear takeaway",
16,324,5,Caption summarizes the main trend,,Caption summarizes the main trend,
17,324,5,"The graph is easy to understand, but the caption can do better at explaining the trend.","The graph is easy to understand,",the caption can do better at explaining the trend,
18,324,1,"Chart a and c tells the same information, not sure why they are represented twice. Caption does not seem to be helping here to understand.","Chart a and c tells the same information, not sure why they are represented twice",Caption does not seem to be helping here to understand,
19,332,5,Easy to read labels and compare the categories to understand the relationship between capacity factor and investment costs,Easy to read labels and compare the categories to understand the relationship between capacity factor and investment costs Easy to read labels compare the categories to understand the relationship between capacity factor investment costs,,
20,332,4,"The caption doesn't explain the second graph well, and the labels on the graph could be differentiated more.",the labels on the graph could be differentiated more,"The caption doesn't explain the second graph well,",
21,332,1,"Why both charts are similar, what is the comparison between them. And the caption does not clearly summarize the chart","Why both charts are similar, what is the comparison between them",the caption does not clearly summarize the chart,
22,337,5,"Detailed caption that provides the main key takeaway
The charts are well labeled ",,"Detailed caption that provides the main key takeaway
The charts are well labeled",
23,337,5,The graph and caption are understandable.,The graph is understandable,caption are understandable,
24,337,4,Easy to understand,,,Easy to understand
25,339,5,Detailed caption and a clear chart makes it easy to understand the main trend,a clear chart makes it easy to understand the main trend,Detailed caption,
26,339,4,Hard to interpret what the symbols are representing on y-axis.,Hard to interpret what the symbols are representing on y-axis,,
27,339,4,"Chart itself is sufficient to interpret it, and caption does not add any value in explaining the trend or describing the chart","Chart itself is sufficient to interpret it,",caption does not add any value in explaining the trend or describing the chart,
28,436,5,Clear representations with detailed caption that includes the symbols and lines (shown in chart),Clear representations lines (shown in chart),detailed caption that includes the symbols and lines (shown in chart) Clear representations with detailed caption that includes the symbols,
29,436,4,"The caption explains the graph, but the graph should have a key. ",the graph should have a key,"The caption explains the graph,",
30,436,2,"The chart and caption does not mention about the extra dots between the years, where caption specifies it as annual mean, but not clear",The chart does not mention about the extra dots between the years,"The chart and caption does not mention about the extra dots between the years, where caption specifies it as annual mean, but not clear",
31,497,5,Easy to compare the onshore and offshore categories,Easy to compare the onshore and offshore categories Easy to compare the onshore offshore categories,,
32,497,5,Both are easy to understand.,,,Both are easy to understand
33,497,3,"The chart and caption does not specify the trend, and only explain about the labels. No clear takeaway.","The chart does not show the trend clearly, and only explain about the labels. ","The caption does not specify the trend, and only explain about the labels.",No clear takeaway.
34,502,5,"Easy to read the labels, color categorization makes it easy to identify the main takeaway.","Easy to read the labels, color categorization makes it easy to identify the main takeaway",,
35,502,5,Both are easy to understand.,,,Both are easy to understand
36,502,4,Easy to compare categories,,,Easy to compare categories
37,572,5,"Clear time series and labeled axes, caption summarizes main takeaway","Clear time series and labeled axes, Clear time series",caption summarizes main takeaway,"labeled axes, caption summarizes main takeaway"
38,572,5,"Both are easy to understand, but the caption can be less wordy.",,the caption can be less wordy,"Both are easy to understand,"
39,572,4,"The caption explains about the chart, but there is no clear takeaway mentioned.",,"The caption explains about the chart, but there is no clear takeaway mentioned.",
40,610,5,"The chart has color coding, it is well-organized and the caption is informative.","The chart has color coding, it is well-organized . The chart has color coding, it is well-organized",the caption is informative . the caption is informative,
41,610,4,The caption doesn't explain the trend present in the graph.,,The caption doesn't explain the trend present in the graph,
42,610,1,The trend or comparison is not clearly mentioned in both chart and caption,,,The trend or comparison is not clearly mentioned in both chart and caption
43,660,5,The graph uses colors to represent 3 different categories making it easy to follow each line. The detailed caption provides a clear takeaway,The graph uses colors to represent 3 different categories making it easy to follow each line,The detailed caption provides a clear takeaway,
44,660,4,The graph is a little hard to read.,The graph is a little hard to read,,
45,660,5,Easy takeaway,,,Easy takeaway
46,690,5,"The caption helps with interpretation of the chart. 
The chart is organized and labeled which helps with understanding the main takeaway.",The chart is organized and labeled which helps with understanding the main takeaway The chart is organized labeled which helps with understanding the main takeaway,The caption helps with interpretation of the chart,
47,690,5,Both are easy to understand.,,,Both are easy to understand
48,690,3,"Both chart and caption is useful to interpret the result, but it lacks mentionining some trends about the labels observed.",chart is useful to interpret the result,"caption is useful to interpret the result, but it lacks mentionining some trends about the labels observed.",
49,790,5,Easy to understand and clear takeaway,Easy to understand clear takeaway,,Easy to understand and clear takeaway
50,790,5,Both are easy to interpret.,,,Both are easy to interpret
51,790,2,Clear explanations are not provided in the captions,,Clear explanations are not provided in the captions,
52,920,5,Easy to compare categories and caption summarizes the main trend,Easy to compare categories,caption summarizes the main trend,
53,920,5,Both are very easy to understand.,,,Both are very easy to understand
54,920,1,The caption does not mention the goal of the chart/ takeaway. It mentions what is mentioned in the charts,,The caption does not mention the goal of the chart/ takeaway. It mentions what is mentioned in the charts,
55,937,5,"Clear visualization with detailed caption. The chart uses color coding and thick lines to show the medians, and the total range of models. ","Clear visualization. The chart uses color coding and thick lines to show the medians, and the total range of models The chart uses color coding thick lines to show the medians, the total range of models",detailed caption,
56,937,4,"The caption and graph design is good, but the x-y labels and titles are hard to read. ",the x-y labels and titles are hard to read.,,
57,937,4,The caption does not mention about the trend having the labels little unclear,,The caption does not mention about the trend having the labels little unclear,
58,994,5,Clear visualization with detailed caption. The different lines along with the shaded area conveys the main takeaway.,"Clear visualization. The chart uses color coding and thick lines to show the medians, and the total range of models The different lines along with the shaded area conveys the main takeaway",detailed caption,
59,994,5,Both are easy to understand.,,,Both are easy to understand
60,994,4,Caption summarize the chart,,Caption summarize the chart,
61,999,5,Clear takeaway and easy to interpret.,Clear takeaway easy to interpret,,Clear takeaway and easy to interpret
62,999,5,Both are easy to interpret.,,,Both are easy to interpret
63,999,4,"Require both caption and chart to interpret the takeaway, the line is clearly not mentioned in the chart","chart to interpret the takeaway, the line is clearly not mentioned in the chart",Require both caption,
64,1081,5,Easy to see the annual average and understand the main takeaway by reading the caption.,Easy to see the annual average,understand the main takeaway by reading the caption,
65,1081,5,Both are easy to interpret.,,,Both are easy to interpret
66,1081,4,"The caption does not fully say the about the chart, but mentions some part of trend",,"The caption does not fully say the about the chart, but mentions some part of trend",
67,1251,5,Easy to get the main takeaway and understand the difference between the color coded bars.,Easy to get the main takeaway and understand the difference between the color coded bars Easy to get the main takeaway understand the difference between the color coded bars,,
68,1251,5,Both are easy to understand.,,,Both are easy to understand
69,1251,3,"The caption does not state any trends in the chart, and no clear takeaways",,"The caption does not state any trends in the chart, and no clear takeaways",
70,1277,5,The words on the side explaining the y-axis is cut off but the caption provides good details to interpret the graph. The legend further helps in understanding the main takeaway.,The legend further helps in understanding the main takeaway. The words on the side explaining the y-axis is cut off. The words on the side explaining the y-axis is cut off The legend further helps in understanding the main takeaway,the caption provides good details to interpret the graph,
71,1277,4,"The caption can better explain the trend, and the graph is good, but the labels are not visible.",the labels are not visible,"The caption can better explain the trend,",
72,1277,2,"Require caption just to read the y-axis label, there are no clear takeaway mentioned",,"Require caption just to read the y-axis label, there are no clear takeaway mentioned",
73,1285,5,The chart shows the time series of the global annual ocean with color-code lines for different categories. The caption provides detailed context explaining the CI and data source. The clear labels from the average time periods help in understanding the main trend.,The chart shows the time series of the global annual ocean with color-code lines for different categories . The clear labels from the average time periods help in understanding the main trend The chart shows the time series of the global annual ocean with color-code lines for different categories data source The clear labels from the average time periods help in understanding the main trend,The caption provides detailed context explaining the CI and data source The caption provides detailed context explaining the CI,
74,1285,5,Both are pretty easy to understand.,,,Both are pretty easy to understand
75,1285,1,"The chart does mention the error region, but it is not clear about the range of the confidence interval or why is it kept with different colors","The chart does mention the error region, it is not clear about the range of the confidence interval or why is it kept with different colors",,
76,1295,5,The chart shows the time series of the global annual ocean with color-code lines for different categories. The caption provides detailed context explaining the CI and data source. The clear labels from the average time periods help in understanding the main trend.,The chart shows the time series of the global annual ocean with color-code lines for different categories The clear labels from the average time periods help in understanding the main trend The chart shows the time series of the global annual ocean with color-code lines for different categories data source The clear labels from the average time periods help in understanding the main trend,The caption provides detailed context explaining the CI and data source The caption provides detailed context explaining the CI,
77,1295,5,Both are easy to understand.,,,Both are easy to understand
78,1295,1,"The chart does mention the error region, but it is not clear about the range of the confidence interval or why is it kept with different colors","The chart does mention the error region, it is not clear about the range of the confidence interval or why is it kept with different colors",,
79,1303,5,The captions explains the main trend and the graph is easy to interpret.,the graph is easy to interpret,The captions explains the main trend and the graph is easy to interpret The captions explains the main trend,
80,1303,5,Both are easy to understand.,,,Both are easy to understand
81,1303,2,There is no clear takeaway that can be infered from the caption and also from the chart,,,There is no clear takeaway that can be infered from the caption and also from the chart
82,1601,5,Easy to read the labels and compare the pH levels.,Easy to read the labels and compare the pH levels Easy to read the labels compare the pH levels,,
83,1601,5,Both are easy to understand.,,,Both are easy to understand
84,1601,5,caption augments with chart,,caption augments with chart,
85,1711,5,"Easy to compare the categories
",Easy to compare the categories,,
86,1711,4,"The caption can better by explaining the trend, and the graph labels are small.",the graph labels are small,"The caption can better by explaining the trend,",
87,1711,3,The caption does not fully cover the main trend from the charts. but both charts and captions require some effort to get some message,both charts,captions require some effort to get some message,The caption does not fully cover the main trend from the charts
88,1712,5,Easy to see the heat content changing.,Easy to see the heat content changing,,
89,1712,5,Both are easy to understand.,,,Both are easy to understand
90,1712,4,"Caption provides useful context about the data and methodology, it is somewhat dense and does not clearly summarize the main takeaway.",,"Caption provides useful context about the data and methodology, it is somewhat dense and does not clearly summarize the main takeaway.",
91,1761,5,Easy to compare categories and read the labels.,Easy to compare categories and read the labels Easy to compare categories read the labels,,
92,1761,5,Both are easy to understand.,,,Both are easy to understand
93,1761,4,"Though the caption clearly explains about the what is being measured and how the data compiled, but it does not clearly summarize the main takeaway or highlight the important trends.",,"Though the caption clearly explains about the what is being measured and how the data compiled, but it does not clearly summarize the main takeaway or highlight the important trends.",
94,1779,5,The chart shows the comparison between the simulations and observations. Each panel is well laid out and labeled so it is easy to compare the scenarios. The chart's caption is long but includes an overview of the data.,The chart shows the comparison between the simulations and observations Each panel is well laid out and labeled so it is easy to compare the scenarios The chart shows the comparison between the simulations observations Each panel is well laid out labeled so it is easy to compare the scenarios includes an overview of the data,The chart's caption is long but includes an overview of the data,The chart's caption is long
95,1779,5,"Both are easy to understand, the model's shadow shows the differences well.",the model's shadow shows the differences well,,"Both are easy to understand, "
96,1779,4,"The visualization is clear, but caption does not fully capture the summary of the chart","The visualization is clear,",caption does not fully capture the summary of the chart,
97,1803,5,"Despite a lot of elements, the chart shows the main trend with using different colors and symbols to help differentiate between data clearly. ","Despite a lot of elements, the chart shows the main trend with using different colors and symbols to help differentiate between data clearly Despite a lot of elements, the chart shows the main trend with using different colors symbols to help differentiate between data clearly",,
98,1803,5,Both are easy to understand.,,,Both are easy to understand
99,1803,4,"The horizontal bar chart is clear with error bars. And the caption provides details about the terms and data, but does not fully give the main takeaway",The horizontal bar chart is clear with error bars,"the caption provides details about the terms and data, but does not fully give the main takeaway",
100,1818,5,"Clear takeaway with detailed context, making it easy to interpret. ",,"Clear takeaway with detailed context, making it easy to interpret",
101,1818,5,"Both are easy to understand, and the trend is clear.",,,"Both are easy to understand, the trend is clear"
102,1818,5,Easy takeaway,,,Easy takeaway
103,1839,5,"The scatter plot shows the relationship between the x and y axis. The line of best fit clearly shows the trend. The caption also provides detailed context about the source data.
Clear representation makes it easy to interpret. ",The scatter plot shows the relationship between the x and y axis The line of best fit clearly shows the trend. Clear representation makes it easy to interpret The scatter plot shows the relationship between the x y axis The line of best fit clearly shows the trend Clear representation makes it easy to interpret,The caption also provides detailed context about the source data,
104,1839,5,Both are easy to interpret.,,,Both are easy to interpret
105,1839,4,"The axis are well labeled, and the use of colors make it more interpretable. Caption represent some details but not fully summarize the trend","The axis are well labeled, and the use of colors make it more interpretable. ",Caption represent some details but not fully summarize the trend,
106,1945,5,Easy to compare the categories and analyze the potential for CO2 reduction across different regions.,Easy to compare the categories and analyze the potential for CO2 reduction across different regions Easy to compare the categories analyze the potential for CO2 reduction across different regions,,
107,1945,4,"Both are understandable, but the caption should include more context for the situation and trend.",,the caption should include more context for the situation and trend.,Both are understandable
108,1945,3,"The chart is interpretable, but the caption can be more informative and also express trends in the chart",The chart is interpretable,the caption can be more informative and also express trends in the chart,
109,2062,5,"Easy to compare categories and the use of colors to represent data makes it easier to compare them. Although the caption is long, it expands on each of the studies making it easier to understand the main takeaway.",Easy to compare categories and the use of colors to represent data makes it easier to compare them Easy to compare categories the use of colors to represent data makes it easier to compare them,"Although the caption is long, it expands on each of the studies making it easier to understand the main takeaway",
110,2062,5,Both are pretty easy to understand.,,,Both are pretty easy to understand
111,2062,3,"Chart have many terms and abbreviations, even though caption does mention the terms it does not mention any takeaway message",Chart have many terms and abbreviations,caption does mention the terms it does not mention any takeaway message,
112,2065,5,"The use of 2 box plots to show the two scenarios makes it easy compare them. Furthermore, the chart includes two different time periods and multiple technologies. While this adds complexity, it also provides a good overview of the data. ","The use of 2 box plots to show the two scenarios makes it easy compare them. Furthermore, the chart includes two different time periods and multiple technologies While this adds complexity, it also provides a good overview of the data The use of 2 box plots to show the two scenarios makes it easy compare them Furthermore, the chart includes two different time periods multiple technologies While this adds complexity, it also provides a good overview of the data",,
113,2065,5,Both are pretty easy to understand.,,,Both are pretty easy to understand
114,2065,3,"The chart is easy to understand, but the main takeaway is clearly not mentioned in both chart and caption.",The chart is easy to understand,,the main takeaway is clearly not mentioned in both chart and caption.
115,2124,5,Easy to compare the categories and see the main trend.,Easy to compare the categories and see the main trend Easy to compare the categories see the main trend,,
116,2124,5,Both are easy to understand.,,,Both are easy to understand
117,2124,3,"The chart have some trends, but not sure which trend to look at, and caption does not seem to provide a clear explanations","The chart have some trends, not sure which trend to look at,",caption does not seem to provide a clear explanations,
118,2218,5,Easy to compare the categories and see the main trends.,Easy to compare the categories and see the main trends Easy to compare the categories see the main trends,,
119,2218,4,"Both are understandable, but the graph labels are unclear.",the graph labels are unclear,,
120,2218,1,The label says -20% but it is confusing in the chart,The label says -20% it is confusing in the chart,,
121,112,4,The design and clarity can be improved. Clear takeaway was not given,The design and clarity can be improved. The design clarity can be improved,Clear takeaway was not given,
122,112,2,Difficult to understand the trends,Difficult to understand the trends,,
123,112,3,The caption does not explain any trends observed in the charts,,The caption does not explain any trends observed in the charts,
124,126,4,Caption doesn't fully summarize the main trends.,,Caption doesn't fully summarize the main trends,
125,126,3,"The graphs are easy to understand, but the captions are very long-winded. ","The graphs are easy to understand,",the captions are very long-winded,
126,126,3,Different color are used to represent in different charts for the same label. And also the axis scale is different.,Different color are used to represent in different charts for the same label And also the axis scale is different,,
127,304,4,The chart provides useful information to understand the data.,The chart provides useful information to understand the data,,
128,304,3,"The caption is very wordy, and the labels are hard to read on the graph.",the labels are hard to read on the graph,"The caption is very wordy,",
129,304,3,Difficult to read labels,Difficult to read labels,,
130,317,4,"The caption provides details information about the chart. 
Colors and labels are used effectively to convey the main takeaway.
",Colors and labels are used effectively to convey the main takeaway Colors labels are used effectively to convey the main takeaway,The caption provides details information about the chart,
131,317,5,The graph is well made and easy to understand.,The graph is well made easy to understand,,
132,317,3,"The caption only explains about the labels inside the chart, but it is not clearly stating the trend and what should be interpreted.",,"The caption only explains about the labels inside the chart, but it is not clearly stating the trend and what should be interpreted.",
133,330,4,Clear visual representation with a detailed caption,,,Clear visual representation with a detailed caption
134,330,5,The graphs are easy to understand.,The graphs are easy to understand,,
135,330,3,"The chart a caption does not explain clearly the takeaway, chart b caption has mentioned the takeaway",,"The chart a caption does not explain clearly the takeaway, chart b caption has mentioned the takeaway",
136,380,4,"The caption is detailed, but does not provide the clear takeaway",does not provide the clear takeaway,"The caption is detailed, but does not provide the clear takeaway The caption is detailed,",
137,380,3,The graph labels are hard to read.,The graph labels are hard to read,,
138,380,3,The caption does not summarize chart main trend,,The caption does not summarize chart main trend,
139,433,4,"No legend included, the caption explains what the different lines mean along with providing detailed information. ",No legend included,the caption explains what the different lines mean along with providing detailed information,"No legend included, the caption explains what the different lines mean along with providing detailed information"
140,433,5,The graph and the caption are easy to understand.,The graph is easy to understand,the caption are easy to understand,
141,433,3,"The caption provides an explanation about the lines, but does not clearly explain the comparison between the trends.",,"The caption provides an explanation about the lines, but does not clearly explain the comparison between the trends.",
142,447,4,Detailed caption but the caption does not clear summarize the main takeaway.,,Detailed caption but the caption does not clear summarize the main takeaway Detailed caption the caption does not clear summarize the main takeaway,
143,447,5,Both easy to understand.,,,Both easy to understand
144,447,3,The labels are not clear and not represented in caption,The labels are not clear,The labels are not explained in caption,
145,491,4,"- Caption provides a good explanation for what the dots mean
- The use of labels helps in understanding the main takeaways",The use of labels helps in understanding the main takeaways,"Caption provides a good explanation for what the dots mean - Caption provides a good explanation for what the dots mean
- The use of labels helps in understanding the main takeaways",
146,491,5,Both are easy to understand.,,,Both are easy to understand
147,491,5,Easy to compare categories,Easy to compare categories,,
148,492,4,Easy to interpret with use of labels and detailed caption,Easy to interpret with use of labels,detailed caption,
149,492,4,"Caption is very wordy, but graph is understandable. ",graph is understandable,"Caption is very wordy,",
150,492,4,"The chart and caption clearly explain the labels used, but caption is lost in translation",The chart clearly explains the labels,"caption clearly explain the labels used, caption is lost in translation",
151,614,4,It is difficult to grasp the key points since there are too many words on the chart.,It is difficult to grasp the key points since there are too many words on the chart,,
152,614,3,"The caption explains the situation, but the graph is very wordy and hard to read.",the graph is very wordy hard to read,"The caption explains the situation,",
153,614,5,clear takeaway,,,clear takeaway
154,639,4,The caption provides the main takeaways while the chart uses color coding to help understand the caption,the chart uses color coding to help understand the caption,The caption provides the main takeaways,The caption provides the main takeaways while the chart uses color coding to help understand the caption
155,639,5,Both are easy to understand.,,,Both are easy to understand
156,639,4,Easy to compare,Easy to compare,,
157,643,4,"Too many categories are present in the chart, but they are well organized and labeled. 
The different bars in the chart are not easy to comprehend without reading the captions ","Too many categories are present in the chart, but they are well organized and labeled Too many categories are present in the chart, they are well organized labeled",The different bars in the chart are not easy to comprehend without reading the captions,
158,643,3,The graph is hard to understand.,The graph is hard to understand,,
159,643,3,Difficult to understand and caption do not summarize main trend.,Difficult to understand,caption do not summarize main trend,
160,658,4,"Clear representation with a clear break down of cost and efficiency improvements. 
The format of this chart is not the standard ",Clear representation with a clear break down of cost and efficiency improvements The format of this chart is not the standard Clear representation with a clear break down of cost efficiency improvements The format of this chart is not the standard,,
161,658,5,The graph is very well made.,The graph is very well made,,
162,658,4,less caption is given,,less caption is given,
163,736,4,Informative caption but complex data requires interpretation,complex data requires interpretation,Informative caption but complex data requires interpretation Informative caption,
164,736,4,"The caption describes the graphs well, but the graphs a little unclear and hard to read. ",the graphs a little unclear hard to read,"The caption describes the graphs well,",
165,736,4,"The chart and caption capture the trend, but the chart is little complex to understand","The chart capture the trend, but the chart is little complex to understand","caption capture the trend,",
166,828,4,Overlapping lines makes it difficult to interpret. But the annual mean is shown which helps. Informative caption.,Overlapping lines makes it difficult to interpret But the annual mean is shown which helps Overlapping lines makes it difficult to interpret But the annual mean is shown which helps,Informative caption,
167,828,1,"The caption doesn't explain what the different colors mean, and doesn't explain the trend. It is extremely hard to differentiate the colors on the graph, and we don't know what each color represents.  ","It is extremely hard to differentiate the colors on the graph, we don't know what each color represents","The caption doesn't explain what the different colors mean, and doesn't explain the trend. ",
168,828,3,No proper labeling is stated in chart and caption,No proper labeling is stated in chart,caption does not explain missing labels,
169,839,4,Clear visualization that shows temperature changes. Clear takeaway,Clear visualization that shows temperature changes,,Clear takeaway
170,839,5,Both are easy to interpret.,,,Both are easy to interpret
171,839,2,Fluctuations are not clearly mentioned in the caption,,Fluctuations are not clearly mentioned in the caption,
172,904,4,"Detailed caption, chart has different curves representing different depths and locations. The x-axis and y-axis are clear, and the captions helps with the interpretation. No legend is present.","chart has different curves representing different depths and locations. The x-axis and y-axis are clear, and the captions helps with the interpretation. No legend is present. locations The x-axis y-axis are clear, No legend is present",Detailed caption. the captions helps with the interpretation. the captions helps with the interpretation,
173,904,5,Both are easy to understand.,,,Both are easy to understand
174,904,3,caption does not summarize main trend,,caption does not summarize main trend,
175,1006,4,Clear context with color-coded regions but multiple lines make the chart somewhat complex.,Clear context with color-coded regions but multiple lines make the chart somewhat complex multiple lines make the chart somewhat complex,Clear context with color-coded regions,
176,1006,2,"The caption should explain the trend better, and the graph is very hard to read and tell the difference between the many labels. ",the graph is very hard to read tell the difference between the many labels,"The caption should explain the trend better,",
177,1006,2,labels are not clear,labels are not clear,,
178,1044,4,"Too many lines and shaded regions makes the chart more complicated, but the detailed information in the caption helps.","Too many lines and shaded regions makes the chart more complicated, Too many lines shaded regions makes the chart more complicated,",the detailed information in the caption helps,
179,1044,5,"Both are easy to understand, and the colors are clear on the graph.",the colors are clear on the graph,,"Both are easy to understand, "
180,1044,5,caption summarize the chart,,caption summarize the chart,
181,1301,4,"The chart includes various components represent by different patterns and colors. The caption provided is extensive, which is informative but it adds to the complexity. Furthermore, the blue/grey shaded areas add additional visual elements.","The chart includes various components represent by different patterns and colors Furthermore, the blue/grey shaded areas add additional visual elements The chart includes various components represent by different patterns colors it adds to the complexity Furthermore, the blue/grey shaded areas add additional visual elements","The caption provided is extensive, which is informative but it adds to the complexity The caption provided is extensive, which is informative",
182,1301,4,"The graph and caption are good, but some labels are small. ",The graph some labels are small,"caption are good,",
183,1301,3,"The caption is not required, because caption tells to look in the chart explanations for more details",,"The caption is not required, because caption tells to look in the chart explanations for more details",
184,1388,4,Clear explanation in the caption and the graph has a zoomed in graph inside it making it easier to interpret the information given.,the graph has a zoomed in graph inside it making it easier to interpret the information given,Clear explanation in the caption,
185,1388,5,Both are pretty easy to understand.,,,Both are pretty easy to understand
186,1388,4,"Caption mentions about the chart and trend, but it can improved with more adding in more details and highlighting the takeaway message",,"Caption mentions about the chart and trend, but it can improved with more adding in more details and highlighting the takeaway message",
187,1428,4,"The chart effectively shows the ranges of lifecycle GHG emissions for various fuel categories using different patterns. The caption provides enough information to interpret the graph.  The use of multiple sources makes the chart somewhat clutters, but it is interpretable. ","The chart effectively shows the ranges of lifecycle GHG emissions for various fuel categories using different patterns. The use of multiple sources makes the chart somewhat clutters, but it is interpretable The chart effectively shows the ranges of lifecycle GHG emissions for various fuel categories using different patterns The use of multiple sources makes the chart somewhat clutters, it is interpretable",The caption provides enough information to interpret the graph,
188,1428,4,"Both are okay, but the graph labels are a little small and the caption can explain the trend better.","Both are okay, the graph labels are a little small",the caption can explain the trend better,
189,1428,1,"The caption does not have any information only references, and bars inside the chart is little confusing",bars inside the chart is little confusing,"The caption does not have any information only references,",
190,1453,4,The chart conveys the main takeaway but the multiple components and no legend for the different symbols and colors found in the chart make it a little hard to interpret.,The chart conveys the main takeaway but the multiple components and no legend for the different symbols and colors found in the chart make it a little hard to interpret The chart conveys the main takeaway the multiple components no legend for the different symbols colors found in the chart make it a little hard to interpret,,
191,1453,5,Both are pretty easy to understand.,,,Both are pretty easy to understand
192,1453,3,"The chart and caption mentions about different lines, but no straight forward takeaway",The chart no straight forward takeaway,"caption mentions about different lines, but no straight forward takeaway",
193,1499,4,The caption summarizes the key trend and the graph includes a legend and it is somewhat easy to understand the errors bars. This visualization effectively shows the differences between the categories.,the graph includes a legend and it is somewhat easy to understand the errors bars. the graph includes a legend it is somewhat easy to understand the errors bars This visualization effectively shows the differences between the categories,The caption summarizes the key trend,
194,1499,5,Both are easy to interpret.,,,Both are easy to interpret
195,1499,4,"The black lines are not fully mentioned in chart or caption, but could be infered as error lines",The black lines are not fully mentioned in chart but could be infered as error lines,"The black lines are not fully mentioned in caption, but could be infered as error lines",
196,1519,4,Clear representation with detailed information about the key trend making it somewhat interpretable.,Clear representation with detailed information about the key trend making it somewhat interpretable,,
197,1519,5,Both are good and easy to interpret.,,,Both are good easy to interpret
198,1519,3,"The caption does provide detailed context about the data sources and methods, but does not clearly summarize the main takeaway or highlight the key trend.",,"The caption does provide detailed context about the data sources and methods, but does not clearly summarize the main takeaway or highlight the key trend.",
199,1626,4,"Clear representation with some complexity, no legend is present in the graph, making it somewhat interpretable. You can see the overall trend by looking at the regression line and the r^2. ","Clear representation with some complexity, no legend is present in the graph, making it somewhat interpretable You can see the overall trend by looking at the regression line and the r^2 Clear representation with some complexity, no legend is present in the graph, making it somewhat interpretable You can see the overall trend by looking at the regression line the r^2",,
200,1626,5,Both are easy to understand.,,,Both are easy to understand
201,1626,2,The labels are not mentioned in the chart,The labels are not mentioned in the chart,,
202,1697,4,Somewhat easy to compare the categories,Somewhat easy to compare the categories,,
203,1697,4,"The caption explains the graph pretty well, but some of the labels are blurry on the graph.",some of the labels are blurry on the graph,"The caption explains the graph pretty well,",
204,1697,2,labels are not clearly mentioned for the first chart,labels are not clearly mentioned for the first chart,,
205,1715,4,Multiple panels and detailed context add complexity making it somewhat confusing.,Multiple panels and detailed context add complexity making it somewhat confusing Multiple panels,detailed context add complexity making it somewhat confusing,
206,1715,5,"Both are easy to understand, but the caption can be better at explaining the context.",,the caption can be better at explaining the context,"Both are easy to understand,"
207,1715,3,The chart contains multiple ranges which is confusing in the first glance. The caption does not clearly summarize the main trend,The chart contains multiple ranges which is confusing in the first glance,The caption does not clearly summarize the main trend,
208,1718,4,"Clear representation with consistent color coding, making it somewhat interpretable ","Clear representation with consistent color coding, making it somewhat interpretable",,
209,1718,3,"The graph is kind of confusing with the red and blue, and the different year labels. The caption should be improved to explain the trend and context.","The graph is kind of confusing with the red blue, the different year labels",The caption should be improved to explain the trend context,
210,1718,2,"The caption does not summarize main trend, because it says current report but 2050 year is colored in blue which is previous report",,"The caption does not summarize main trend, because it says current report but 2050 year is colored in blue which is previous report",
211,1726,4,Detailed caption but the multiple elements make it somewhat interpretable,the multiple elements make it somewhat interpretable,Detailed caption,
212,1726,5,Both are easy to understand.,,,Both are easy to understand
213,1726,5,Labels are clearly mentioned and easy to understand,Labels are clearly mentioned easy to understand,,
214,1755,4,The graph is easy to understand and the caption provides thorough information about each panel which is informative.,The graph is easy to understand,the caption provides thorough information about each panel which is informative,
215,1755,5,"Both are easy to understand, but the graph should have a title.",the graph should have a title,,
216,1755,3,The caption is lengthy and does not clearly summarize main takeaway or maybe highlight the important trend.,,The caption is lengthy and does not clearly summarize main takeaway or maybe highlight the important trend.,
217,1757,4,"The use of different colors for each line, makes it easy to differentiate the data clearly. The chart also includes a legend, but it can be hard to understand without the help of the detailed context. ","The use of different colors for each line, makes it easy to differentiate the data clearly The chart also includes a legend. The use of different colors for each line, makes it easy to differentiate the data clearly The chart also includes a legend,",chart is hard to understand without the help of the detailed context in caption it can be hard to understand without the help of the detailed context,
218,1757,5,"Both are easy to understand, but the caption should explain the trend.",,the caption should explain the trend,
219,1757,3,"The caption have mentioned many details, but did not clearly mention or summarize the main takeaway",,"The caption have mentioned many details, but did not clearly mention or summarize the main takeaway",
220,1777,4,"The visualization includes multiple panels for different regions and periods. The use of these panels adds to the complexity. The caption provides thorough information about the anomalies, but it can take a while to understand the context about the takeaway. ",The visualization includes multiple panels for different regions and periods. The use of these panels adds to the complexity The visualization includes multiple panels for different regions periods The use of these panels adds to the complexity,"The caption provides thorough information about the anomalies, but it can take a while to understand the context about the takeaway The caption provides thorough information about the anomalies, it can take a while to understand the context about the takeaway",
221,1777,5,Both are easy to interpret.,,,Both are easy to interpret
222,1777,2,The charts in the right does not clearly interpret,The charts in the right does not clearly interpret,,
223,1790,4,"The chart shows the frequency for two scenarios, and it is somewhat easy to understand. The caption provides thorough information about the scenarios and error bars. ","The chart shows the frequency for two scenarios, and it is somewhat easy to understand The chart shows the frequency for two scenarios, it is somewhat easy to understand error bars",The caption provides thorough information about the scenarios and error bars The caption provides thorough information about the scenarios,
224,1790,4,"The caption is good, but the graph labels and ranges are very small, so it is hard to tell what value they correlate to.","the graph labels ranges are very small, so it is hard to tell what value they correlate to","The caption is good,",
225,1790,4,The caption is dense and does not fully summarize the main takeaway.,,The caption is dense and does not fully summarize the main takeaway.,
226,1861,4,The legend and well-defined axes make the charts somewhat interpretable. The caption makes it easy to understand the main key takeaway.,The legend and well-defined axes make the charts somewhat interpretable The legend well-defined axes make the charts somewhat interpretable,The caption makes it easy to understand the main key takeaway,
227,1861,5,"Both are easy to understand, the caption can better explain the trend/context.",,"Both are easy to understand, the caption can better explain the trend/context",
228,1861,3,"The chart does seem to use some symbols like triangle, circle that are not fully explained within the visualization itself and require very large caption. The caption is lengthy but does not fully summarize the trend","The chart does seem to use some symbols like triangle, circle that are not fully explained within the visualization itself and require very large caption.",The caption is lengthy but does not fully summarize the trend,
229,1874,4,"The scatter plot shows the relationship between the x and y axis, and the data points and arrows clearly show the trends. The use of symbols helps to differentiate the data points.. Also, the caption is long so can take a little time to  understand the context of the chart. ","clearly observable trend. The use of symbols helps to differentiate the data points. The scatter plot shows the relationship between the x y axis, the data points arrows clearly show the trends The use of symbols helps to differentiate the data points","the caption is long so can take a little time to  understand the context of the chart. Also, the caption is long so can take a little time to  understand the context of the chart",
230,1874,5,Both are pretty easy to understand.,,,Both are pretty easy to understand
231,1874,4,"The visualization is clear and allows for comparison, but the key message could be more directly stated in the caption","The visualization is clear allows for comparison,",the key message could be more directly stated in the caption,
232,1894,4,"The chart has annotations and different comparison lines making it harder to quickly understand the main takeaway. The use of specific scientific terms might not be immediately clear to everyone. The caption is informative and provides necessary context. The addition of the error bars also adds another layer of information, which can complicate the overall interpretation. ","The chart has annotations and different comparison lines making it harder to quickly understand the main takeaway. The use of specific scientific terms might not be immediately clear to everyone. The addition of the error bars also adds another layer of information, which can complicate the overall interpretation The chart has annotations different comparison lines making it harder to quickly understand the main takeaway The use of specific scientific terms might not be immediately clear to everyone The addition of the error bars also adds another layer of information, which can complicate the overall interpretation",The caption is informative and provides necessary context The caption is informative provides necessary context,
233,1894,5,Both are easy to interpret.,,,Both are easy to interpret
234,1894,2,The label in x-axis is confusing to understand there are 4 groups but only 3 wordings/labels,The label in x-axis is confusing to understand there are 4 groups only 3 wordings/labels,,
235,1915,4,"The chart has two parts, the addition of these panels makes it complex, but it does provide an overall overview of the data given. The color-coded map shows the positive and negative trends. The line graph can be a little difficult to interpret since there are overlapping lines, making it somewhat interpretable.","The chart has two parts, the addition of these panels makes it complex, but it does provide an overall overview of the data given. The color-coded map shows the positive and negative trends The line graph can be a little difficult to interpret since there are overlapping lines, making it somewhat interpretable The chart has two parts, the addition of these panels makes it complex, it does provide an overall overview of the data given The color-coded map shows the positive negative trends The line graph can be a little difficult to interpret since there are overlapping lines, making it somewhat interpretable",,
236,1915,4,"The caption is straightforward, and the top graph is understandable, but the bottom graph should include axis labels.","the top graph is understandable, the bottom graph should include axis labels","The caption is straightforward,",
237,1915,4,The caption is simple and does not fully explain the chart and also key takeaway could be stated in the caption,,The caption is simple and does not fully explain the chart and also key takeaway could be stated in the caption,
238,1925,4,The cline graphs show the trends for both hemispheres with different symbols. The linear trends provides more clarity about the main trends. The caption provided is gives detailed information about the data shown in the chart.,The cline graphs show the trends for both hemispheres with different symbols The linear trends provides more clarity about the main trends The cline graphs show the trends for both hemispheres with different symbols The linear trends provides more clarity about the main trends,The caption provided is gives detailed information about the data shown in the chart,
239,1925,4,"The caption is good, but the graph should include a key to explain the different lines.",the graph should include a key to explain the different lines,"The caption is good,",
240,1925,5,Caption summarize trends in chart,,Caption summarize trends in chart,
241,1947,4,"The caption provides context about the data sources, scenarios, and an explanation of the main trends. It is long and informative, but adds complexity to the interpretation. The chart shows different panels for different scenarios. Despite the detailed context, the visual clarity makes the charts somewhat interpretable. ","The chart shows different panels for different scenarios Despite the detailed context, the visual clarity makes the charts somewhat interpretable It is long informative, adds complexity to the interpretation The chart shows different panels for different scenarios","The caption provides context about the data sources, scenarios, and an explanation of the main trends. It is long and informative, but adds complexity to the interpretation. The caption provides context about the data sources, scenarios, an explanation of the main trends Despite the detailed context, the visual clarity makes the charts somewhat interpretable",
242,1947,5,Both are pretty easy to understand.,,,Both are pretty easy to understand
243,1947,3,"There are many details in chart and also in the caption, but I did not find any clear takeaway",There are many details in chart I did not find any clear takeaway,There are many details in caption I did not find any clear takeaway,
244,1979,4,"The chart shows the main key takeaways, but the multiple components make it complex. The caption provides more information about the chart which makes it somewhat interpretable. ","The chart shows the main key takeaways, but the multiple components make it complex The chart shows the main key takeaways, the multiple components make it complex",The caption provides more information about the chart which makes it somewhat interpretable,
245,1979,5,Both are pretty easy to understand.,,,Both are pretty easy to understand
246,1979,3,"The chart is easy to interpret, but caption does not contain any clear takeaway, it mentions some trends and relationships, but no clear summary","The chart is easy to interpret, ","caption does not contain any clear takeaway, it mentions some trends and relationships, but no clear summary",
247,2016,4,"The use of color coding in the map helps see the variations in the anomalies. But the time graph can be confusing to understand, using the visual clues it can be seen that red bars is for positive values and blue bars are the negative values. Despite the detailed information, the representation is clear. The chart lacks detailed labels that could help in the interpretation.","The use of color coding in the map helps see the variations in the anomalies. But the time graph can be confusing to understand, using the visual clues it can be seen that red bars is for positive values and blue bars are the negative values. Despite the detailed information, the representation is clear. The chart lacks detailed labels that could help in the interpretation. The use of color coding in the map helps see the variations in the anomalies But the time graph can be confusing to understand, using the visual clues it can be seen that red bars is for positive values blue bars are the negative values Despite the detailed information, the representation is clear The chart lacks detailed labels that could help in the interpretation",,
248,2016,4,The caption needs to be improved to explain the context and trend. The graph is pretty good.,The graph is pretty good,The caption needs to be improved to explain the context and trend,
249,2016,3,"The chart does not mention about the color scale used for world map, need to have some assumptions of the color scale for chart only. And caption does not seem to explain the chart clearly, and no clear takeaway is mentioned.","The chart does not mention about the color scale used for world map, need to have some assumptions of the color scale for chart only","And caption does not seem to explain the chart clearly, and no clear takeaway is mentioned.",
250,2049,4,"The graphs contain a lot of data points and trend lines that are presented clearly. Although the chart effectively conveys the main trends, the lack of detailed labels and annotations might make it harder to interpret the small specific finding without any additional context. ","The graphs contain a lot of data points and trend lines that are presented clearly. Although the chart effectively conveys the main trends, the lack of detailed labels and annotations might make it harder to interpret the small specific finding without any additional context. The graphs contain a lot of data points trend lines that are presented clearly Although the chart effectively conveys the main trends, the lack of detailed labels",annotations might make it harder to interpret the small specific finding without any additional context,
251,2049,4,"The caption is good, but the graph data doesn't have a key for the symbols.",the graph data doesn't have a key for the symbols,"The caption is good,",
252,2049,2,Caption does not represent any trends and also comparison between the trends are not discussed. No clear takeaway,,Caption does not represent any trends and also comparison between the trends are not discussed. No clear takeaway,
253,2054,4,"The caption is informative, it also has some unnecessary information that might not be needed to interpret the charts. The legend and clear representations make it charts somewhat interpretable. ",The legend and clear representations make it charts somewhat interpretable The legend clear representations make it charts somewhat interpretable,"The caption is informative, it also has some unnecessary information that might not be needed to interpret the charts",
254,2054,5,"Both are pretty understandable, but the caption can be better.",,the caption can be better,"Both are pretty understandable,"
255,2054,4,"The caption does mention some trends, but the color scale in the chart is little bit confusing",the color scale in the chart is little bit confusing,"The caption does mention some trends,",
256,2061,4,"The chart's use of consistent color coding and multiple types of vehicles adds to the complexity but provides a good overview of the data. The clear axes and legend help in the interpretation, but many require more context for full understanding. ","The chart's use of consistent color coding and multiple types of vehicles adds to the complexity but provides a good overview of the data. The clear axes and legend help in the interpretation, but many require more context for full understanding The chart's use of consistent color coding multiple types of vehicles adds to the complexity provides a good overview of the data The clear axes legend help in the interpretation,",require more context for full understanding,
257,2061,4,"The caption can explain the context and trend better, and the graph is pretty understandable.",the graph is pretty understandable,The caption can explain the context and trend better.,
258,2061,3,The caption does not explain about the trend observed and also the takeaway message is clearly missing.,,The caption does not explain about the trend observed and also the takeaway message is clearly missing.,
259,2071,4,"There is no legend present in the chart, making it difficult to understand what each color means. Each panel presents data using different symbols and colors to represent the different measurements. However, the complexity of the data can make it somewhat challenging to graph the main trends. ","There is no legend present in the chart, making it difficult to understand what each color means. Each panel presents data using different symbols and colors to represent the different measurements. However, the complexity of the data can make it somewhat challenging to graph the main trends There is no legend present in the chart, making it difficult to understand what each color means Each panel presents data using different symbols colors to represent the different measurements However, the complexity of the data can make it somewhat challenging to graph the main trends",,
260,2071,4,"The caption is good, but the graph should have a key for the colors.",the graph should have a key for the colors,"The caption is good,",
261,2071,3,"The caption is lengthy and explains about the terms and about the chart, but no clear takeaway message is mentioned and also comparison between the lines are not mentioned",,"The caption is lengthy and explains about the terms and about the chart, but no clear takeaway message is mentioned and also comparison between the lines are not mentioned",
262,2271,4,"The chart has a clear representation with 2 panels, but each panel uses different line styles and bard to represent the different datasets. However, this adds more complexity to the interpretation of the chart.","The chart has a clear representation with 2 panels, but each panel uses different line styles and bard to represent the different datasets However, this adds more complexity to the interpretation of the chart The chart has a clear representation with 2 panels, each panel uses different line styles bard to represent the different datasets However, this adds more complexity to the interpretation of the chart",,
263,2271,5,The captions and graphs are interpretable.,graphs are interpretable,The captions is interpretable,
264,2271,3,"The caption does explain about the chart, but does not explain about the takeaway",,"The caption does explain about the chart, but does not explain about the takeaway",
265,2356,4,"Given the clear representation, multiple components, and detailed context, it is somewhat interpretable. The use of multiple panels makes it difficult to find a clear takeaway making it somewhat interpretable. ","Given the clear representation, multiple components, and detailed context, it is somewhat interpretable. The use of multiple panels makes it difficult to find a clear takeaway making it somewhat interpretable Given the clear representation, multiple components, The use of multiple panels makes it difficult to find a clear takeaway making it somewhat interpretable",detailed context,
266,2356,4,"Both are pretty understandable, but the graph should have a key. ",the graph should have a key,,"Both are pretty understandable, "
267,2356,4,"The chart is clear and allows for comparison, but key message could be mentioned in the caption","The chart is clear allows for comparison,",key message could be mentioned in the caption,
268,2357,4,The use of different colors and line styles helps differentiate the categories and highlight key information. The clear axes and legends also make the information more interpretable. The multiple components make the interpretation a little complex.,The use of different colors and line styles helps differentiate the categories and highlight key information The clear axes and legends also make the information more interpretable. The multiple components make the interpretation a little complex The use of different colors line styles helps differentiate the categories highlight key information The clear axes legends also make the information more interpretable The multiple components make the interpretation a little complex,,
269,2357,5,"Both are understandable, but caption should explain the trend better.",,caption should explain the trend better,"Both are understandable,"
270,2357,4,Caption summarize the chart,,Caption summarize the chart,
271,2213,4,"The caption provides thorough context about the data sources and the variables shown in each panel. The charts show the long-term trends and provides a comparison. The clear axes and legends help in the understanding of the data, but the technical nature of the content might be overwhelming. The detailed context also might take time to interpret. ","The charts show the long-term trends and provides a comparison. The clear axes and legends help in the understanding of the data, but the technical nature of the content might be overwhelming. the variables shown in each panel The charts show the long-term trends provides a comparison The clear axes legends help in the understanding of the data, the technical nature of the content might be overwhelming",The caption provides thorough context about the data sources and the variables shown in each panel. The detailed context also might take time to interpret The caption provides thorough context about the data sources The detailed context also might take time to interpret,
272,2213,5,"Both are understandable, the trend is present in the graph well,","the trend is present in the graph well,",,"Both are understandable, "
273,2213,3,"The caption mentions about the calculations that are used to prepare the subcharts, but no takeaway",,"The caption mentions about the calculations that are used to prepare the subcharts, but no takeaway",
274,2220,4,The use of different colors and line styles helps compare the categories. The bars at the end represents the ranges and helps interpretating the chart. The caption is needed to fully make an interpretation of the chart.,The use of different colors and line styles helps compare the categories The bars at the end represents the ranges and helps interpretating the chart The use of different colors line styles helps compare the categories The bars at the end represents the ranges helps interpretating the chart,The caption is needed to fully make an interpretation of the chart,
275,2220,3,"The caption explains the graph pretty well, but the graph formatting is a little confusing, and it needs a key.","the graph formatting is a little confusing, it needs a key","The caption explains the graph pretty well,",
276,2220,4,"The chart is clear and allows for comparison, but the main takeaway or highlight of important trend is not mentioned","The chart is clear allows for comparison, the main takeaway or highlight of important trend is not mentioned",,
277,2223,4,"The visualization has 2 panels, which adds complexity, but it also gives a good overview of the data. The overall presentation is somewhat interpretable with the given context found in the caption. ","The visualization has 2 panels, which adds complexity, but it also gives a good overview of the data The visualization has 2 panels, which adds complexity, it also gives a good overview of the data",The overall presentation is somewhat interpretable with the given context found in the caption,
278,2223,4,"Both are understandable, but the graph needs a key.",the graph needs a key,,"Both are understandable, "
279,2223,4,"The caption is lengthy and provides the methodology, but is not able to clearly summarize the main trend",,"The caption is lengthy and provides the methodology, but is not able to clearly summarize the main trend",
280,184,3,Complex caption and the different colored line don't have a clear definition.,the different colored line don't have a clear definition,Complex caption,
281,184,4,The caption doesn't describe the trend well.,,The caption doesn't describe the trend well,
282,184,2,"There are many technical terms that are not fully explained in the caption. There are many labels and legend in the axis, and the means in note immediately clear. The caption does not summarize the main takeaway or important trends. ","There are many labels and legend in the axis, and the means in note immediately clear. ",There are many technical terms that are not fully explained in the caption. The caption does not summarize the main takeaway or important trends.,
283,220,3,Complex representation of the CO2 injection scenarios,Complex representation of the CO2 injection scenarios,,
284,220,4,The caption is very wordy and doesn't explain the trend present in the graphs.,,The caption is very wordy and doesn't explain the trend present in the graphs.,
285,220,4,Caption summarize the chart,,Caption summarize the chart,
286,297,3,"There is no visual clutter, the caption provides a summary of the key trends. No legend is present to explain the non-linear lines ",No legend is present to explain the non-linear lines,"There is no visual clutter, the caption provides a summary of the key trends",
287,297,5,The graph is easy to understand.,The graph is easy to understand,,
288,297,2,"Both chart and caption tell about the labels used and how they are formed, but there is no mention what the intent for the chart is.","chart tell about the labels used, but there is no mention what the intent for the chart is.","caption tell about the labels used and how they are formed, but there is no mention what the intent for the chart is.",
289,407,3,"The caption is detailed but the chart is blurry, 
Difficult to read the chart","the chart is blurry, 
Difficult to read the chart",The caption is detailed,
290,407,3,"The caption explains the graph, but the graph labels are hard to read.",the graph labels are hard to read,"The caption explains the graph,",
291,407,5,Easy to compare categories,Easy to compare categories,,
292,494,3,"Hard to interpret the multiple categories on the chart, 
detailed caption highlights what the chart shows ","Hard to interpret the multiple categories on the chart, 
",detailed caption highlights what the chart shows,
293,494,2,"The caption is very wordy, but explains the situation, and the graph is very hard to read.",the graph is very hard to read,"The caption is very wordy, but explains the situation, ",
294,494,4,Easy to compare categories,Easy to compare categories,,
295,754,3,Informative caption but overlapping lines adds more complexity,overlapping lines adds more complexity,Informative caption,
296,754,5,The graphs and chart are both easy to interpret and clear to understand.,,,The graphs chart are both easy to interpret clear to understand
297,754,3,"Some inconsistency inside the charts are not mentioned properly like the suddent spike in red bars, the reasoning is not provided.","Some inconsistency inside the charts are not mentioned properly like the suddent spike in red bars, the reasoning is not provided",,
298,1011,3,Detailed caption but multiple bars and no legend for the colors of the bars makes it somewhat confusing.,multiple bars no legend for the colors of the bars makes it somewhat confusing,Detailed caption,
299,1011,5,Both are pretty understandable.,,,Both are pretty understandable
300,1011,1,"The chart is more prone to misinterpreting the change, it would be better to keep the change in vertical instead of horizontal because it is more interpretable as increasing","The chart is more prone to misinterpreting the change, it would be better to keep the change in vertical instead of horizontal because it is more interpretable as increasing",,
301,1143,3,"Overlapping data and no legend found in the graph, this makes it difficult to fully understand the main takeaway.","Overlapping data and no legend found in the graph, this makes it difficult to fully understand the main takeaway ",,
302,1143,2,"The different colors are explained in the caption, but it is better to have a key, and the graph hard to read with the label intersections","it is better to have a key, the graph hard to read with the label intersections","The different colors are explained in the caption,",
303,1143,1,"There is no clear explanation about the comparison between the trend lines, and no takeaway can be taken both chart and caption","trend lines are visible, but no takeaway can be taken from chart","There is no clear explanation about the comparison between the trend lines, and no takeaway can be taken from caption",
304,1215,3,"The chart presents various categories using box plots, symbols like diamonds and individual data points. The graphs uses colors and symbols which adds complexity. Furthermore, the caption provides detailed information about the each element but it takes time to understand. Visual elements make it somewhat confusing.","The chart presents various categories using box plots, symbols like diamonds and individual data points. The graphs uses colors and symbols which adds complexity Visual elements make it somewhat confusing. The chart presents various categories using box plots, symbols like diamonds individual data points. The graphs uses colors symbols which adds complexity it takes time to understand. Visual elements make it somewhat confusing","Furthermore, the caption provides detailed information about the each element but it takes time to understand",
305,1215,5,Both are pretty easy to understand.,,,Both are pretty easy to understand
306,1215,2,The mention of min and max in the bar graph is little misleading when checking the bottom bars for negative change,The mention of min max in the bar graph is little misleading when checking the bottom bars for negative change,,
307,1439,3,"The chart uses different symbols and color to represent various ranges. While the legend and the caption provide the needed context, the multiple data points and lines can be a little confusing to interpret at first glance.  ",The chart uses different symbols and color to represent various ranges The chart uses different symbols color to represent various ranges While the legend lines can be a little confusing to interpret at first glance,"While the legend and the caption provide the needed context, the multiple data points and lines can be a little confusing to interpret at first glance the caption provide the needed context, the multiple data points",
308,1439,5,"Both are pretty easy to understand, but the caption can be better.",,the caption can be better,"Both are pretty easy to understand,"
309,1439,2,The comparison between the lines are not clearly mentioned in the caption and chart,,The comparison between the lines are not clearly mentioned in the caption,
310,213,2,Caption does not fully summarize the main points.,,Caption does not fully summarize the main points,
311,213,2,"The caption doesn't describe the trend, and the graph is hard to read. ",the graph is hard to read,"The caption doesn't describe the trend,",
312,213,2,"I can see the trend in the chart, but it is not straight forward to get the trend without proper context provided. Not clear on what the takeaway is. ",the trend in the chart is visible,it is not straight forward to get the trend without proper context provided,
313,236,2,Difficult  to interpret the representation of temperature projections.,Difficult  to interpret the representation of temperature projections,,
314,236,2,The graph is very hard to read with all the tiny symbols.,The graph is very hard to read with all the tiny symbols,,
315,236,3,Difficult to read labels,Difficult to read labels,,
316,604,2,Detailed caption but hard to compare the categories,hard to compare the categories,Detailed caption but hard to compare the categories Detailed caption,
317,604,3,"The caption is very long-winded, and the graph labels are hard to read. ",the graph labels are hard to read,"The caption is very long-winded,",
318,604,4,Easy to compare categories,Easy to compare categories,,
319,676,2,"- Hard to understand the graph, as there are 2 graphs in the big graph 
- The chart has 2 y-axis and it is visually complex. 
- There is no legend for the different colored lines.","- Hard to understand the graph, as there are 2 graphs in the big graph 
- The chart has 2 y-axis and it is visually complex - There is no legend for the different colored lines - Hard to understand the graph, as there are 2 graphs in the big graph 
- The chart has 2 y-axis it is visually complex - There is no legend for the different colored lines",,
320,676,2,The graph is very hard to read.,The graph is very hard to read,,
321,676,4,Easy to understand,Easy to understand,,
322,758,2,Multiple elements makes it confusing and also the clarity of the second graph is not clear even after zooming in. The color coding and symbols help but the complexity of the data require effort to interpret.,Multiple elements makes it confusing and also the clarity of the second graph is not clear even after zooming in. The color coding and symbols help but the complexity of the data require effort to interpret.,,
323,758,2,"The caption explains the graph labels well, but the graph is hard to read. It is hard to tell the difference in colors and labels, especially in the box and whisker plot. ","the graph is hard to read It is hard to tell the difference in colors labels, especially in the box whisker plot","The caption explains the graph labels well,",
324,758,3,Labels are not clear,Labels are not clear,,
325,846,2,"Complex bar chart under multiple scenarios for the year of 2050. While the caption provides detailed information about the scenarios. But the chart itself is cluttered with multiple bars for each region and scenarios, making it difficult to grasp what is the main takeaway. The overlapping data and use of different colors add more to the confusion. ","Complex bar chart under multiple scenarios for the year of 2050. But the chart itself is cluttered with multiple bars for each region and scenarios, making it difficult to grasp what is the main takeaway. The overlapping data and use of different colors add more to the confusion. ",While the caption provides detailed information about the scenarios,
326,846,5,"Both are easy to interpret, the color coding is well done. ",the color coding is well done,,"Both are easy to interpret, "
327,846,1,There is no clear explanation about the chart and also no clear takeaway mentioned in the caption.,,There is no clear explanation about the chart and also no clear takeaway mentioned in the caption.,
328,898,2,"Although there is a legend in the chart, the multiple lines representing different regions is confusing. The dual y-axes add more to the complexity, making it harder to quickly analyze the chart. ","Although there is a legend in the chart, the multiple lines representing different regions is confusing. The dual y-axes add more to the complexity, making it harder to quickly analyze the chart. ",,
329,898,5,Both are easy to interpret.,,,Both are easy to interpret
330,898,1,No clear trend explained in the caption,,No clear trend explained in the caption,
331,998,2,"Multiple data points and the vertical and horizontal dashes line, increase the complexity of the data as the reader has to interpret multiple aspects of the chart. ","Multiple data points the vertical horizontal dashes line, increase the complexity of the data as the reader has to interpret multiple aspects of the chart",,
332,998,5,Both are easy to understand.,,,Both are easy to understand
333,998,3,The chart is confusing to understand and also the reference lines along y-axis is little confusing,The chart is confusing to understand also the reference lines along y-axis is little confusing,,
334,1100,2,"The graph's resolution is low, the graph is blurry. There is no legend present, explaining the different colors and what do they mean. The caption is detailed which helps in understanding the graph's context. ","The graph's resolution is low, the graph is blurry There is no legend present, explaining the different colors what do they mean",The caption is detailed which helps in understanding the graph's context,
335,1100,2,"The caption is good, but the graph labels are hard to read. ",the graph labels are hard to read,"The caption is good,",
336,1100,4,Easy to compare categories,Easy to compare categories,,
337,1112,2,Multiple lines and different colors make it hard to interpret the main takeaway. The detailed caption makes it a little easier to understand the potential economic growth over time.,Multiple lines different colors make it hard to interpret the main takeaway,The detailed caption makes it a little easier to understand the potential economic growth over time,
338,1112,1,"The caption doesn't explain the graph well, and the graph is very hard to read with the many unlabeled intersecting lines.",the graph is very hard to read with the many unlabeled intersecting lines,"The caption doesn't explain the graph well,",
339,1112,2,"The lines are overlapping on each other and mentioning of some axis notation on the right side, which is not clear","The lines are overlapping on each other mentioning of some axis notation on the right side, which is not clear",,
340,1153,2,The caption does not summarize the main trend of the graph and overlapping lines with the different data sets makes it hard to follow the trends.,overlapping lines with the different data sets makes it hard to follow the trends,The caption does not summarize the main trend of the graph,
341,1153,4,"The caption can better explain the trend, and the graph is a little hard to read but understandable. ",the graph is a little hard to read understandable,"The caption can better explain the trend,",
342,1153,1,"The caption does not justify chart, no clear explanation and takeaways provided",,"The caption does not justify chart, no clear explanation and takeaways provided",
343,1206,2,"The chart includes multiple categories with detailed visual elements, overlapping data points, and addition symbols like red diamonds, all of which make it hard to interpret. despite the detailed caption, the overall presentation requires significant effort to comprehend the main takeaways. ","The chart includes multiple categories with detailed visual elements, overlapping data points, addition symbols like red diamonds, all of which make it hard to interpret","despite the detailed caption, the overall presentation requires significant effort to comprehend the main takeaways",
344,1206,5,Both are easy to understand.,,,Both are easy to understand
345,1206,4,Easy to compare categories,Easy to compare categories,,
346,1400,2,The chart includes comparisons between pink and blue countries across different time periods. The comparison between the different scenarios takes careful interpretation to understand the main takeaways. Multiple elements and detailed context makes it somewhat confusing.,The chart includes comparisons between pink blue countries across different time periods The comparison between the different scenarios takes careful interpretation to understand the main takeaways Multiple elements makes it somewhat confusing,detailed context makes it somewhat confusing,
347,1400,1,"The caption is okay, but the graph lines are very hard to understand. The differences in representation is very small that it is hard to tell. ",the graph lines are very hard to understand The differences in representation is very small that it is hard to tell,"The caption is okay,",
348,1400,3,"The lines are clearly not mentioned in the caption and the chart, making it difficult to interpret the chart",Lines are not labeled,The lines are clearly not mentioned in the caption,
349,1510,2,"The visualization includes multiple categories such as causes, consequences, and costs separated into 3 sections for developing, developed, and global totals. Each section includes graphs for sub-categories for dryland loss, wetland loss, etc. The caption provides little information about the main takeaway. While the visualization effectively conveys the potential impacts, the multiple elements and details to focus on make it somewhat confusing. ","The visualization includes multiple categories such as causes, consequences, costs separated into 3 sections for developing, developed, global totals Each section includes graphs for sub-categories for dryland loss, wetland loss, etc While the visualization effectively conveys the potential impacts, the multiple elements details to focus on make it somewhat confusing",The caption provides little information about the main takeaway,
350,1510,5,Both are easy to understand.,,,Both are easy to understand
351,1510,3,"The caption doesn't seem to mention trends in the chart, and what to follow in the chart. Caption is too small without any details",,"The caption doesn't seem to mention trends in the chart, and what to follow in the chart. Caption is too small without any details",
352,1615,2,"The chart has 1 main panel with 4 additional panels. This adds complexity. The caption provides context about the factors and contributions which is informative. But, making the comparisons between the different factors makes it difficult to interpret. ","The chart has 1 main panel with 4 additional panels This adds complexity contributions which is informative But, making the comparisons between the different factors makes it difficult to interpret",The caption provides context about the factors,
353,1615,4,"Both are pretty good, but in the first graph the black and red are hard to read. ",the first graph the black red are hard to read,,
354,1615,4,Caption is lengthy providing detaled context but not enough to summarize the main takeawat or highlighting the most important trend.,,Caption is lengthy providing detailed context but not enough to summarize the main takeawat or highlighting the most important trend.,
355,1633,2,"The visualization has multiple panels, making it difficult to focus on one panel. The different changes are shown and each panel uses different colors but since there are too many of the little panels, it becomes hard to make any observations. The caption is very detailed about the visualization, but it is too long it read, although it summarizes the main trend. I have to zoom in to see the dashed lines and the solid lines to make any interpretation.","The visualization has multiple panels, making it difficult to focus on one panel The different changes are shown each panel uses different colors since there are too many of the little panels, it becomes hard to make any observations , although it summarizes the main trend I have to zoom in to see the dashed lines the solid lines to make any interpretation","The caption is very detailed about the visualization, it is too long it read",
356,1633,4,"The caption is good, but the graphs are a little small. ",the graphs are a little small,"The caption is good,",
357,1633,4,"The visualization is complex, and caption is lengthy without clearly summarizing the main trend. The main takeaway could be more highlighted in the caption.","The visualization is complex,",caption is lengthy without clearly summarizing the main trend The main takeaway could be more highlighted in the caption,
358,1659,2,"The visualization includes 4 panels showing different precipitations for different countries. The use of multiple panels adds to the complexity. Furthermore, the caption is very detailed about the context and while it is informative, the detailed context is hard to interpret. The chart shows different ratios for each panel, and it takes time and careful interpretation to understand the difference between the models. ","The visualization includes 4 panels showing different precipitations for different countries The use of multiple panels adds to the complexity The chart shows different ratios for each panel, it takes time careful interpretation to understand the difference between the models","Furthermore, the caption is very detailed about the context while it is informative, the detailed context is hard to interpret",
359,1659,1,"The caption is okay, but the symbols and labels on the graph are hard to read. ",the symbols labels on the graph are hard to read,"The caption is okay,",
360,1659,2,"The legend seems to be crowded, making it difficult to distinguish between the models, and overlapping datapoints add some visual clutter. Caption does not mention any key trend.","The legend seems to be crowded, making it difficult to distinguish between the models, overlapping datapoints add some visual clutter",Caption does not mention any key trend,
361,1748,2,Multiple panels make it hard analyze the full context of these graphs. The caption is detailed but it takes time to analyze.,Multiple panels make it hard analyze the full context of these graphs,The caption is detailed,
362,1748,4,"Both are pretty easy to understand, but the graph labels can be bigger.",the graph labels can be bigger,,
363,1748,1,"The year are not consistent between the left top (a) and bottom charts (b,c), which in overview inferring same years.","The year are not consistent between the left top (a) bottom charts (b,c), which in overview inferring same years",,
364,1750,2,"This visualization includes multiple 3D bar graphs with the use of multiple components adds complexity. The caption provides extensive context about the experiments and scenarios, which is informative but also adds to the overall complexity.","This visualization includes multiple 3D bar graphs with the use of multiple components adds complexity scenarios, which is informative also adds to the overall complexity",The caption provides extensive context about the experiments,
365,1750,5,Both are easy to interpret.,,,Both are easy to interpret
366,1750,2,"The 3D charts are making it difficult to compare values, and color encoding is not intuitive, and the caption does provide details about the terms but does not summarize the main takeaway.","The 3D charts are making it difficult to compare values, color encoding is not intuitive, does not summarize the main takeaway",the caption does provide details about the terms,
367,1802,2,The terminology and detailed context adds to the complexity. The scatterplot involves technical terms which require previous knowledge to fully understand.,The scatterplot involves technical terms which require background knowledge to fully understand,detailed context adds to the complexity,
368,1802,4,"The caption is okay, but the graph format should be different.",the graph format should be different,"The caption is okay,",
369,1802,2,Even after close look in chart and caption it is not clear.,,Even after close look in chart and caption it is not clear.,
370,1838,2,"The caption provides a detailed description of the each panel, but it can be hard to compare each panel and compare data. The complexity in the last panel makes it somewhat confusing. ",it can be hard to compare each panel compare data The complexity in the last panel makes it somewhat confusing,"The caption provides a detailed description of the each panel,",
371,1838,5,Both are pretty easy to understand.,,,Both are pretty easy to understand
372,1838,3,"The charts are very dense, with overlapping lines, the caption is comprehensive but it does not clearly summarize the main takeaway","The charts are very dense, with overlapping lines, ",the caption is comprehensive but it does not clearly summarize the main takeaway,
373,1911,2,There are multiple components and details that need to be focused on which make it somewhat confusing. The legend doesn't include what the solid and dashed lines mean. Confusing to find the main trend of the chart.,There are multiple components details that need to be focused on which make it somewhat confusing The legend doesn't include what the solid dashed lines mean Confusing to find the main trend of the chart,,
374,1911,4,"The caption is okay, but the graph should include info about what the vertical lines stand for, and format the data differently visually.","the graph should include info about what the vertical lines stand for, format the data differently visually","The caption is okay,",
375,1911,4,Takes some time to understand there are different countries,Takes some time to understand there are different countries,,
376,2050,2,"Different colors and symbols are used for different purposes, but it can be confusing to understand what they mean. The chart includes many panels which adds to the complexity and makes it harder to get an overall main takeaway of the date. The caption doesn't summarize the main trend. ","Different colors symbols are used for different purposes, it can be confusing to understand what they mean The chart includes many panels which adds to the complexity makes it harder to get an overall main takeaway of the date",The caption doesn't summarize the main trend,
377,2050,4,"The caption should explain the context better, and the graph should have a key for each data point.",the graph should have a key for each data point,"The caption should explain the context better,",
378,2050,2,"Caption provides information regarding the chart, but does not mention any trends, and comparison of various charts since they are combined. No clear takeaway",,"Caption provides information regarding the chart, but does not mention any trends, and comparison of various charts since they are combined. No clear takeaway",
379,2105,2,"The chart shows a comparison between the historical observations, present simulations, and future climate projects. however, the multiple components, and the lines on b,c,and d make it hard to interpret which makes it somewhat confusing. Although the caption explains what the lines mean it is still hard to get an overall picture of the main trend. ","The chart shows a comparison between the historical observations, present simulations, future climate projects however, the multiple components, the lines on b,c,and d make it hard to interpret which makes it somewhat confusing",Although the caption explains what the lines mean it is still hard to get an overall picture of the main trend,
380,2105,5,Both are understandable.,,,Both are understandable
381,2105,2,The bell curves are drawn in different time range which is difficult to compare or understand,The bell curves are drawn in different time range which is difficult to compare or understand,,
382,2125,2,"The caption is complex and takes time to interpret Th charts use different colors and liens to show the historical and project changes. The clear axes and legends somewhat help in understanding. However, just looking at the chart won't help in the interpretation. The bar on the right side is also hard to see and see the ranges. ","The charts use different colors lines to show the historical project changes The clear axes legends somewhat help in understanding However, just looking at the chart won't help in the interpretation The bar on the right side is also hard to see see the ranges",The caption is complex takes time to interpret,
383,2125,5,Both are easy to understand.,,,Both are easy to understand
384,2125,3,"The caption provides the process, but does not provide clear explanation of the trends and comparisons.",,"The caption provides the process, but does not provide clear explanation of the trends and comparisons.",
385,2254,2,"The chart has labels that are heard to read. There is no legend present in the chart. The caption is too long, and it takes time to interpret the main findings. ",The chart has labels that are hard to read. There is no legend present in the chart.,The caption is too long and  it takes time to interpret the main findings.,
386,2254,4,"Both are pretty easy to understand, but a few labels on the graph are blurry. ",a few labels on the graph are blurry,,
387,2254,2,"The chart represented in different colors, but no label mentioned what color means","The chart represented in different colors, no label mentioned what color means",,
388,2262,2,"The caption provided gives detailed context about the data sources, but it is hard to find a main key takeaway without spending some time understanding what each line style/colors mean. ",it is hard to find a main key takeaway without spending some time understanding what each line style/colors mean,"The caption provided gives detailed context about the data sources,",
389,2262,4,"The graph should include a key to explain the colors, and the lines overlap a lot. The caption is good.","The graph should include a key to explain the colors, the lines overlap a lot",The caption is good,
390,2262,2,"There are many overlapping lines in the charts, which require a takeaway message but not mentioned in the caption",There are many overlapping lines in the charts,require a takeaway message not mentioned in the caption,
391,2276,2,The chart uses different scales to represent the different datasets which makes it somewhat confusing to interpret the data. The caption also does not summarize the main trend.,The chart uses different scales to represent the different datasets which makes it somewhat confusing to interpret the data,The caption also does not summarize the main trend,
392,2276,4,"The caption doesn't explain the trend of the graphs well, and the graphs should be separated   instead of placed together on the same axis.",the graphs should be separated   instead of placed together on the same axis,"The caption doesn't explain the trend of the graphs well,",
393,2276,4,It is better to have separate lines in between different categories to increase interpretability in my opinion,It is better to have separate lines in between different categories to increase interpretability in my opinion,,
394,2300,2,"The 3 panels show different results, it hard to compare them. The caption does a good job of explaining what the trends are, but the detailed context adds complexity.  Furthermore, the chart includes grey region that the lines go into which also makes it somewhat confusing. ","The 3 panels show different results, it hard to compare them Furthermore, the chart includes grey region that the lines go into which also makes it somewhat confusing","The caption does a good job of explaining what the trends are, the detailed context adds complexity",
395,2300,5,Both are pretty understandable.,,,Both are pretty understandable
396,2300,4,"The caption does mention some trends relating the charts, but does not give overall takeaway",,"The caption does mention some trends relating the charts, but does not give overall takeaway",
397,2327,2,"Each panel uses different colored lines and symbols to represent different models. However, the use of multiple colors and lines make it somewhat challenging to grasp the main trends. ","Each panel uses different colored lines symbols to represent different models However, the use of multiple colors lines make it somewhat challenging to grasp the main trends",,
398,2327,4,"For the bottom graph, some of the graph lines are hard to read, and the caption should explain the trend.","For the bottom graph, some of the graph lines are hard to read,",the caption should explain the trend,
399,2327,4,"The caption mentions how the charts are related to each other, but not fully mention the clear takeaway message",,"The caption mentions how the charts are related to each other, but not fully mention the clear takeaway message",
400,2152,2,The use of multiple components adds to the complexity of interpretation. The use of technical terms makes it somewhat confusing. The caption provides thorough context but the details add more complexity.,The use of multiple components adds to the complexity of interpretation.,The use of technical terms makes it somewhat confusing. The caption provides thorough context but the details add more complexity.,
401,2152,5,"Both are easy to interpret, and display the trend well.",display the trend well,,
402,2152,3,The bottom chart is less interpretable and caption does not provide any clear takeaway message,The bottom chart is less interpretable,caption does not provide any clear takeaway message,
403,2194,2,The use of error bars and different symbols help in understanding the data but it is also difficult to see the error bars for (a). The detailed information can be too much for some viewers.,The use of error bars different symbols help in understanding the data it is also difficult to see the error bars for (a),The detailed information can be too much for some viewers,
404,2194,5,"The caption is very lengthy, but both are understandable.",,"The caption is very lengthy,",both are understandable
405,2194,1,The x-axis label is very confusing unable to determine the ticks with years,The x-axis label is very confusing unable to determine the ticks with years,,
406,2215,2,"The visualization includes 2 panels, the use of multiple components in each panels makes it somewhat challenging to quickly grasp the main trends. the caption provides detailed context about the dat. While it is informative, it also adds complexity. ","The visualization includes 2 panels, the use of multiple components in each panels makes it somewhat challenging to quickly grasp the main trends ","the caption provides detailed context about the data. While it is informative, it also adds complexity",
407,2215,4,"The caption is good, but the graph formatting could be better.",the graph formatting could be better,"The caption is good,",
408,2215,4,Caption and chart both are required to interpret,,,Caption and chart both are required to interpret
409,242,1,Difficult to interpret the main takeaway. There is no legend. The bars at the end of the orange envelope are blurry.,Difficult to interpret the main takeaway There is no legend The bars at the end of the orange envelope are blurry,,
410,242,3,"The graph is hard to read, and the caption doesn't explain the trend.","The graph is hard to read,",the caption doesn't explain the trend,
411,242,3,More details are required to know about the takeaway for the chart,More details are required to know about the takeaway for the chart,,
412,909,1,"Caption is too long, multiple bars and categories make it confusing to understand what the main takeaways are.  Although, the chart is labeled the layout is dense. ","multiple bars and categories make it confusing to understand what the main takeaways are Although, the chart is labeled the layout is dense",Caption is too long,
413,909,4,"The graph is well made, but the caption can be more straight to the point. ","The graph is well made,",the caption can be more straight to the point,
414,909,3,"The caption does not fully interpret the trends in the chart, though it explains about the labels and wordings used and their relations, there is no clear explanation provided",,"The caption does not fully interpret the trends in the chart, though it explains about the labels and wordings used and their relations, there is no clear explanation provided",
415,950,1,"Too many graphs, graph is blurry, low resolution. Multiple bar plots and scenarios add to the complexity.","Too many graphs, graph is blurry, low resolution Multiple bar plots scenarios add to the complexity",,
416,950,1,"The caption is good, but the graphs are very hard to read, especially the smaller ones. ","the graphs are very hard to read, especially the smaller ones","The caption is good,",
417,950,3,Difficult to read labels in chart,Difficult to read labels in chart,,
418,1068,1,"Too much information is provided in the chart, even though there is a legend, multiple data points and symbols make it difficult to interpret.","Too much information is provided in the chart, even though there is a legend, multiple data points symbols make it difficult to interpret",,
419,1068,1,"The caption doesn't explain the trend, and the graph is very hard to read with the many labels intersecting each other. Even the graph key is hard to read. ",the graph is very hard to read with the many labels intersecting each other Even the graph key is hard to read,"The caption doesn't explain the trend,",
420,1068,1,Many labels confusing,Many labels confusing,,
421,1087,1,"While the caption explains the context, the graph itself is very complex with multiple overlapping lines representing different time periods. The error bars also makes it more difficult to grasp the main takeaway.",The graph itself is very complex with multiple overlapping lines representing different time periods. The error bars also makes it more difficult to grasp the main takeaway,While the caption explains the context,
422,1087,4,"The trend is visible on the graph, but its a little hard to to tell the numbers corresponding to the labels. ","The trend is visible on the graph, its a little hard to to tell the numbers corresponding to the labels",,
423,1087,1,"The caption tells about annual average of the global mean sea level, but in the chart all the months inside an year is mentioned",,caption is not in sync with the chart,
424,1146,1,"This visualization consists of 6 bar graphs, broken down into different regions and aerosols. The caption is detailed however the overall layout is cluttered with many bars, colors codes and error bars. The dense information make it difficult to quickly understand takeaway. ","This visualization consists of 6 bar graphs, broken down into different regions aerosols error bars. However the overall layout is cluttered with many bars, colors codes and error bars. The dense information make it difficult to quickly understand takeaway",The caption is detailed,
425,1146,4,"Both are pretty easy to understand, but the graphs could be bigger. ",the graphs could be bigger,,"Both are pretty easy to understand,"
426,1146,4,Easy to understand,Easy to understand,,
427,1177,1,The graph includes multiple lines representing the different region but the scale bar and the lines all over the graph makes it hard to understand the visualization.,The graph includes multiple lines representing the different region the scale bar the lines all over the graph makes it hard to understand the visualization,,
428,1177,1,"The caption can better describe the context, and the graph arrangement is hard to read, and it has no structure.","the graph arrangement is hard to read, it has no structure","The caption can better describe the context,",
429,1177,2,"The caption does not state any trends in the chart, and no clear takeaways",,"The caption does not state any trends in the chart, and no clear takeaways",
430,1178,1,"While the caption provides detailed context, the graph has too many lines that overlap which makes it difficult to graph the main trends. ",the graph has too many lines that overlap which makes it difficult to graph the main trends,While the caption provides detailed context,
431,1178,2,"The caption can better explain the trend, and the graph lines are hard to read, especially since the blue and green intersect a lot. ","the graph lines are hard to read, especially since the blue green intersect a lot","The caption can better explain the trend,",
432,1178,3,"The caption explained the elements used inside the chart like the process of calculations, but takeaway are not clearly mentioned",,"The caption explained the elements used inside the chart like the process of calculations, but takeaway are not clearly mentioned",
433,1192,1,"While the caption provides details context, the graph includes multiple lines and double axes and complex data sources make it very confusing. ",the graph includes multiple lines and double axes and complex data sources make it very confusing,While the caption provides details context,
434,1192,5,Both are easy to interpret.,,,Both are easy to interpret
435,1192,3,"The caption mentioned about the terms in graph like N, N bar but the obvious trend is not explained",,"The caption mentioned about the terms in graph like N, N bar but the obvious trend is not explained",
436,1205,1,"The chart includes multiple overlapping lines representing different regions and uses both double x-axis and y-axis scales, adding to the complexity. The 4 charts make it hard to understanding the main trends. While the caption provides detailed context about the different location and data sources, but the overall layout makes it very confusing to interpret the main takeaway.","The chart includes multiple overlapping lines representing different regions uses both double x-axis y-axis scales, adding to the complexity The 4 charts make it hard to understanding the main trends data sources, the overall layout makes it very confusing to interpret the main takeaway",While the caption provides detailed context about the different location,
437,1205,2,"The caption is okay, but the graph is very hard to read with the lines intersecting that much. ",the graph is very hard to read with the lines intersecting that much,"The caption is okay,",
438,1205,3,"The caption provide some trends in the charts, but often refers to other charts or tables for more information",,"The caption provide some trends in the charts, but often refers to other charts or tables for more information",
439,1232,1,"There are 4 different panels with different scenarios and models, which adds complexity. Each panel contains multiple lines representing different models and further makes it complex. While the caption provides context, it is too long to read. ","There are 4 different panels with different scenarios models, which adds complexity. Each panel contains multiple lines representing different models further makes it complex","While the caption provides context, it is too long to read",
440,1232,1,"The caption is good, but the graphs are very hard to read with the intersecting labels, especially the bottom two. ","the graphs are very hard to read with the intersecting labels, especially the bottom two","The caption is good,",
441,1232,5,clear takeaway,,,clear takeaway
442,1246,1,Multiple categories and visual elements with various lines makes it confusing. This visualization requires a lot of effort to interpret the main takeaway.,Multiple categories visual elements with various lines makes it confusing This visualization requires a lot of effort to interpret the main takeaway,,
443,1246,1,"The caption can better explain the trend, and the graph structure is very hard to understand.",the graph structure is very hard to understand,"The caption can better explain the trend,",
444,1246,2,"The caption does not state any trends in the chart, and no clear takeaways",,"The caption does not state any trends in the chart,",no clear takeaways
445,1294,1,"The caption is too long, and the graph has multiple elements that represent with vertical bars with various colors lines and symbols, making it hard to read. The caption is too detailed, but it takes time to interpret the information. Furthermore, the compares multiple models which requires careful interpretation. ","the graph has multiple elements that represent with vertical bars with various colors lines symbols, making it hard to read it takes time to interpret the information Furthermore, the compares multiple models which requires careful interpretation","The caption is too long, The caption is too detailed,",
446,1294,1,"The caption can explain the trend better, and the graph is very hard to read with all the different symbols and lines close together.",the graph is very hard to read with all the different symbols lines close together,"The caption can explain the trend better,",
447,1294,4,Easy to compare categories,Easy to compare categories,,
448,1326,1,"Too much information is provided in 1 graph. If possible, it would be helpful to see 4 different graphs to help understand the information better. The image is very blurry so it's hard to read .","Too much information is provided in 1 graph If possible, it would be helpful to see 4 different graphs to help understand the information better The image is very blurry so it's hard to read",,
449,1326,1,"The caption is good, but the graphs are completely unreadable. None of the labels and points can be seen clearly.",the graphs are completely unreadable None of the labels points can be seen clearly,"The caption is good,",
450,1326,2,Difficult to read labels in the chart,Difficult to read labels in the chart,,
451,1576,1,"I cannot see the symbols as it is overlapped and are also cluttered. The chart has 4 graphs with different information presented in each, making it difficult to interpret them easily. The multiple components make it difficult to find it's distinctions between the time and reconstructions. ","I cannot see the symbols as it is overlapped are also cluttered The chart has 4 graphs with different information presented in each, making it difficult to interpret them easily The multiple components make it difficult to find it's distinctions between the time reconstructions",,
452,1576,1,"The caption can be more straight-forward, and the graphs are unreadable with all the symbols and colors intersecting. ",the graphs are unreadable with all the symbols colors intersecting,"The caption can be more straight-forward,",
453,1576,2,Caption have too many citations lost while reading caption and also many visual elements present,many visual elements present,Caption have too many citations lost reading caption,
454,1751,1,There are different colored triangles shown in one of the graphs is confusing. Making a comparison between the two graphs is confusing.  Multiple elements and detailed context make it confusing to understand.,There are different colored triangles shown in one of the graphs is confusing Making a comparison between the two graphs is confusing Multiple elements,detailed context make it confusing to understand,
455,1751,4,"The caption is good, but the graph points/lines are hard to differentiate.",the graph points/lines are hard to differentiate,"The caption is good,",
456,1751,2,The labels are not clearly mentioned in charts,The labels are not clearly mentioned in charts,,
457,1821,1,"There are multiple panels in this visualization, it is hard to tell what each colors mean. Too much information to process so cannot find a main clear takeaway.","There are multiple panels in this visualization, it is hard to tell what each colors mean Too much information to process so cannot find a main clear takeaway",,
458,1821,2,"The caption can be improved to explain the context and trend better, and the various graph symbols and colors are hard to interpret, especially since they are small and clustered.","the various graph symbols and colors are hard to interpret, especially since they are small and clustered.",The caption can be improved to explain the context and trend better,
459,1821,4,"The inclusion of reference line increases the interpretation. However, the chart uses several technical terms and may require extra effort to understand, and it does not provide clear takeaway","The inclusion of reference line increases the interpretation However, the chart uses several technical terms may require extra effort to understand",,No clear takeaway
460,1946,1,"There are multiple lines that overlap, and there are variations of lines (dashed, dotted, straight) which is difficult to see. The caption is long and although it is informative, it can be confusing to understand. Trying to get a main takeaway can be hard. ","There are multiple lines that overlap, there are variations of lines (dashed, dotted, straight) which is difficult to see  Trying to get a main takeaway can be hard","The caption is long and although it is informative, it can be confusing to understand",
461,1946,4,"The caption is good, but the graph lines are very clustered and hard to read.",the graph lines are very clustered hard to read,"The caption is good,",
462,1946,3,"The chart is visually dense, with overlapping lines and there are many abbreviations. The caption is comprehensive and provides detailed methodology, but it is lengthy and does not summarize key takeaway","The chart is visually dense, with overlapping lines there are many abbreviations ","The caption is comprehensive and provides detailed methodology, but it is lengthy and does not summarize key takeaway",
463,1953,1,"The various data points for different models and the alternate observational datasets adds to the complexity of chart. While the caption is concise and informative, understanding the data points and different variables can be overwhelming. ",The various data points for different models the alternate observational datasets adds to the complexity of chart,"While the caption is concise and informative, understanding the data points and different variables can be overwhelming. ",
464,1953,4,"The caption is okay, but the graph points are hard to read.",the graph points are hard to read,"The caption is okay,",
465,1953,2,"The chart is visually cluttered, with overlapping points and numbers. The radial axis does require some more indepth understanding. And caption is lengthy and does not summarize takeaway","The chart is visually cluttered, with overlapping points numbers The radial axis does require some more indepth understanding ",caption is lengthy and does not summarize takeaway,
466,1963,1,"There are six scatter plots divided into two panels, showing different relationships between observed vs model values. This adds complexity to the chart, making it difficult to interpret the data. The chart also uses dashed lines which make it hard to understand what the main takeaway is.","There are six scatter plots divided into two panels, showing different relationships between observed vs model values This adds complexity to the chart, making it difficult to interpret the data The chart also uses dashed lines which make it hard to understand what the main takeaway is",,
467,1963,4,"The caption is good, but the graph should also have a key for the different lines.",the graph should also have a key for the different lines,"The caption is good,",
468,1963,3,The chart is visually dense and also there is some logarithamic axis which is getting covered by data points. Caption does not summarize takeaway clearly.,The chart is visually dense also there is some logarithamic axis which is getting covered by data points,Caption does not summarize takeaway clearly,
469,2007,1,Too many pixelated colors on each panel makes it very difficult to understand the main takeaway. It is also somewhat blurry.,Too many pixelated colors on each panel makes it very difficult to understand the main takeaway It is also somewhat blurry,,
470,2007,5,Both are pretty understandable.,,,Both are pretty understandable
471,2007,2,"The range in the color scale are different, which is confusing when looking together","The range in the color scale are different, which is confusing when looking together",,
472,2008,1,"The chart contains a lot of information in one visualization, which can be overwhelming. The color scale also makes it difficult to quickly graph the importance of variations shown in the charts. ","The chart contains a lot of information in one visualization, which can be overwhelming The color scale also makes it difficult to quickly graph the importance of variations shown in the charts",,
473,2008,4,"The data on the graph is overlaps a lot, so it is a little hard to read, and the caption is good.","The data on the graph is overlaps a lot, so it is a little hard to read,",the caption is good,
474,2008,5,Caption summarize trends in charts,,Caption summarize trends in charts,
475,2052,1,"The chart is very blurry, and it is hard to interpret anything
","The chart is very blurry, it is hard to interpret anything",,
476,2052,1,"The caption doesn't explain the context or trend. The graph is very blurry, the data overlaps a lot, and the entire graph is very hard to read.","The graph is very blurry, the data overlaps a lot, the entire graph is very hard to read",The caption doesn't explain the context or trend,
477,2052,2,labels are not clear,labels are not clear,,
478,2074,2,"multiple panels would have made it easier to read the chart, stacking charts with different labels for y-axis makes it difficult to read. Individual components of the chart are easy to read. A lot of information is encoded in the chart making it overwhelming to look at. Caption does not give the necessary context. Takeaway message is not clearly mentioned in the caption.","multiple panels would have made it easier to read the chart, stacking charts with different labels for y-axis makes it difficult to read Individual components of the chart are easy to read A lot of information is encoded in the chart making it overwhelming to look at",Caption does not give the necessary context Takeaway message is not clearly mentioned in the caption,
479,2074,3,"multiple panels would have made it easier to read the chart, stacking charts with different labels for y-axis makes it difficult to read. Individual components of the chart are easy to read. A lot of information is encoded in the chart making it overwhelming to look at. Caption does not give the necessary context. Takeaway message is not clearly mentioned in the caption.","multiple panels would have made it easier to read the chart, stacking charts with different labels for y-axis makes it difficult to read Individual components of the chart are easy to read A lot of information is encoded in the chart making it overwhelming to look at",Caption does not give the necessary context Takeaway message is not clearly mentioned in the caption,
480,2074,1,addition to my previous comment they is no clear takeaway message,label is not clear,,no clear takeaway message
481,2103,2,"chart shows different attributes in a shared y-axis. Chart would be easire to read if it was divided into multiple panels. Legend required to understand chart components in not available in the chart. Use of dual axis makes it more confusing to read the charts. The caption does not clarify what chart components represent. Caption does not clearly state the takeaway message, does not expalin the observed pattern. definition of shaded region in the caption helps understand the chart but does not give a clear idea of the intent.",chart shows different attributes in a shared y-axis Chart would be easire to read if it was divided into multiple panels Legend required to understand chart components in not available in the chart Use of dual axis makes it more confusing to read the charts does not give a clear idea of the intent,"Caption does not clearly state the takeaway message, does not expalin the observed pattern The caption does not clarify what chart components represent definition of shaded region in the caption helps understand the chart",
482,2103,1,"chart shows different attributes in a shared y-axis. Chart would be easire to read if it was divided into multiple panels. Legend required to understand chart components in not available in the chart. Use of dual axis makes it more confusing to read the charts. The caption does not clarify what chart components represent. Caption does not clearly state the takeaway message, does not expalin the observed pattern. definition of shaded region in the caption helps understand the chart but does not give a clear idea of the intent.",chart shows different attributes in a shared y-axis. Chart would be easire to read if it was divided into multiple panels. Legend required to understand chart components in not available in the chart. Use of dual axis makes it more confusing to read the charts.,"The caption does not clarify what chart components represent. Caption does not clearly state the takeaway message, does not expalin the observed pattern. definition of shaded region in the caption helps understand the chart but does not give a clear idea of the intent.",
483,2103,1,"addition to my previous response, the left part gives the difference from the years, but not clear about the representation on the right side","addition to my previous response, the left part gives the difference from the years, not clear about the representation on the right side",,
484,2138,2,Caption mentions source of the but is not a valuable information. Use of different encoding techniques to represent data in the chart makes it difficult to understand what each point shows.,Use of different encoding techniques to represent data in the chart makes it difficult to understand what each point shows,Caption mentions source of the is not a valuable information,
485,2138,2,Caption mentions source of the but is not a valuable information. Use of different encoding techniques to represent data in the chart makes it difficult to understand what each point shows.,Use of different encoding techniques to represent data in the chart makes it difficult to understand what each point shows.,Caption mentions source of the but is not a valuable information.,
486,2138,3,There is no takeaway message mentioned in the caption or can be interpreted from the chart on which category is more suitable and stable.,low level interpretation can be made from the chart but takeaway message is unclear,caption does not mention clear takeaway message,
487,2141,3,"clutter in the chart is overwhelming. Shared axis show use the same scale and unit making it easy to read the chart. since color and spatial regions are used to encode an attribute, it is easy to read the chart even if a legend for color usage is not provided. Caption clearly states the takeaway message and summarizes the observed patterns in the graph making it highly interpretable.","clutter in the chart is overwhelming Shared axis show use the same scale unit making it easy to read the chart since color spatial regions are used to encode an attribute, it is easy to read the chart even if a legend for color usage is not provided ",Caption clearly states the takeaway message and summarizes the observed patterns in the graph making it highly interpretable,
488,2141,4,"clutter in the chart is overwhelming. Shared axis show use the same scale and unit making it easy to read the chart. since color and spatial regions are used to encode an attribute, it is easy to read the chart even if a legend for color usage is not provided. Caption clearly states the takeaway message and summarizes the observed patterns in the graph making it highly interpretable.","clutter in the chart is overwhelming. Shared axis show use the same scale and unit making it easy to read the chart. since color and spatial regions are used to encode an attribute, it is easy to read the chart even if a legend for color usage is not provided.",Caption clearly states the takeaway message and summarizes the observed patterns in the graph making it highly interpretable.,
489,2141,2,"Though the caption does mention some trends, but there are no clear comparison or takeaway message which can be drawn from chart and caption",,"Though the caption does mention some trends, but there are no clear comparison or takeaway message which can be drawn from caption",
490,2348,3,"caption describes what is shown in the chart which is not useful -- caption should add more information to the visualization instead of being an extension to the chart. Althought the chart looks cluttered, trend is clearly visible in the chart leading to an easily interpretable takeaway message. The chart uses inconsistent y-axis so the observed increase rate is not reliable. ","Althought the chart looks cluttered, trend is clearly visible in the chart leading to an easily interpretable takeaway message The chart uses inconsistent y-axis so the observed increase rate is not reliable",,caption describes what is shown in the chart which is not useful -- caption should add more information to the visualization instead of being an extension to the chart
491,2348,2,"caption describes what is shown in the chart which is not useful -- caption should add more information to the visualization instead of being an extension to the chart. Althought the chart looks cluttered, trend is clearly visible in the chart leading to an easily interpretable takeaway message. The chart uses inconsistent y-axis so the observed increase rate is not reliable. ","Althought the chart looks cluttered, trend is clearly visible in the chart leading to an easily interpretable takeaway message. The chart uses inconsistent y-axis so the observed increase rate is not reliable. ",caption describes what is shown in the chart which is not useful -- caption should add more information to the visualization instead of being an extension to the chart.,
492,2348,3,Caption does not summarize the clear takeaway message,,Caption does not summarize the clear takeaway message,
493,2354,4,Caption clearly concludes the takeaway message. The clutter in the chart is ovewhelming.,The clutter in the chart is ovewhelming,Caption clearly concludes the takeaway message,
494,2354,4,Caption clearly concludes the takeaway message. The clutter in the chart is ovewhelming.,The clutter in the chart is ovewhelming,Caption clearly concludes the takeaway message,
495,2354,3,"The caption does provide methodology, but does not explain the takeaway message. And also the chart is having many overlapping lines",chart is having many overlapping lines,"The caption does provide methodology, but does not explain the takeaway message.",
496,2251,1,Caption provides important information but chart legend is repeated in the caption which is distracting. Restructuring the chart to highlight takeway message would make it easier to interpret. Trend is easy to read in the chart but multiple axes with different ticks makes the observed trend unreliable.,Restructuring the chart to highlight takeway message would make it easier to interpret Trend is easy to read in the chart multiple axes with different ticks makes the observed trend unreliable,Caption provides important information. chart legend is repeated in the caption which is distracting,chart legend is repeated in the caption which is distracting
497,2251,1,Caption provides important information but chart legend is repeated in the caption which is distracting. Restructuring the chart to highlight takeway message would make it easier to interpret. Trend is easy to read in the chart but multiple axes with different ticks makes the observed trend unreliable.,Restructuring the chart to highlight takeway message would make it easier to interpret. Trend is easy to read in the chart but multiple axes with different ticks makes the observed trend unreliable.,Caption provides important information but chart legend is repeated in the caption which is distracting.,
498,2251,3,"The are many charts with overlapping lines hard to track across many charts, and caption is lengthy and does not provide takeaway message","The are many charts with overlapping lines hard to track across many charts, ",caption is lengthy and does not provide takeaway message,
499,149,1,legend for colors used in the chart are not defined. Axes used in the chart are nod labeled. The chart is annotated but the context required to understand the annotations are not given in the caption. Difficult to connect caption to the chart.,legend for colors used in the chart are not defined Axes used in the chart are nod labeled The chart is annotated,"the context required to understand the annotations are not given in the caption, Difficult to connect caption to the chart",
500,149,2,legend for colors used in the chart are not defined. Axes used in the chart are nod labeled. The chart is annotated but the context required to understand the annotations are not given in the caption. Difficult to connect caption to the chart.,legend for colors used in the chart are not defined Axes used in the chart are nod labeled The chart is annotated,the context required to understand the annotations are not given in the caption,Difficult to connect caption to the chart
501,149,2,The slanted lines and clustering of points make it hard to follow trends or get clear takeaway. The caption provide some summary but does not summarize the main takeaway,The slanted lines clustering of points make it hard to follow trends or get clear takeaway,The caption provide some summary but does not summarize the main takeaway,
502,152,1,chart is exteremely cluttered and lack proper labels. Goal of the visualization is unclear and is not mentioned in the caption. The caption also does not summarize the takeaway message. Caption does not provide context necessary to understand the chart.,chart is exteremely cluttered lack proper labels Goal of the visualization is unclear,is not mentioned in the caption The caption also does not summarize the takeaway message Caption does not provide context necessary to understand the chart,
503,152,1,chart is exteremely cluttered and lack proper labels. Goal of the visualization is unclear and is not mentioned in the caption. The caption also does not summarize the takeaway message. Caption does not provide context necessary to understand the chart.,chart is exteremely cluttered and lack proper labels. Goal of the visualization is unclear,Goal of visualization is not mentioned in the caption. The caption also does not summarize the takeaway message. Caption does not provide context necessary to understand the chart.,
504,152,2,"The visualization contains many overlapping lines, making it difficult to identify trends. It is visually cluttered. Caption provides context and explains what is being compared, but it doesn't summarize the takeaway.","The visualization contains many overlapping lines, making it difficult to identify trends It is visually cluttered ","Caption provides context and explains what is being compared, it doesn't summarize the takeaway",
505,188,2,caption does not explain the trend so the takeaway message is not clear. Caption does not provide anay context necessary to understand the chart.,,caption does not explain the trend so the takeaway message is not clear Caption does not provide anay context necessary to understand the chart,
506,188,3,caption does not explain the trend so the takeaway message is not clear. Caption does not provide anay context necessary to understand the chart.,,caption does not explain the trend so the takeaway message is not clear Caption does not provide anay context necessary to understand the chart,
507,188,2,"There are many labels mentioned in the chart, and also shown inside the visualization, but it is confusing because the are no proper starting line or only a single point. Caption provides some context about the data sources and a note about an outlier, but there is no clear summary of main trends.","There are many labels mentioned in the chart, also shown inside the visualization, it is confusing because the are no proper starting line or only a single point ","Caption provides some context about the data sources and a note about an outlier, there is no clear summary of main trends",
508,196,4,Components of the chart are clearly labeled and well annotated. Caption summarizes the visualization. Caption expands on the visualization components.,Components of the chart are clearly labeled well annotated,,Caption summarizes the visualization Caption expands on the visualization components
509,196,4,Components of the chart are clearly labeled and well annotated. Caption summarizes the visualization. Caption expands on the visualization components.,Components of the chart are clearly labeled well annotated,Caption summarizes the visualization Caption expands on the visualization components,
510,196,4,"The bar chart clearly explains the change in trends using the color-coded segments and triangle to indicate total change. However, caption is dense and uses technical terms, which is making to read the caption again or taking more effort to read them. The takeaway requires some re-readings.",The bar chart clearly explains the change in trends using the color-coded segments triangle to indicate total change,"However, caption is dense uses technical terms, which is making to read the caption again or taking more effort to read them. The takeaway requires some re-readings",
511,290,4,caption is detailed and explains labels of the chart and data used to create the visualization. Caption guides in reading the chart which helps in getting the takeaway message. Use of grid in the 3D chart makes it easy to read. The chart has prominent patterns but takeaway message is not clear.,Use of grid in the 3D chart makes it easy to read The chart has prominent patterns takeaway message is not clear,caption is detailed and explains labels of the chart data used to create the visualization. Caption guides in reading the chart which helps in getting the takeaway message,
512,290,4,caption is detailed and explains labels of the chart and data used to create the visualization. Caption guides in reading the chart which helps in getting the takeaway message. Use of grid in the 3D chart makes it easy to read. The chart has prominent patterns but takeaway message is not clear.,Use of grid in the 3D chart makes it easy to read The chart has prominent patterns takeaway message is not clear,caption is detailed and explains labels of the chart and data used to create the visualization. Caption guides in reading the chart which helps in getting the takeaway message.,
513,290,2,I am not able to compare between the bars and it is difficult to compare categories,I am not able to compare between the bars it is difficult to compare categories,,
514,650,5,Pattern of trend in chart is easy to understand. Caption helps in understanding annotations used in the chart. Caption clearly states the takeaway message and provides required context to read the cahrt.,Pattern of trend in chart is easy to understand,Caption helps in understanding annotations used in the chart. Caption clearly states the takeaway message provides required context to read the chart,
515,650,5,Pattern of trend in chart is easy to understand. Caption helps in understanding annotations used in the chart. Caption clearly states the takeaway message and provides required context to read the cahrt.,Pattern of trend in chart is easy to understand,Caption helps in understanding annotations used in the chart. Caption clearly states the takeaway message and provides required context to read the cahrt.,
516,650,2,The caption does not fully represent the chart and also little unclear about B2 scenarios.,also little unclear about B2 scenarios,The caption does not fully represent the chart,
517,765,2,Caption describe the chart and helps to grasp low level messages. Caption does not provide any context or takeaway message. Caption does not describe observed patterns. Chart does not include legend for encodings.,Chart does not include legend for encodings,Caption describe the chart and helps to grasp low level messages. Caption does not provide any context or takeaway message Caption does not describe observed patterns,Caption describe the chart
518,765,2,Caption describe the chart and helps to grasp low level messages. Caption does not provide any context or takeaway message. Caption does not describe observed patterns. Chart does not include legend for encodings.,Chart does not include legend for encodings.,Caption describe the chart and helps to grasp low level messages. Caption does not provide any context or takeaway message. Caption does not describe observed patterns.,
519,765,3,"The caption provides the context of the labels and its uses, but not clearly explaining the comparison between the categories",,"The caption provides the context of the labels and its uses, not clearly explaining the comparison between the categories",
520,859,3,The axes title are descriptive in the chartwhich helps in understanding the pattern and overall takeaway message. Caption does not add any value.,The axes title are descriptive in the chartwhich helps in understanding the pattern and overall takeaway message,Caption does not add any value,The axes title are descriptive in the chartwhich helps in understanding the pattern
521,859,4,The axes title are descriptive in the chartwhich helps in understanding the pattern and overall takeaway message. Caption does not add any value.,The axes title are descriptive in the chartwhich helps in understanding the pattern and overall takeaway message.,Caption does not add any value.,
522,859,4,Easy to compare,Easy to compare,,
523,882,4,"Caption summarizes the message shown in the chart however, domain knowledge is required to get a clear takeaway message. Chart is easy to read and low level message is easy to grasp",Chart is easy to read low level message is easy to grasp,"Caption summarizes the message shown in the chart however, domain knowledge is required to get a clear takeaway message",
524,882,3,"Caption summarizes the message shown in the chart however, domain knowledge is required to get a clear takeaway message. Chart is easy to read and low level message is easy to grasp",Chart is easy to read low level message is easy to grasp,"Caption summarizes the message shown in the chart however, domain knowledge is required to get a clear takeaway message",
525,882,5,clear takeaway,clear takeaway,,
526,547,3,title of subplots in the visualization are included in the caption. Chart does not have legend of the colors used. caption does not provide sufficient context of the chart.,Chart does not have legend of the colors used,"title of subplots in the visualization are included in the caption, caption does not provide sufficient context of the chart",
527,547,2,title of subplots in the visualization are included in the caption. Chart does not have legend of the colors used. caption does not provide sufficient context of the chart.,Chart does not have legend of the colors used,title of subplots in the visualization are included in the caption. caption does not provide sufficient context of the chart.,
528,547,3,Difficult to read labels,Difficult to read labels,,
529,292,2,Patterns in the chart are prominent but a takeaway message is unclear. Chart does not have axes labels.,Patterns in the chart are prominent a takeaway message is unclear Chart does not have axes labels,,
530,292,3,Patterns in the chart are prominent but a takeaway message is unclear. Chart does not have axes labels.,Patterns in the chart are prominent a takeaway message is unclear Chart does not have axes labels,,
531,292,1,The chart mentions some dots in the charts which is,"The chart mentions some dots in the charts which is not clearly explained in the caption,","not clearly explained in the caption, and no clear takeaway",
532,413,2,caption only describes the chart. chart does not include legend for colors used. Low level message is easy to grasp from the chart. Key takeaway of the visualization is not mentioned in the caption.,chart does not include legend for colors used Low level message is easy to grasp from the chart,caption only describes the chart Key takeaway of the visualization is not mentioned in the caption,
533,413,2,caption only describes the chart. chart does not include legend for colors used. Low level message is easy to grasp from the chart. Key takeaway of the visualization is not mentioned in the caption.,chart does not include legend for colors used Low level message is easy to grasp from the chart,caption only describes the chart. Key takeaway of the visualization is not mentioned in the caption.,
534,413,1,"Both caption and chart is not useful to interpret the trend and also labels are missing in chart, and caption does not provide a takeaway","chart is not useful to interpret the trend also labels are missing in chart,",caption is not useful to interpret the trend. caption does not provide a takeaway,
535,442,2,Marks in the chart overlap causing visual clutter. Abberviations used in the chart are unclear. Caption does not describe the visualization. Cption does not prodive context of the data. Multiple plots are placed close to each other in the chart. legend for multiple symbols used in the chart are not given.,Marks in the chart overlap causing visual clutter Abberviations used in the chart are unclear Multiple plots are placed close to each other in the chart legend for multiple symbols used in the chart are not given,Caption does not describe the visualization. Caption does not prodive context of the data,Caption does not describe the visualization
536,442,1,Marks in the chart overlap causing visual clutter. Abberviations used in the chart are unclear. Caption does not describe the visualization. Cption does not prodive context of the data. Multiple plots are placed close to each other in the chart. legend for multiple symbols used in the chart are not given.,Marks in the chart overlap causing visual clutter. Abberviations used in the chart are unclear.  Multiple plots are placed close to each other in the chart. legend for multiple symbols used in the chart are not given.,Caption does not describe the visualization. Caption does not prodive context of the data.,
537,442,3,Difficult to read labels,Difficult to read labels,,
538,2018,4,"the chart has difficult to see axes labels but trend show easy takeaway. Chart does not have legend for colors used. Multiple graphs used but relation between them is not clear. 
Caption has data source which isn’t important. Caption describes trend which adds to length which is distracting. Caption provides context but doesn’t have enough information. Caption does not indicate the takeaway message.",the chart has difficult to see axes labels trend show easy takeaway Chart does not have legend for colors used Multiple graphs used relation between them is not clear,Caption has data source which isn’t important Caption describes trend which adds to length which is distracting Caption provides context but doesn’t have enough information. Caption does not indicate the takeaway message,
539,2018,3,"the chart has difficult to see axes labels but trend show easy takeaway. Chart does not have legend for colors used. Multiple graphs used but relation between them is not clear. 
Caption has data source which isn’t important. Caption describes trend which adds to length which is distracting. Caption provides context but doesn’t have enough information. Caption does not indicate the takeaway message.",the chart has difficult to see axes labels trend show easy takeaway Chart does not have legend for colors used Multiple graphs used relation between them is not clear,Caption has data source which isn’t important Caption describes trend which adds to length which is distracting Caption provides context but doesn’t have enough information Caption does not indicate the takeaway message,
540,2018,3,"The caption explains about the trends hidden in brackets with just one wording, but not explaining the high level takeaway using all the charts. And also the labels are not clearly mentioned",And also the labels are not clearly mentioned,"The caption explains about the trends hidden in brackets with just one wording, but not explaining the high level takeaway using all the charts",
541,2025,2,"multiple graphs in one view are difficult to read. Visual clutter makes it difficult to read the chart. The visualization is complex and difficult to understand.
Caption describes chart components. Caption does not describe the trend or takeaway is needed. Caption has reference to the context but inline summary of context would be useful.",multiple graphs in one view are difficult to read Visual clutter makes it difficult to read the chart The visualization is complex difficult to understand,Caption does not describe the trend or takeaway is needed Caption has reference to the context. Caption describes chart components inline summary of context would be useful,
542,2025,1,"multiple graphs in one view are difficult to read. Visual clutter makes it difficult to read the chart. The visualization is complex and difficult to understand.
Caption describes chart components. Caption does not describe the trend or takeaway is needed. Caption has reference to the context but inline summary of context would be useful.",multiple graphs in one view are difficult to read Visual clutter makes it difficult to read the chart The visualization is complex difficult to understand,Caption describes chart components. Caption does not describe the trend or takeaway is needed. Caption has reference to the context but inline summary of context would be useful.,
543,2025,2,"The chart seems to be cluttered, and also no clear trend mentioned in the caption. Caption contains explanation of terms used like box plot, and what lines are drawn for but no clear takeaway","The chart seems to be cluttered,","also no clear trend mentioned in the caption. Caption contains explanation of terms used like box plot, and  what lines are drawn for no clear takeaway","Caption contains explanation of terms used like box plot,"
544,2060,4,Caption describes the visualization. Caption does not explain the trend. Lack of domain knowledge makes it difficult to read the chart. Key takeaway is not clear looking at both. Shared x-axis in the chart helps to compare the different data attributes plotted in the chart.,Lack of domain knowledge makes it difficult to read the chart Key takeaway is not clear looking at both Shared x-axis in the chart helps to compare the different data attributes plotted in the chart,Caption describes the visualization. Caption does not explain the trend,
545,2060,5,Caption describes the visualization. Caption does not explain the trend. Lack of domain knowledge makes it difficult to read the chart. Key takeaway is not clear looking at both. Shared x-axis in the chart helps to compare the different data attributes plotted in the chart.,Shared x-axis in the chart helps to compare the different data attributes plotted in the chart,Caption describes the visualization. Caption does not explain the trend.,Lack of domain knowledge makes it difficult to read the chart. Key takeaway is not clear looking at both.
546,2060,3,Caption doesn't seem to mention about the comparison between the bars and also what to infer from the charts,also what to infer from the charts,Caption doesn't seem to mention about the comparison between the bars and also what to infer from the charts,
547,2064,2,The chart is cluttered. Details about the source of the data in the caption is distracting. Caption defines the components used in the visualization. Caption does not mention the key takeaway and or summarize the trend. Caption is difficult to understand. Some claims made in the caption cannot be observed in the chart.,The chart is cluttered or summarize the trend,Details about the source of the data in the caption is distracting Caption does not mention the key takeaway Caption is difficult to understand. Caption defines the components used in the visualization Some claims made in the caption cannot be observed in the chart,
548,2064,2,The chart is cluttered. Details about the source of the data in the caption is distracting. Caption defines the components used in the visualization. Caption does not mention the key takeaway and or summarize the trend. Caption is difficult to understand. Some claims made in the caption cannot be observed in the chart.,The chart is cluttered,Details about the source of the data in the caption is distracting. Caption defines the components used in the visualization. Caption does not mention the key takeaway and or summarize the trend. Caption is difficult to understand. Some claims made in the caption cannot be observed in the chart.,
549,2064,4,Both caption and chart,chart are useful,caption are useful,
550,2117,3,Caption contains context required to understand the visualization. Caption explain the chart well. Caption does not mention the key takeaway message. Use of 3D visualization in the chart makes it difficult to extract values in the z-axis. The chart gives an idea of the key takeaway message.,Use of 3D visualization in the chart makes it difficult to extract values in the z-axis The chart gives an idea of the key takeaway message,Caption contains context required to understand the visualization Caption explain the chart well Caption does not mention the key takeaway message,
551,2117,4,Caption contains context required to understand the visualization. Caption explain the chart well. Caption does not mention the key takeaway message. Use of 3D visualization in the chart makes it difficult to extract values in the z-axis. The chart gives an idea of the key takeaway message.,Use of 3D visualization in the chart makes it difficult to extract values in the z-axis The chart gives an idea of the key takeaway message,Caption contains context required to understand the visualization Caption explain the chart well Caption does not mention the key takeaway message,
552,2117,1,"The chart is 3D which is difficult to get the exact comparison between the years, and caption mentions some terms and time-series chart, but no clear takeaway","The chart is 3D which is difficult to get the exact comparison between the years, ","caption mentions some terms and time-series chart, no clear takeaway",
553,2163,4,Caption describes the labels and patterns observed which is useful. The chart is extremely cluttered making it difficult to grasp the key takeaway message. A pattern can be observed in the chart but the intended message is not clear.,The chart is extremely cluttered making it difficult to grasp the key takeaway message A pattern can be observed in the chart the intended message is not clear,Caption describes the labels and patterns observed which is useful,
554,2163,4,Caption describes the labels and patterns observed which is useful. The chart is extremely cluttered making it difficult to grasp the key takeaway message. A pattern can be observed in the chart but the intended message is not clear.,The chart is extremely cluttered making it difficult to grasp the key takeaway message. A pattern can be observed in the chart but the intended message is not clear.,Caption describes the labels and patterns observed which is useful.,
555,2163,4,"Though there are too many labels mentioned in the chart, but the caption and chart represent a clear takeaway message.","Though there are too many labels mentioned in the chart, chart represent a clear takeaway message",the caption represent a clear takeaway message,
556,2253,4,Chart uses different shapes to encode categorical information which is difficult to read. Caption gives context required to read the visualization. Caption does not clearly state the takeaway message. The goal of the visualization is clear using both.,Chart uses different shapes to encode categorical information which is difficult to read The goal of the visualization is clear using both,Caption gives context required to read the visualization Caption does not clearly state the takeaway message,
557,2253,4,Chart uses different shapes to encode categorical information which is difficult to read. Caption gives context required to read the visualization. Caption does not clearly state the takeaway message. The goal of the visualization is clear using both.,Chart uses different shapes to encode categorical information which is difficult to read,Caption gives context required to read the visualization Caption does not clearly state the takeaway message,The goal of the visualization is clear using both.
558,2253,3,"The chart is visually dense because of some similar labelling, and caption does not have summary","The chart is visually dense because of some similar labelling,",caption does not have summary,
559,2293,4,Collective trend and outliers are easy to detect in the chart making the overall message clear. The caption summarizes the visualization. Caption includes references to the data source which is not helpful.,Collective trend outliers are easy to detect in the chart making the overall message clear,Caption includes references to the data source which is not helpful. The caption summarizes the visualization,
560,2293,3,Collective trend and outliers are easy to detect in the chart making the overall message clear. The caption summarizes the visualization. Caption includes references to the data source which is not helpful.,Collective trend outliers are easy to detect in the chart making the overall message clear,The caption summarizes the visualization. Caption includes references to the data source which is not helpful.,
561,2293,2,"The visualization is cluttered, and overwhelming","The visualization is cluttered, overwhelming",,
562,2364,2,Caption is wordy and uses a lot os domain specific technical terms and references. Caption does not explain the abberviations used in the chart. Use of abberviations in the chart makes it difficult to understand. Caption does not contain useful message. Lack of domain knowledge makes it difficult to understand the goal of the visualization.,Use of abberviations in the chart makes it difficult to understand Lack of domain knowledge makes it difficult to understand the goal of the visualization,Caption is wordy and uses a lot os domain specific technical terms references. Caption does not explain the abberviations used in the chart Caption does not contain useful message,
563,2364,3,Caption is wordy and uses a lot os domain specific technical terms and references. Caption does not explain the abberviations used in the chart. Use of abberviations in the chart makes it difficult to understand. Caption does not contain useful message. Lack of domain knowledge makes it difficult to understand the goal of the visualization.,Use of abberviations in the chart makes it difficult to understand.,Caption is wordy and uses a lot of domain specific technical terms and references. Caption does not explain the abberviations used in the chart. Caption does not contain useful message.,Lack of domain knowledge makes it difficult to understand the goal of the visualization.
564,2364,2,"Caption does not clearly mention about the trend lines in the chart, more focused on the references",,"Caption does not clearly mention about the trend lines in the chart, more focused on the references",
565,869,3,Low level understanding is easy to grasp as the graph uses shared color encoding across multiple panels. . The caption contains domain knowledge required to understand the graph which causes lengthy caption but does not clearly state a takeaway message.,Low level understanding is easy to grasp as the graph uses shared color encoding across multiple panels,The caption contains domain knowledge required to understand the graph which causes lengthy caption but does not clearly state a takeaway message,
566,869,3,Low level understanding is easy to grasp as the graph uses shared color encoding across multiple panels. . The caption contains domain knowledge required to understand the graph which causes lengthy caption but does not clearly state a takeaway message.,Low level understanding is easy to grasp as the graph uses shared color encoding across multiple panels.,The caption contains domain knowledge required to understand the graph which causes lengthy caption but does not clearly state a takeaway message.,
567,869,1,The chart is too complex with many visual elements to compare between and labels are kept in between two charts making it difficult to interpret for which chart it is.,The chart is too complex with many visual elements to compare between labels are kept in between two charts making it difficult to interpret for which chart it is,,
568,1214,4,The graph alone is sufficient to get an overall message. Use of color encoding along z-axis of the 3D chart aids in identification task. Use of multiple charts in a single panel requires remembering a lot of information while reading all the chart to get the over all message. the caption provides claims that are evident in the chart which is helpful in understanding the takeaway message.,The graph alone is sufficient to get an overall message Use of color encoding along z-axis of the 3D chart aids in identification task Use of multiple charts in a single panel requires remembering a lot of information reading all the chart to get the over all message,the caption provides claims that are evident in the chart which is helpful in understanding the takeaway message,
569,1214,4,The graph alone is sufficient to get an overall message. Use of color encoding along z-axis of the 3D chart aids in identification task. Use of multiple charts in a single panel requires remembering a lot of information while reading all the chart to get the over all message. the caption provides claims that are evident in the chart which is helpful in understanding the takeaway message.,The graph alone is sufficient to get an overall message. Use of color encoding along z-axis of the 3D chart aids in identification task. Use of multiple charts in a single panel requires remembering a lot of information while reading all the chart to get the over all message.,the caption provides claims that are evident in the chart which is helpful in understanding the takeaway message.,
570,1214,3,Inconsistent scale use (year),Inconsistent scale use (year),,
571,1225,1,The labels in the graph have low resolution which makes it difficult to understand the pattern visible in the graph. The caption does not provide information required to understand the visible patterns. Caption provides context of the graph through data description but does not help in understanding the overall take away message.,The labels in the graph have low resolution which makes it difficult to understand the pattern visible in the graph,The caption does not provide information required to understand the visible patterns Caption provides context of the graph through data description but does not help in understanding the overall take away message,
572,1225,1,The labels in the graph have low resolution which makes it difficult to understand the pattern visible in the graph. The caption does not provide information required to understand the visible patterns. Caption provides context of the graph through data description but does not help in understanding the overall take away message.,The labels in the graph have low resolution which makes it difficult to understand the pattern visible in the graph.,The caption does not provide information required to understand the visible patterns. Caption provides context of the graph through data description but does not help in understanding the overall take away message.,
573,1225,2,Difficult to read labels,Difficult to read labels,,
574,1465,4,Simple representation of the graph makes it easy to perform low level information extraction. The graph does not label the color legend used making it difficult to get a clear takeaway message. The caption clearly mentions the visualization task and describes the labels used in the graph. The caption does not state the takeaway message.,Simple representation of the graph makes it easy to perform low level information extraction The graph does not label the color legend used making it difficult to get a clear takeaway message,The caption clearly mentions the visualization task but describes the labels used in the graph. The caption does not state the takeaway message,The caption clearly mentions the visualization task
575,1465,4,Simple representation of the graph makes it easy to perform low level information extraction. The graph does not label the color legend used making it difficult to get a clear takeaway message. The caption clearly mentions the visualization task and describes the labels used in the graph. The caption does not state the takeaway message.,Simple representation of the graph makes it easy to perform low level information extraction The graph does not label the color legend used making it difficult to get a clear takeaway message,The caption clearly mentions the visualization task and describes the labels used in the graph. The caption does not state the takeaway message.,
576,1465,2,No trend is highlighted in chart or mentioned in the caption,No trend is highlighted in chart,No trend is mentioned in the caption,
577,1503,4,Caption provides domain knowledge by explaining the meaning of axes labels. The length of the caption creates confusion. The takeaway message is clear after looking at both the chart and the caption,The takeaway message is clear after looking at both the chart,Caption provides domain knowledge by explaining the meaning of axes labels. The length of the caption creates confusion the caption,
578,1503,4,Caption provides domain knowledge by explaining the meaning of axes labels. The length of the caption creates confusion. The takeaway message is clear after looking at both the chart and the caption,,Caption provides domain knowledge by explaining the meaning of axes labels. The length of the caption creates confusion.,The takeaway message is clear after looking at both the chart and the caption
579,1503,2,"The heatmap visualizes multiple elements using color gradients to indicate error magnitude. However, chart contains dense technical terms and abbreviations that are not fully explained in caption. The color scale is also not common practice",The heatmap visualizes multiple elements using color gradients to indicate error magnitude. The color scale is also not common practice,"However, chart contains dense technical terms and abbreviations that are not fully explained in caption",
580,1581,3,caption contains information missing in the graph and also provides information about how the data was processed. Caption does not clearly mention the key takeaway message. the overall takeaway message is clear from the chart. the use of intuitive color scale for temperature in the chart is helpful.,the overall takeaway message is clear from the chart the use of intuitive color scale for temperature in the chart is helpful,caption contains information missing in the graph and also provides information about how the data was processed. Caption does not clearly mention the key takeaway message,caption contains information missing in the graph
581,1581,3,caption contains information missing in the graph and also provides information about how the data was processed. Caption does not clearly mention the key takeaway message. the overall takeaway message is clear from the chart. the use of intuitive color scale for temperature in the chart is helpful.,the overall takeaway message is clear from the chart. the use of intuitive color scale for temperature in the chart is helpful.,caption contains information missing in the graph and also provides information about how the data was processed. Caption does not clearly mention the key takeaway message.,
582,1581,4,Easy to compare between different oceans,Easy to compare between different oceans,,
583,1917,2,Use of multiple panels in the graph is confusing. Use of shapes to encode categorical values in the graph is confusing. The chart does not containg legend for colors used. Caption explains the methodology but not bserved patterns of takeaway message. Context must be present in the cantion to understand the visualization.,Use of multiple panels in the graph is confusing Use of shapes to encode categorical values in the graph is confusing The chart does not containg legend for colors used,Caption explains the methodology but not observed patterns of takeaway message. Context must be present in the caption to understand the visualization,
584,1917,3,Use of multiple panels in the graph is confusing. Use of shapes to encode categorical values in the graph is confusing. The chart does not containg legend for colors used. Caption explains the methodology but not bserved patterns of takeaway message. Context must be present in the cantion to understand the visualization.,Use of multiple panels in the graph is confusing. Use of shapes to encode categorical values in the graph is confusing. The chart does not containg legend for colors used.,Caption explains the methodology but not bserved patterns of takeaway message. Context must be present in the cantion to understand the visualization.,
585,1917,3,"The years are not consistent across the charts, initially inferring all are in same scale","The years are not consistent across the charts, initially inferring all are in same scale",,
586,2211,2,The caption is not valuable as it only explains the data and methodology. Caption is lengthy without a clear takeaway message. Chart organization is confusing.,Chart organization is confusing,The caption is not valuable as it only explains the data and methodology. Caption is lengthy without a clear takeaway message,
587,2211,2,The caption is not valuable as it only explains the data and methodology. Caption is lengthy without a clear takeaway message. Chart organization is confusing.,Chart organization is confusing.,The caption is not valuable as it only explains the data and methodology. Caption is lengthy without a clear takeaway message.,
588,2211,3,"The caption is lengthy, and also does not mention clear takeaway message. ",,"The caption is lengthy, and also does not mention clear takeaway message",
589,2028,3,Chart doesnot contain labels for different mark types used. Chart uses dual axis making difficult to interpret the takeaway message. Caption describes the marks used in the chart. Caption explains the relationship between the two axes in the dual axis. shared axis makes it easy to compart across charts.,Chart doesnot contain labels for different mark types used Chart uses dual axis making difficult to interpret the takeaway message shared axis makes it easy to compart across charts,Caption describes the marks used in the chart Caption explains the relationship between the two axes in the dual axis,
590,2028,4,Chart doesnot contain labels for different mark types used. Chart uses dual axis making difficult to interpret the takeaway message. Caption describes the marks used in the chart. Caption explains the relationship between the two axes in the dual axis. shared axis makes it easy to compart across charts.,Chart doesnot contain labels for different mark types used. Chart uses dual axis making difficult to interpret the takeaway message. shared axis makes it easy to compare across charts.,Caption describes the marks used in the chart. Caption explains the relationship between the two axes in the dual axis.,
591,2028,4,"The inverted axis in the y-axis is not visible in the first glance, overall the visualization is clear, but does not clearly state key message directly in the caption","The inverted axis in the y-axis is not visible in the first glance, overall the visualization is clear,",does not clearly state key message directly in the caption,
592,1845,4,caption explains statistics of the data shown in the chart which helps in reading the chart. the caption describes the chart and included labels required to understand the chart. The caption does not contain information that helps in understanding the takeaway message. The chart does not contain labels for marks used.,The chart does not contain labels for marks used,caption explains statistics of the data shown in the chart which helps in reading the chart the caption describes the chart and included labels required to understand the chart . The caption does not contain information that helps in understanding the takeaway message,
593,1845,4,caption explains statistics of the data shown in the chart which helps in reading the chart. the caption describes the chart and included labels required to understand the chart. The caption does not contain information that helps in understanding the takeaway message. The chart does not contain labels for marks used.,The chart does not contain labels for marks used.,caption explains statistics of the data shown in the chart which helps in reading the chart. the caption describes the chart and included labels required to understand the chart. The caption does not contain information that helps in understanding the takeaway message.,
594,1845,4,"The visualization is clear and good for comparison, but the key message could be stated in the caption","The visualization is clear good for comparison,",the key message could be stated in the caption,
595,1949,2,"Caption describes the data used for creating the chart and also includes references to the source of data, which is not helpful in understanding the intended message. Caption does not explain the patterns visible in the chart. Annotations used in the chart are not understandable. Patterns visible in the chart are prominent and easy to read but the message shown by those patterns are unclear. Multiple charts used in the visualization are easy to comprehend because they are related.",Annotations used in the chart are not understandable Patterns visible in the chart are prominent easy to read the message shown by those patterns are unclear Multiple charts used in the visualization are easy to comprehend because they are related,"Caption describes the data used for creating the chart and also includes references to the source of data, which is not helpful in understanding the intended message. Caption does not explain the patterns visible in the chart",Caption describes the data used for creating the chart
596,1949,2,"Caption describes the data used for creating the chart and also includes references to the source of data, which is not helpful in understanding the intended message. Caption does not explain the patterns visible in the chart. Annotations used in the chart are not understandable. Patterns visible in the chart are prominent and easy to read but the message shown by those patterns are unclear. Multiple charts used in the visualization are easy to comprehend because they are related.",Annotations used in the chart are not understandable. Patterns visible in the chart are prominent and easy to read but the message shown by those patterns are unclear. Multiple charts used in the visualization are easy to comprehend because they are related.,"Caption describes the data used for creating the chart and also includes references to the source of data, which is not helpful in understanding the intended message. Caption does not explain the patterns visible in the chart. ",
597,1949,2,The lines overlap between the months in y-axis and caption does not fully summarize and address main takeaway trend.,The lines overlap between the months in y-axis,caption does not fully summarize and address main takeaway trend,
598,1749,4,Chart is cluttered. chart has clear description of components used. color used in one of the subplots is not clearly visible. Caption further explains the components of the chart. Caption summarizes two of the subpolts and gives detailed explanation of one. Caption has a lot of information. Caption does not mention the takeaway message.,Chart is cluttered. chart has clear description of components used. color used in one of the subplots is not clearly visible.,Caption further explains the components of the chart. Caption summarizes two of the subpolts and gives detailed explanation of one. Caption has a lot of information. Caption does not mention the takeaway message.,
599,1749,4,Chart is cluttered. chart has clear description of components used. color used in one of the subplots is not clearly visible. Caption further explains the components of the chart. Caption summarizes two of the subpolts and gives detailed explanation of one. Caption has a lot of information. Caption does not mention the takeaway message.,Chart is cluttered. chart has clear description of components used. color used in one of the subplots is not clearly visible.,Caption further explains the components of the chart. Caption summarizes two of the subpolts and gives detailed explanation of one. Caption has a lot of information. Caption does not mention the takeaway message.,
600,1749,2,"The axes are labeled, but interpreting the relationships and extracting the main trends is difficult, caption is lengthly and does not provide clear takeaway message ","The axes are labeled, interpreting the relationships and extracting the main trends is difficult, ",caption is lengthly and does not provide clear takeaway message,
601,112,2,trend or pattern not explained in caption,,trend or pattern not explained in caption,
602,126,2,trend can be observed in the chart. caption does not summarize a takeaway message,trend can be observed in the chart,caption does not summarize a takeaway message,
603,139,4,not all axes in the chart are labeled. wordy caption,not all axes in the chart are labeled,wordy caption,
604,148,3,"The caption helps to interpret the visualization, providing information which are helpful. But it does not mention the main takeaway.",,"The caption helps to interpret the , providing information which are helpful
But it does not mention the main takeaway",
605,149,3,The visualization seems cluttered and the caption does not provide enough information,The visualization seems cluttered,caption does not provide enough information,
606,152,3,"The visualization is cluttered, and also the caption is a bit lengthy.","The visualization is cluttered, ",the caption is a bit lengthy,
607,184,2,No separate information regarding chart no: C is provided.,,No separate information regarding chart no: C is provided,
608,188,3,"No explanation of the trend is provided, which is needed to interpret the chart.",,"No explanation of the trend is provided, which is needed to interpret the chart",
609,196,3,caption does not explain trends. caption does not include takeaway message from the observed trends,,"caption does not explain trends
caption does not include takeaway message from the observed trends",
610,203,2,"The caption is very lengthy, and the chart is confusing as well, but it is somewhat understandable.",,,
611,213,1,The chart seems very confusing. It does not have proper y-axis legend,"The chart seems very confusing
It does not have proper y-axis legend",,
612,220,3,"The caption is lengthy, and also there can be a common legend in the chart.",,"The caption is lengthy, and also there can be a common legend in the chart.",
613,236,2,"The caption is too lengthy, the charts are cluttered but still interpretable.", charts are cluttered but still interpretable,"The caption is too lengthy, ",
614,242,1,"The caption is lengthy (but I think it was needed as the charts carry a lot of information), but the visualization is very cluttered, having envelopes and bars over to each other",the visualization is very cluttered and marks overlap,The caption is lengthy but informative,
615,290,3,"The chart is precise and clear, but the caption is too large.","The chart is precise and clear,",the caption is too large,
616,292,3,The main takeaway is missing. More detailed caption would be helpful,,The main takeaway is missing. More detailed caption would be helpful,
617,297,4,caption does not explain the trend,,caption does not explain the trend,
618,304,2,"The chart is quite interpretable, but the caption is too long",The chart is quite interpretable,caption is too long,
619,317,2,caption does not state the main takeaway. Caption does not explain the observed trend,,"caption does not state the main takeaway
Caption does not explain the observed trend",
620,324,4,The chart and caption both are interpretable but could be better,,,
621,330,3,caption does not explain observed pattern.,,caption does not explain observed pattern,
622,332,4,The main takeaway is missing in the caption and the caption does not augment the visualization that much,,The main takeaway is missing in the caption and the caption does not augment the visualization that much,
623,337,2,Caption is too long and the chart looks cluttered,chart looks cluttered,Caption is too long,
624,339,3,observed pattern is not explained in the caption,,observed pattern is not explained in the caption,
625,380,3,chart does not contain legend for colors used. Caption described encoding used in the visualization. Caption fails to summarize the intent,"chart does not contain legend for colors used
","Caption described encoding used in the chart.
Caption fails to summarize the intent",
626,407,3,Long and a bit cluttered,cluttered visualization,,
627,413,2,Caption on reiterates the visualization in detail which is not helpful in getting an overall understanding.,,Caption reiterates the in detail which is not helpful in getting an overall understanding,
628,433,4,A bit long and cluttered but understandable,A bit long and cluttered but understandable,,
629,436,5,Precise and clear,,,Precise and clear
630,442,2,"The visualization indicates a lot of information, but explanation/context/legend is not given","The visualization indicates a lot of information, but legend is not given",,
631,447,1,"legend information is not given, which makes the chart hard to interpret. The caption seems fine","legend information is not given, which makes the chart hard to interpret",The caption seems fine,
632,491,4,observed trend is not explained in the caption,,observed trend is not explained in the caption,
633,492,3,The caption is a bit lengthy,,The caption is a bit lengthy,
634,494,2,Both the chart and caption look cluttered to me,chart is cluttered,caption has too much information,
635,497,3,"The caption does not augment the visualization.The main takeaway and an explanation behind it  is missing,",,"The caption does not augment the visualization.The main takeaway and an explanation behind it  is missing,",
636,502,5,It's interpretable,,,It's interpretable
637,547,3,The main takeaway is missing in the caption. It should talk about the comparison among the vehicle types.,,The main takeaway is missing in the caption,
638,572,3,caption explains the chart components well. Caption fails to summarize the observed trend,,caption explains the chart components well. Caption fails to summarize the observed trend,
639,604,3,Chart is a bit cluttered and the caption is too big,Chart is a bit cluttered ,the caption is too big,
640,610,2,chart does not include legend. Caption explains the components of the chart well.,"chart does not include legend
",Caption explains the components of the chart well,
641,614,3,"The chart is interpretable, but there are too many texts in the chart. The caption is also too large.","The chart is interpretable, but there are too many texts in the chart",The caption is also too large,
642,639,3,"The caption should talk about the trends, also should do comparison among them",,"The caption should talk about the trends, also should do comparison among them",
643,643,3,The main takeaway is missing.,The main takeaway is missing,,
644,650,5,easy to interpret,,,easy to interpret
645,658,4,Interpretable,,,Interpretable
646,660,4,Large caption.,,Large caption,
647,676,3,"chart is cluttered, caption is monotonous",chart is cluttered,caption is monotonous,
648,690,2,The caption should compare the results of the models (the major takeaway),,The caption should compare the results of the models (the major takeaway),
649,736,3,The caption talks in detailed regarding the simulation scenarios but the main takeaway is missing,,The caption talks in detailed regarding the simulation scenarios but the main takeaway is missing,
650,754,2,The caption does not complement the chart. It should mention and explain the upward trends.,,The caption does not complement the chart. It should mention and explain the upward trends.,
651,758,3,The chart seems cluttered to me and also the caption is monotonous,The chart seems cluttered ,the caption is monotonous,
652,765,4,caption is too large,,caption is too large,
653,790,2,"The caption provides information regarding the charts that helps, but it should also explain comparative patterns observed in the chart.",,"The caption provides information regarding the charts that helps, but it should also explain comparative patterns observed in the chart.",
654,828,1,The visualization seems cluttered. And the caption does not explain it as well.,The visualization seems cluttered,And the caption does not explain it as well,
655,839,3,The main takeaway is missing in the caption,,The main takeaway is missing in the caption,
656,846,2,The main takeaway and the explanation of the discrepancy are not provided,,The main takeaway and the explanation of the discrepancy are not provided,
657,859,4,Caption does not elaborate on abberviations used in the chart,,Caption does not elaborate on abberviations used in the chart,
658,869,2,"Too large caption, and the charts can be improved, proper axis labels seems missing which make it confused to interpret",axes labels are not included in the chart,long caption,
659,882,2,"The caption does not explain the visualization, nor it mention the main takeaway.",,"The caption does not explain the visualization, nor it mention the main takeaway.",
660,898,2,The caption does not talk about the main takeaway. Caption does not explain the trend observed,,"The caption does not talk about the main takeaway
Caption does not explain the trend observed",
661,904,4,Caption can be improved,,Caption can be improved,
662,909,3,The caption is too large,,The caption is too large,
663,920,3,The main takeaway is missing in the caption.,,The main takeaway is missing in the caption,
664,937,2,Caption does not explain the trends observed. Caption does not explain the corelation between two data expressed in the visualization,,"Caption does not explain the trends observed
Caption does not explain the corelation between two data expressed in the",
665,950,2,Seems cluttered to me,Seems cluttered to me,,
666,994,3,Caption is too big,,Caption is too big,
667,998,2,Caption does not explain the corelation between two data expressed in the visualization,,Caption does not explain the corelation between two data expressed in the,
668,999,4,The caption is not helpful to interpret the visualization.,,The caption is not helpful to interpret the visualization.,
669,1006,2,cluttered,cluttered,,
670,1011,1,The caption does not complement the chart and does not help to interpret it.,,The caption does not complement the chart and does not help to interpret it.,
671,1044,2,"The caption provides information regarding the chart, but it should mention explain, and compare the trends",,"The caption provides information regarding the chart, but it should mention explain, and compare the trends",
672,1068,1,very cluttered,very cluttered,,
673,1081,2,"The caption provides background information regarding how they have calculated the x-axis data, but does not mention the main takeaway (the trend). Caption does not not contain context required to grasp the takeaway message",,"The caption does not mention the main takeaway (the trend).
Caption does not not contain context required to grasp the takeaway message. Caption explain methodology used to process the data",
674,1087,4,The main takeaway is missing,The main takeaway is missing,,
675,1100,3,Caption is too big,,Caption is too big,
676,1112,1,Cluttered without propoer legend,Cluttered without proper legend,,
677,1143,5,easily interpretable,,,easily interpretable
678,1146,3,takes time but interpretable,,,
679,1153,2,The caption does not mention the main takeaway.,,The caption does not mention the main takeaway,
680,1177,4,A common trend is observed in the chart. The caption does not expand on observed trend. Caption does not mention the causal effect.,A common trend is observed in the chart,"The caption does not expand on observed trend
Caption does not mention the causal effect",
681,1178,4,Understandable,,,Understandable
682,1192,2,The main takeaway and an explanation is missing,,The main takeaway and an explanation is missing,
683,1205,3,A bit cluttered,A bit cluttered,,
684,1206,3,takes time but understandable,,,
685,1214,3,"it also takes time, but interpretable",,,
686,1215,2,seems a bit cluttered to me,cluttered visualization,,
687,1225,4,The caption mentions the main takeaway,,The caption mentions the main takeaway,
688,1232,2,"The visualization is a bit cluttered, and the caption does not talk about the downward trends and does not explain it.","The visualization is a bit cluttered, ",caption does not explain the trend observed,
689,1246,4,interpretable,,,interpretable
690,1251,3,The caption does not augment the visualization that much. The main takeaway is missing in the caption. Also an explanation would be helpful.,,The caption does not augment the visualization that much. The main takeaway is missing in the caption. Also an explanation would be helpful.,
691,1277,4,interpretable,,,interpretable
692,1285,4,An explanation of the trend would be helpful.,,An explanation of the trend would be helpful,
693,1294,2,CLuttered and large caption,,CLuttered and large caption,
694,1295,4,"The caption is quite informative and augment the visualization, but including the overall takeaway would be helpful",,"The caption is quite informative and augment the visualization, but including the overall takeaway would be helpful",
695,1301,3,Too many information make the charts cluttered,Too many information make the charts cluttered,,
696,1303,4,"The main takeaway is missing in the caption, so it does not help in the interpretation of the visualization that much.",,"The main takeaway is missing in the caption, so it does not help in the interpretation of the that much",
697,1326,1,The visualization seems hard to interpret,The visualization seems hard to interpret,,
698,1388,4,Interpretable,,,Interpretable
699,2364,4,Interpretable,,,Interpretable
700,1400,3,"Bit cluttered,",,,"Bit cluttered,"
701,1428,2,Caption complements the visualization. Caption does not state the main takeaway. caption does not explain the relation between data categories,,"Caption complements the
Caption does not state the main takeaway
caption does not explain the relation between data categories",
702,1439,2,"The caption does not include the gist of the visualization, also does not explain correlation between data attributes",,"The caption does not include the gist of the , also does not explain correlation between data attributes",
703,1453,2,caption does not explain the observed trend,,caption does not explain the observed trend,
704,1465,2,The caption should contain more information,,The caption should contain more information,
705,1499,3,For some bars the corresponding gas name are missing I guess,marks are not labeled,,
706,1503,2,Caption complements the chart by providing context. Caption does not mention the main takeaway,,"Caption complements the by providing context
Caption does not mention the main takeaway",
707,1510,3,Caption does not augment the chart. Caption does not explain the trend observed in the chart. Caption does not explain the correlation between data attributes,,"Caption does not augment the
Caption does not explain the trend observed in the
Caption does not explain the correlation between data attributes",
708,1519,2,A bit confusing,,,A bit confusing
709,1576,2,The charts seem a bit cluttered with large captions,The charts seem a bit cluttered ,long caption,
710,1581,2,"The chart augments the visualization, as it provides information for white space or about the right and left panel, but it does not talk about the overall trend.","The chart augments the visualization, as it provides information for white space or about the right and left panel, but it does not talk about the overall trend",,
711,1601,5,Easy,,,Easy
712,1615,3,"The caption surely augments the visualization, but the problem is it does not describe the trend or provide an explanation for that. But it describe different factors/terms for different figures well.",,"The caption surely augments the , but the problem is it does not describe the trend or provide an explanation for that",
713,1626,3,"Overall takeaway and explanation of the trend is missing in the caption, but it provides context for the visialization",,"Overall takeaway and explanation of the trend is missing in the caption, but it provides context for the visialization",
714,1633,4,Caption can be bit smaller,,lengthy caption,
715,1659,3,"The caption provides the full form of the models and provides the overall description regarding the placement of the figures, but the overall takeaway is missing.",,The caption explains abberviations used. caption does not include the overall takeaway,
716,1697,3,"The caption describe the background information for the chart, but in does not talk about the main takeaway.",,The caption describe the background information for the chart. Caption does not talk about the main takeaway.,
717,1711,3,The caption does not talk about the overall trend and also does not explain it.,,The caption does not talk about the overall trend and also does not explain it,
718,1712,3,The caption does not say that there is an increasing trend and also does not provide the reasons behind it,,The caption does not contain context necessary to understand the trend observed. Caption does not describe the trend,
719,1715,2,"The caption does not provide information regarding the color encoding of the median, 25th to 75th percentile range, and full range of scenario results. It also does not describe the upward trend and increasingg range.",,The caption does not explain the color encoding used in the charts. It also does not describe trend observed,
720,1718,2,The caption does not describe the takeaway.,,The caption does not describe the takeaway,
721,1726,2,Do not provide information regarding the main takeaway.,,Do not provide information regarding the main takeaway,
722,1748,3,The caption does not provide information regarding the correlation of the trends visualized in the figures. It also does not describe the trends.,,caption does not describe the trend,
723,1750,1,"(a), (b) indication is absent in the figure, which makes it very confusing to understand",marks used in the chart are not labeled,,
724,1751,2,"The visualization is cluttered. Also, the caption does not describe small upward trend and does not compare the two figures.",The visualization is cluttered,the caption does not describe small upward trend and does not compare the two,
725,1755,3,"The caption does not describe the trend, also it should describe the correlations among the figures.",,"The caption does not describe the trend, also it should elaborate on how the multiple charts are related",
726,1757,3,The caption does not describe the overall takeaway and it does not describe the trend.,,The caption does not describe the overall takeaway and it does not describe the trend,
727,1761,2,The caption should describe the correlation between central tendecy and total uncertainty range.,,The caption does not include statistical description of the data,
728,1777,3,"(a), (b) indications in the charts are missing",marks used in the chart are not labeled,,
729,1779,5,The caption is too big. It could be improved,,The caption is too big,
730,1790,2,Could not find: green; 16 CMIP5 models and blue; 14 CMIP5 models,,,
731,1802,2,"A description of the main takeaway, when those two lines interact, and what it means were required.",,caption does not state the main takeaway message. Caption does not describe the pattern observed,
732,1803,5,Easy,,,Easy
733,1818,5,"The caption does provide information regarding the major takeaway (the trend), also does not provide explanation.",,"The caption does provide information regarding the major takeaway (the trend), also does not provide explanation",
734,1821,4,Interpretable,,,Interpretable
735,1838,2,"The visualization seems a bit cluttered, also the caption does not describe the trends or compare the three models.",The visualization seems a bit cluttered,the caption does not describe the trends or compare the three models,
736,1839,5,Easy,,,Easy
737,1861,2,"The caption does not talk about the main takeaway, also it does not compare the regions (data from the three regions)",,"The caption does not talk about the main takeaway, also it does not compare different categories of the data",
738,1874,4,The caption is too big,,The caption is too big,
739,1894,2,"The caption does not compare bacteria, nanobenthos and meiobenthos and also the relation between the the result and the error range.",,caption does not summarize the visualization,
740,1911,3,"The caption describes the figure well, but including the main takeaway would be more helpful.",,"The caption describes the well, but including the main takeaway would be more helpful",
741,1915,5,Easily interpretable,,,Easily interpretable
742,1917,2,The caption should describe the main takeaway (the trends in each plot) and also the relationship among the trends.,,The caption should describe the main takeaway (the trends in each ) and also the relationship among the trends,
743,1925,5,Easily interpretable,,,Easily interpretable
744,1945,2,The caption should include the overall downward trends and should compare and explain the reason behind the trends.,,The caption should include the overall downward trends and should compare and explain the reason behind the trends,
745,1946,2,"The overall trend is easily noticeable, but the caption is unnecessarily large",,"The overall trend is easily noticeable, but the caption is unnecessarily large",
746,1947,3,The caption is too large,,The caption is too large,
747,1953,5,Easily interpretable,,,Easily interpretable
748,1963,2,The caption does not include the main takeaway and the comparison between the data of different plots (how the trends from different plot correlate),,The caption does not include the main takeaway and the comparison between the data of different plots (how the trends from different plot correlate),
749,1979,2,the captions does not include the main takeaway,,the captions does not include the main takeaway,
750,2007,2,"Seems cluttered, and large caption",cluttered visualization,lengthy caption,
751,2008,4,Interpretable,,,Interpretable
752,2016,2,"The caption does not augment the figures that much, it does not describe the trend or the major takeaway.",,"The caption does not augment the figures that much, it does not describe the trend or the major takeaway.",
753,2018,3,The caption describe the trends for the plots individually but does not compare the plots or explain the reason behind the trends.,,The caption describe the trends for the plots individually but does not compare the plots or explain the reason behind the trends,
754,2025,2,"The caption should talk about the discrepency in the correlation of interquirtile range and max-min range, also the overall trend and the comparison between the trends.",,"The caption should talk about the discrepency in the correlation of interquirtile range and max-min range, also the overall trend and the comparison between the trends",
755,2049,2,Have not talked about different shapes for the mark and the caption do not talk about thew major takeaway.,marks used in the chart are not labeled,the caption do not talk about thew major takeaway,
756,2050,5,easy,,,easy
757,2052,3,The caption should be more informative.,,The caption should be more informative,
758,2054,2,The caption should mention the upward trends and explain the reason behind that.,,The caption should mention the upward trends and explain the reason behind that,
759,2060,1,"The caption does not explain the table, which make it tough to interpret",,"The caption does not explain the table, which make it tough to interpret",
760,2061,1,"The caption does not talk about the major takeaway, also the marks overlapped.",marks in the visualization overlap,"The caption does not talk about the major takeaway, ",
761,2062,2,The caption does not talk about the major takeaway.,,The caption does not talk about the major takeaway,
762,2064,1,Cluttered and hard to interpret,Cluttered and hard to interpret,,
763,2065,5,"The caption does not compare the scenario of 2030 and 2100, nor it talks about the trend or any takeaways.",,"The caption does not summarize the scenarios shown in the chart, nor it talks about the trend or any takeaways",
764,2071,2,"The caption should talk about the trends, and also the relationship between the mixing ratio and global estimations.",,"The caption should talk about the trends, and also the relationship between variables shown in the chart",
765,2074,2,New color is added without any indication of what it presents,New color is added without any indication of what it presents,,
766,2103,2,"The caption should talk about the trends, compare them and explain the reason behind the trends.",,"The caption should talk about the trends, compare them and explain the reason behind the trends",
767,2105,2,It does not talk about the main gist. It also does not compare between the time range.,,It does not talk about the main gist. ,
768,2117,3,axis indices of the 3D visualization is a bit confused,axis indices of the 3D visualization is confusing,,
769,2124,2,"The caption does not augment the plots. It does not talk about the major takeaway, the correlation between all US or major US hurricane or the trends.",,"The caption does not augment the plots
It does not talk about the major takeaway, ",
770,2125,2,The caption does not compare the correlation between the temperature change and forcing.,,The caption does not compare the correlation in data,
771,2138,2,Visualization is cluttered,Visualization is cluttered,,
772,2141,4,Interpretable,,,Interpretable
773,2152,2,The caption should include the main gist of the figures.,,The caption should include the main gist of the figures.,
774,2163,3,"Visualization seems a bit cluttered, caption seems a bit long with irrelevant information",Visualization seems a bit cluttered,caption seems a bit long with irrelevant information,
775,2194,2,The caption should be short,,The caption should be short,
776,2211,3,Caption can be improved,,Caption can be improved,
777,2213,2,"The caption should include more information regarding the bars (like the number of days with higher temperature increases) and it should compare the trends, which are missing.",,"The caption should compare the trends, which are missing",
778,2215,2,The 1st visualization seems confusing,The 1st visualization seems confusing,,
779,2218,1,"The caption does not augment the visualization, it should talk about the trends, compare the trends, also should talk about the correlation between 0,20 and -20% of rainfall.",,"The caption does not augment the visualization, it should talk about the trends, compare the trends, also should talk about the correlation observed in data.",
780,2220,1,"Caption should include what NEU and SEM mean, also the should compare the trends between them.",,"Caption should state the statistical description of data, also the should compare the trends between them",
781,2223,4,Interpretable,,,Interpretable
782,2251,2,"Caption should mention the overall trends of different plots, should include how they correlate.",,"Caption should mention the overall trends of different plots, should include how they correlate",
783,1749,2,"The caption complement the charts, but  I am confused about which horizontal line they are talking about at .63 cel in (a)",Marks used in in the visualization are not clearly labeled,The caption complement the charts,
784,2253,1,"The visualization is cluttered, It should talk about the correlation between uncertainty ratio for 10-degree latitude bands in control simulations and difference between the control and doubled greenhouse gas simulations",The visualization is cluttered,caption should talk about the correlation between uncertainty observed in the chart,
785,2254,3,Caption can be shortened,,Caption can be shortened,
786,2262,2,It should talk about the trends and also correlate between CO2 and global surface warming,,It should talk about the trends and also correlate between variables plotted,
787,2271,2,The caption should talk about the gist of the plots also should compare the two trends.,,The caption should talk about the gist of the plots also should compare the two trends,
788,2276,1,The caption does not complement the plots. It should add the main takeaway from the visualization,,The caption does not complement the plots. It should add the main takeaway from the visualization,
789,2289,1,The caption should describe the trends also should talk about the similarities between the trends (how they correlated),,The caption should describe the trends also should talk about the similarities between the trends (how they correlated),
790,2293,3,Visualization is cluttered,Visualization is cluttered,,
791,2300,2,A bit confusing,,,A bit confusing
792,2327,1,"The caption should include the main takeaway, compare the trends and explain it.",,"The caption should include the main takeaway, compare the trends and explain it",
793,2348,1,The caption does not talk about the trends and how they correlate.,,The caption does not talk about the trends and how they correlate,
794,2354,1,The caption missed the gist and did not talk about the discrepancy in the comparison of the trends seen between the two plots.,,The caption missed the gist and did not talk about the discrepancy in the comparison of the trends seen between the two plots,
795,2356,5,Easy,,,Easy
796,2357,2,seems a bit confusing,seems a bit confusing,,seems a bit confusing
797,2360,2,The caption should include the main gist of the visualization and also compare or talk about the similarity of the trends.,,The caption should include the main gist of the visualization and also compare or talk about the similarity of the trends.,
798,1845,2,"The caption does not mention the main takeaway, also does not explain it.",,"The caption does not mention the main takeaway, also does not explain it",
799,1949,2,The caption does not complement the chart. The main takeaway is missing,,The caption does not complement the chart. The main takeaway is missing,
800,2028,3,The caption complements the chart. But the gist and explanation are missing.,,The caption complements the,