image_id,source,caption,domain,chart_type,views
112,ar4_wg3_full_report-1.pdf,"Figure 3.19: Relationship between the stringency of the stabilization target (category I to VI) and 1) the time at which CO2 emissions have to peak (left-hand panel), and 2) the 
year when emissions return to present (2000) levels. ",Energy,Bar Graph,composite views
126,Fourth National Climate Assessment  Volume I.pdf,"Figure 1.6: Comparison of global mean temperature anomalies (degF) from observations (through 2016) and the 
CMIP5 multimodel ensemble (through 2016), using the reference period 1901-1960. The CMIP5 multimodel 
ensemble (orange range) is constructed from blended surface temperature (ocean regions) and surface air tem-
perature (land regions) data from the models, masked where observations are not available in the GISTEMP data-
set.27 The importance of using blended model data is shown in Richardson et al.42 The thick solid orange curve 
is the model ensemble mean, formed from the ensemble across 36 models of the individual model ensemble 
means. The shaded region shows the +/- two standard deviation range of the individual ensemble member annual 
means from the 36 CMIP5 models. The dashed lines show the range from maximum to minimum values for each 
year among these ensemble members. The sources for the three observational indices are: HadCRUT4.5 (red): 
http://www.metoffice.gov.uk/hadobs/hadcrut4/data/current/download.html; NOAA (black): https://www.ncdc.noaa.
gov/monitoring-references/faq/anomalies.php; and GISTEMP (blue): https://data.giss.nasa.gov/pub/gistemp/gis-
temp1200_ERSSTv4.nc. (NOAA and HadCRUT4 downloaded on Feb. 15, 2017; GISTEMP downloaded on Feb. 
10, 2017). (Figure source: adapted from Knutson et al. 201627).",Climate Science,Line Chart,composite views
139,Climate Change 2007 - Synthesis Report.pdf,"Figure 4.1. Global economic mitigation potential in 2030 estimated from bottom-up (Panel a) and top-down (Panel b) studies, compared with the projected
emissions increases from SRES scenarios relative to year 2000 GHG emissions of 40.8 GtCO2-eq (Panel c). Note: GHG emissions in 2000 are exclusive of
emissions of decay of above-ground biomass that remains after logging and deforestation and from peat fires and drained peat soils, to ensure consistency
with the SRES emissions results. {WGIII Figures SPM.4, SPM.5a, SPM.5b}",Climate Science,Bar Graph,composite views
148,Climate Change 2007 - Synthesis Report.pdf,"Figure 5.1. Global CO2 emissions for 1940 to 2000 and emissions ranges for categories of stabilisation scenarios from 2000 to 2100 (left-hand panel); and
the corresponding relationship between the stabilisation target and the likely equilibrium global average temperature increase above pre-industrial (right-
hand panel). Approaching equilibrium can take several centuries, especially for scenarios with higher levels of stabilisation. Coloured shadings show
stabilisation scenarios grouped according to different targets (stabilisation category I to VI). The right-hand panel shows ranges of global average tempera-
ture change above pre-industrial, using (i) 'best estimate' climate sensitivity of 3degC (black line in middle of shaded area), (ii) upper bound of likely range of
climate sensitivity of 4.5degC (red line at top of shaded area) (iii) lower bound of likely range of climate sensitivity of 2degC (blue line at bottom of shaded area).
Black dashed lines in the left panel give the emissions range of recent baseline scenarios published since the SRES (2000). Emissions ranges of the
stabilisation scenarios comprise CO2-only and multigas scenarios and correspond to the 10th to 90th percentile of the full scenario distribution. Note: CO2
emissions in most models do not include emissions from decay of above ground biomass that remains after logging and deforestation, and from peat fires
and drained peat soils. {WGIII Figures SPM.7 and SPM.8}",Climate Science,Line Chart,composite views
149,WGIII_TAR_full_report.pdf,"Figure 2.15: Timing when the stabilization scenarios achieve a reduction of 20% of global energy-related CO2 baseline emis-
sions, compared across stabilization targets as well as baselines. Slanted lines join scenarios quantified by the same model.",Climate Science,Scatter Plot,single view
152,SRREN_Full_Report-1.pdf,"Figure 1.3 | Left panel: Projected increase in primary energy supply. Comparison of 153 SRES and pre-SRES baseline energy scenarios in the literature compared with the 133 more 
recent, post-SRES scenarios. The ranges are comparable, with small changes in the lower and upper boundaries. Right panel: Expected carbon intensity changes. Historical development 
and projections from SRES and pre-SRES scenarios compared to post-SRES scenarios. Adapted from Fisher et al., 2007, pp. 183 and 184.",Energy,Line Chart,composite views
184,SR15_Chapter_3_LR.pdf,"Figure 3.10 | Probability ratio (PR) of exceeding (heavy precipitation) thresholds. (a) PR of exceeding the 99th (blue) and 99.9th (red) percentile of pre-industrial daily 
precipitation at a given warming level, averaged across land (from Fischer and Knutti, 2015). (b) PR for precipitation extremes (RX1day) for different event probabilities (with RV 
indicating return values) in the current climate (1degC of global warming). Shading shows the interquartile (25-75%) range (from Kharin et al., 2018).",Climate Science,Line Chart,composite views
188,ar4_wg3_full_report-1.pdf,"Figure 3.14: Total black carbon (left panel) and organic carbon (right panel) emission estimates in scenarios from different studies. 
Notes: Rao et al., (2005) include emissions from contained combustion only. Liousse et al. (2005), A2 not included as 2100 value of 100 Tg lies way above range.",Energy,Line Chart,composite views
196,SYR_AR5_FINAL_full.pdf,"Figure 1.8 | Decomposition of the change in total annual carbon dioxide (CO2) emissions from fossil fuel combustion by decade and four driving factors: population, income (gross 
domestic product, GDP) per capita, energy intensity of GDP and carbon intensity of energy. The bar segments show the changes associated with each individual factor, holding the 
respective other factors constant. Total emission changes are indicated by a triangle. The change in emissions over each decade is measured in gigatonnes of CO2 per year (GtCO2/yr); 
income is converted into common units, using purchasing power parities. {WGIII SPM.3}",Climate Science,Bar Graph,single view
203,SYR_AR5_FINAL_full.pdf,"Figure 7-5 | Summary of projected changes in crop yields, due to climate change over the 21st century. The figure includes projections for different emission scenarios, for 
tropical and temperate regions, and for adaptation and no-adaptation cases combined. Relatively few studies have considered impacts on cropping systems for scenarios where 
global mean temperatures increase by 4degC or more. For five timeframes in the near-term and long-term, data (n=1090) are plotted in the 20-year period on the horizontal axis 
that includes the midpoint of each future projection period. Changes in crop yields are relative to late-20th-century levels. Data for each timeframe sum to 100%. Projections 
taken from Abraha and Savage, 2006; Alexandrov and Hoogenboom, 2000; Arndt et al., 2011; Berg et al., 2013; Brassard and Singh, 2008; Brassard and Singh, 2007; Butt et al., 
2005; Calzadilla et al., 2009; Chhetri et al., 2010; Ciscar et al., 2011; Deryng et al., 2011; Giannakopoulos et al., 2009; Hermans et al., 2010; Iqbal et al., 2011; Izaurralde et al, 
2005; Kim et al., 2010; Lal, 2011; Li et al., 2011; Lobell et al., 2008; Moriondo et al., 2010; Muller et al., 2010; Osborne et al., 2013; Peltonen-Sainio et al., 2011; Piao et al., 
2010; Ringler et al., 2010; Rowhanji et al., 2011; Schlenker and Roberts, 2009; Shuang-He et al., 2011; Southworth et al., 2000; Tan et al., 2010; Tao & Zhang, 2010; Tao and 
Zhang, 2011; Tao et al., 2009; Thornton et al., 2009; Thornton et al., 2010; Thornton et al., 2011; Tingem and Rivington, 2009; Tingem et al., 2008; Walker and Schulze, 2008; 
Wang et al., 2011; Xiong et al., 2007; Xiong et al., 2009.",Climate Science,Bar Graph,single view
213,ar4_wg3_full_report-1.pdf,"Figure 3.20: Relationship between required cumulative emissions reduction and carbon emissions in the baseline by 2030 (left-hand panel) and 2100 (right-hand panel). 
Notes: Coloured rectangles denote individual scenarios for alternative stabilization targets (categories I to VI). The large triangles indicate the averages for each 
category. ",Energy,Scatter Plot,composite views
220,CARBON DIOXIDE CAPTURE AND STORAGE.pdf,"Figure 6.15 Estimated volume of pH perturbations at global scale for hypothetical examples in which injection of CO2 into the ocean interior 
provides 100% or 10% of the mitigation effort needed to move from a logistic emissions curve cumulatively releasing 18,000 GtCO2 (=5000 
GtC) to emissions consistent with atmospheric CO2 stabilization at 550 ppm according to the WRE550 pathway (Wigley et al., 1996). The curves 
show the simulated fraction of ocean volume with a pH reduction greater than the amount shown on the horizontal axis. For the 10% case, in year 
2100, injection rates are high and about1% of the ocean volume has significant pH reductions; in year 2300, injection rates are low, but previously 
injected CO2 has decreased ocean pH by about 0.1 unit below the value produced by a WRE550 atmospheric CO2 pathway in the absence of CO2 
release directly to the ocean (Caldeira and Wickett, 2005).",Energy,Line Chart,composite views
236,2007 The Physical Science Basis.pdf,"Figure 10.29. Projections and uncertainties for global mean temperature increase in 2090 to 2099 (relative to the 1980 to 1999 average) for the six SRES marker scenarios. 
The AOGCM means and the uncertainty ranges of the mean -40% to +60% are shown as black horizontal solid lines and grey bars, respectively. For comparison, results are 
shown for the individual models (red dots) of the multi-model AOGCM ensemble for B1, A1B and A2, with a mean and 5 to 95% range (red line and circle) from a fi tted normal 
distribution. The AOGCM mean estimates for B2, A1T and A1FI (red triangles) are obtained by scaling the A1B AOGCM mean with ratios obtained from the SCM (see text). The 
mean (light green circle) and one standard deviation (light green square) of the MAGICC SCM tuned to all AOGCMs (representing the physics uncertainty) are shown for standard 
carbon cycle settings, as well as for a slow and fast carbon cycle assumption (light green stars). Similarly, results from the BERN2.5CC EMIC are shown for standard carbon 
cycle settings and for climate sensitivities of 3.2degC (AOGCM average, dark green circle), 1.5degC and 4.5degC (dark green squares). High climate sensitivity/low carbon cycle and 
low climate sensitivity/high carbon cycle combinations are shown as dark green stars. The 5 to 95% ranges (vertical lines) and medians (circles) are shown from probabilistic 
methods (Wigley and Raper, 2001; Stott and Kettleborough, 2002; Knutti et al., 2003; Furrer et al., 2007; Harris et al., 2006; Stott et al., 2006b). Individual model results are 
shown for the C4MIP models (blue crosses, see Figure 10.20). ",Energy,Bar Graph,single view
242,2007 The Physical Science Basis.pdf,"Figure 11.11. Temperature anomalies with respect to 1901 to 1950 for fi ve North American land regions for 1906 to 2005 (black line) and as simulated (red envelope) by 
MMD models incorporating known forcings; and as projected for 2001 to 2100 by MMD models for the A1B scenario (orange envelope). The bars at the end of the orange enve-
lope represent the range of projected changes for 2091 to 2100 for the B1 scenario (blue), the A1B scenario (orange) and the A2 scenario (red). The black line is dashed where 
observations are present for less than 50% of the area in the decade concerned. More details on the construction of these fi gures are given in Box 11.1 and Section 11.1.2.",Energy,Line Chart,single view
290,ar4_wg3_full_report-1.pdf,"Figure 3.36: The value of improved technology. 
Note: Modelling studies enable experts to calculate the economic value of technology improvements that increase particularly drastically with increasing stringency of 
stabilization targets (750, 650, 500, and 450 ppmv, respectively) imposed on a reference scenario (modelling after the IS92a scenario in this particular modelling study). 
Detailed model representation of technological interdependencies and competition and substitution is needed for a comprehensive assessment of the economic value 
of technology improvements. Left panel: cost savings (billions of 1996 US$) compared to the reference scenario when lowering the costs of solar photovoltaics (PV) 
from a reference value of 9 US cents per kWh (top) by 1, 3, 4, and 6 cents/kWh, respectively. For instance, the value of reducing PV costs from 9 to 3 cents per kWh 
could amount to up to 1.5 trillion US$ in an illustrative 550 ppmv stabilization scenario compared to the reference scenario in which costs remain at 9 cents/kWh). 
Right panel: cost savings resulting from availability of an ever larger and diversified portfolio of carbon capture and sequestration technologies. For instance, adding 
soil carbon sequestration to the portfolio of carbon capture and sequestration technology options (forest-sector measures were not included in the study) reduces 
costs by 1.1 trillion US$ in an illustrative 450 ppmv stabilization scenario. Removing all carbon capture sequestration technologies would triple the costs of stabilization 
for all concentration levels analyzed. ",Energy,Bar Graph,composite views
292,2007 The Physical Science Basis.pdf,"Figure 10.7. Zonal means of change in atmospheric (top) and oceanic (bottom) temperatures (degC), shown as cross sections. Values are the multi-model means for the A1B 
scenario for three periods (a-c). Stippling denotes regions where the multi-model ensemble mean divided by the multi-model standard deviation exceeds 1.0 (in magnitude). 
Anomalies are relative to the average of the period 1980 to 1999. Results for individual models can be seen in the Supplementary Material for this chapter.",Energy,Heat Map,composite views
297,WGI_TAR_full_report.pdf,"Figure 9.30: Storm track activity averaged over north-west Europe
(6oW to 20oE, 40o to 70oN) in the ECHAM4/OPYC greenhouse gas
scenario run (Unit: gpm). A 4-year running mean is shown for smoother
display. The grey band indicates the variability of this index in the
control run as measured by one standard deviation. The non-linear
climate trend optimally obtained from quadratic curve fitting is marked
by the dashed line; y-axis is activity in gpm (geopotential metres) and
x-axis is time in calendar years. From Ulbrich and Christoph (1999).",Climate Science,Line Chart,single view
304,SR15_Chapter_3_LR.pdf,"Figure 3.21 | The dependence of risks and/or impacts associated with the Reasons for Concern (RFCs) on the level of climate change, updated and adapted from WGII AR5 
Ch 19, Figure 19.4 and highlighting the nature of this dependence between 0degC and 2degC warming above pre-industrial levels. As in the AR5, literature was used to make 
expert judgements to assess the levels of global warming at which levels of impact and/or risk are undetectable (white), moderate (yellow), high (red) or very high (purple). 
The colour scheme thus indicates the additional risks due to climate change. The transition from red to purple, introduced for the first time in AR4, is defined by very high risk 
of severe impacts and the presence of significant irreversibility, or persistence of climate-related hazards combined with a limited ability to adapt due to the nature of the 
hazard or impact. Comparison of the increase of risk across RFCs indicates the relative sensitivity of RFCs to increases in GMST. As was done previously, this assessment takes 
autonomous adaptation into account, as well as limits to adaptation (RFC 1, 3, 5) independently of development pathway. The rate and timing of impacts were taken into 
account in assessing RFC 1 and 5. The levels of risk illustrated reflect the judgements of the Ch 3 authors. RFC1 Unique and threatened systems: ecological and human 
systems that have restricted geographic ranges constrained by climate related conditions and have high endemism or other distinctive properties. Examples include coral reefs, 
the Arctic and its indigenous people, mountain glaciers and biodiversity hotspots. RFC2 Extreme weather events: risks/impacts to human health, livelihoods, assets and 
ecosystems from extreme weather events such as heatwaves, heavy rain, drought and associated wildfires, and coastal flooding. RFC3 Distribution of impacts: risks/impacts 
that disproportionately affect particular groups due to uneven distribution of physical climate change hazards, exposure or vulnerability. RFC4 Global aggregate impacts: 
global monetary damage, global scale degradation and loss of ecosystems and biodiversity. RFC5 Large-scale singular events: are relatively large, abrupt and sometimes 
irreversible changes in systems that are caused by global warming. Examples include disintegration of the Greenland and Antarctic ice sheets. The grey bar represents the range 
of GMST for the most recent decade: 2006-2015.",Climate Science,Heat Map,single view
317,Fourth National Climate Assessment  Volume I.pdf,"Figure 2.6: Time evolution in effective radiative forcings (ERFs) across the industrial era for anthropogenic and natural 
forcing mechanisms. The terms contributing to cumulative totals of positive and negative ERF are shown with colored 
regions. The terms are labeled in order on the right-hand side with positive ERFs above the zero line and negative 
ERFs below the zero line. The forcings from black-carbon-on-snow and contrail terms are grouped together into a 
single term in the plot. Also shown are the cumulative sum of all forcings (Total; black dashed line) and of anthropo-
genic-only forcings (Total Anthropogenic; red dashed line). Uncertainties in 2011 ERF values are shown in the original 
figure (Myhre et al. 2013,8 Figure 8-18). See the Intergovernmental Panel on Climate Change Fifth Assessment Report 
(IPCC AR5) Supplementary Material Table 8.SM.88for further information on the forcing time evolutions. Forcing num-
bers are provided in Annex II of IPCC AR5. The total anthropogenic forcing was 0.57 (0.29 to 0.85) W/m2 in 1950, 1.25 
(0.64 to 1.86) W/m2 in 1980, and 2.29 (1.13 to 3.33) W/m2 in 2011. (Figure source: Myhre et al. 2013,8 Figure 8-18; (c) 
IPCC, used with permission).",Climate Science,"Area Chart,Line Chart",single view
324,WGI_TAR_full_report.pdf,"Figure 9.17: Simple model results: Temperature change (a) from 1990 to 2100 and (b) from 1990 to 2350, resulting from the five WRE 
stabilisation profiles, using the simple climate model tuned to different AOGCMs as indicated on the bottom axis. (c) and (d) show the 
corresponding results for the four S profiles. The underlying assumptions are the same as those for Figure 9.15. For comparison, temperature
changes for the base scenario A1B are also shown in (a) and (c). ",Climate Science,Scatter Plot,composite views
330,2007 The Physical Science Basis.pdf,"Figure 7.11. (a) The Revelle factor (or buffer factor) as a function of CO2 partial pressure (for temperature 25degC, salinity 35 psu, and total alkalinity 2,300 umol kg-1) 
(Zeebe and Wolf-Gladrow, 2001, page 73; reprinted with permission, copyright 2001 Elsevier). (b) The geographical distribution of the buffer factor in ocean surface waters 
in 1994 (Sabine et al., 2004a; reprinted with permission, copyright 2004 American Association for the Advancement of Science). High values indicate a low buffer capacity 
of the surface waters.",Energy,"Line Chart,Heat Map",composite views
332,SRREN_Full_Report-1.pdf,"Figure 7.23 | Estimated levelized cost of on- and offshore wind energy, 2009: (left) as a function of capacity factor and investment cost* and (right) as a function of capacity factor 
and discount rate**. ",Energy,Line Chart,composite views
337,ar4_wg3_full_report-1.pdf,"Figure 5.2 Cumulative emissions reductions for alternative mitigation measures for 2000-2030 (left-hand panel) and for 2000-2100 (right-hand panel). The
figure shows illustrative scenarios from four models (AIM, IMAGE, IPAC and MESSAGE) aiming at the stabilisation at low (490 to 540ppm CO2-eq) and
intermediate levels (650ppm CO2-eq) respectively. Dark bars denote reductions for a target of 650ppm CO2-eq and light bars denote the additional reduc-
tions to achieve 490 to 540ppm CO2-eq. Note that some models do not consider mitigation through forest sink enhancement (AIM and IPAC) or CCS (AIM)
and that the share of low-carbon energy options in total energy supply is also determined by inclusion of these options in the baseline. CCS includes CO2
capture and storage from biomass. Forest sinks include reducing emissions from deforestation. The figure shows emissions reductions from baseline
scenarios with cumulative emissions between 6000 to 7000 GtCO2-eq (2000-2100). {WGIII Figure SPM.9}",Energy,Bar Graph,composite views
339,WGI_TAR_full_report.pdf,"Figure 9.18: Equilibrium climate and hydrological senstitivies from AGCMs coupled to mixed-layer ocean components; blue diamonds from the
SAR, red triangles from models in current use (LeTreut and McAvaney, 2000 and Table 9.1). ",Climate Science,Scatter Plot,single view
380,2007 The Physical Science Basis.pdf,"Figure 5.22. Averages of temperature change (blue, from Levitus et al., 2005a), 
anthropogenic carbon (red, from Sabine et al., 2004b) and CFC-11 (green, from Willey et 
al., 2004) along lines of constant latitude over the top 700-m layer of the upper ocean. 
Also shown is sea level change averaged along lines of constant latitude (black, from 
Cazenave and Nerem, 2004). The temperature changes are for the 1955 to 2003 period, 
the anthropogenic carbon is since pre-industrial times (i.e., 1750), CFC-11 concentrations 
are for the period 1930 to 1994 and sea level for the period 1993 to 2003.",Energy,Line Chart,single view
407,SR15_Chapter_3_LR.pdf,"Figure 3.22 | Regional temperature scaling with carbon dioxide (CO2) concentration (ppm) from 1850 to 2099 for two different regions defined in the Special Report on 
Managing the Risks of Extreme Events and Disasters to Advance Climate Change Adaptation (SREX) for central Europe (CEU) (a) and central North America (CNA) (b). Solid 
lines correspond to the regional average annual maximum daytime temperature (TXx) anomaly, and dashed lines correspond to the global mean temperature anomaly, where 
all temperature anomalies are relative to 1850-1870 and units are degrees Celsius. The black line in all panels denotes the three-member control ensemble mean, with the grey 
shaded regions corresponding to the ensemble range. The coloured lines represent the three-member ensemble means of the experiments corresponding to albedo +0.02 (cyan), 
albedo +0.04 (purple), albedo + 0.08 (orange), albedo +0.10 (red), irrigation (blue), and irrigation with albedo +0.10 (green). Adapted from Hirsch et al. (2017). ",Climate Science,Line Chart,composite views
413,2007 The Physical Science Basis.pdf,"Figure 4.11. Comparison of model-based time series of the annual mean average sea ice thickness anomaly (computed relative 
to the mean of the entire period) in the Arctic Basin, obtained from a variety of models (redrafted from Rothrock et al., 2003; see this 
paper for identifi cation of the individual models and their attributes), along with the sea ice volume anomalies in the Arctic Basin (grey 
curve and right-hand scale; computed by Koeberle and Gerdes, 2003).",Climate Science,Line Chart,single view
433,Fourth National Climate Assessment  Volume I.pdf,"Figure 11.5: Time series of annual mean permafrost temperatures (units: degF) at various depths from 39 to 65 feet (12 to 
20 meters) from 1977 through 2015 at several sites across Alaska, including the North Slope continuous permafrost re-
gion (purple/blue/green shades), and the discontinuous permafrost (orange/pink/red shades) in Alaska and northwest-
ern Canada. Solid lines represent the linear trends drawn to highlight that permafrost temperatures are warming faster 
in the colder, coastal permafrost regions than the warmer interior regions. (Figure Source: adapted from Romanovsky 
et al. 2016;175 (c) American Meteorological Society, used with permission.)",Climate Science,Scatter Plot,single view
436,2007 The Physical Science Basis.pdf,"Figure 4.9. Summer minimum arctic sea ice extent from 1979 to 2005. Symbols 
indicate annual mean values while the smooth blue curve shows decadal variations 
(see Appendix 3.A). The dashed line indicates the linear trend, which is -60 +- 
20 x 103 km2 yr-1, or approximately -7.4% per decade (updated from Comiso, 
2002).",Climate Science,Line Chart,single view
442,SR15_Chapter_2_LR.pdf,"Figure 2.20 | Comparison of (a) direct CO2 emissions and (b) carbon intensity of the power and energy end-use sectors (industry, buildings, and transport 
sectors) between IAMs and sectoral studies (IEA-ETP and IEA/IRENA). Diamond markers in panel (b) show data for IEA-ETP scenarios (2DS and B2DS), and IEA/IRENA 
scenario (66%2DS). Note: for the data from IAM studies, there is rather large variation of projections for each indicator. Please see the details in the following figures in each end-
use sector section.",Climate Science,"Bar Graph,Line Chart",composite views
447,SRREN_Full_Report-1.pdf,"Figure 8.16 | Life cycle GHG emissions (excluding land use change) from a range of light 
duty vehicle types as a function of the GHG emission intensity of electricity generation 
systems using coal, natural gas or low-carbon technologies including nuclear and RE 
(Samaras and Meisterling, 2008).",Energy,Line Chart,single view
491,Fourth National Climate Assessment  Volume I.pdf,"Figure 13.4: Trends in surface (< 50 m) ocean carbonate chemistry calculated from observations obtained at the 
Hawai'i Ocean Time-series (HOT) Program in the North Pacific over 1988-2015. The upper panel shows the linked 
increase in atmospheric (red points) and seawater (blue points) CO2 concentrations. The bottom panel shows a de-
cline in seawater pH (black points, primary y-axis) and carbonate ion concentration (green points, secondary y-axis). 
Ocean chemistry data were obtained from the Hawai'i Ocean Time-series Data Organization & Graphical System 
(HOT-DOGS, http://hahana.soest.hawaii.edu/hot/hot-dogs/index.html). (Figure source: NOAA).",Climate Science,Scatter Plot,composite views
492,"2007 Impact, adaption.pdf","Figure 4.2. Net carbon exchange of all terrestrial ecosystems as
simulated by the DGVM LPJ (Sitch et al., 2003; Gerten et al., 2004 -
negative values mean a carbon sink, positive values carbon losses to
the atmosphere). Past century data are based on observations and
climate model data were normalised to be in accord with these
observations for the 1961-1990 data (CRU-PIK). Transient future
projections are for the SRES A2 and B1 emissions scenarios
(Naki 'cenovi 'c et al., 2000), forcing the climate models HadCM3 and
ECHAM5, respectively (cf. Lucht et al., 2006; Schaphoff et al., 2006).
In contrast to previous global projections (Prentice et al., 2001 -
Figure 3.10), the world's ecosystems sink service saturates earlier
(about 2030) and the terrestrial biosphere tends to become a carbon
source earlier (about 2070) and more consistently, corroborating other
projections of increased forcing from biogenic terrestrial sources (e.g.,
Cox et al., 2000, 2004; White et al., 2000a; Lucht et al., 2006;
Schaphoff et al., 2006; Scholze et al., 2006; see Figure 4.3 for maps on
underlying ecosystem changes). Note that these projections assume
an effective CO2-fertilisation (see Section 4.4.1).",Climate Science,Line Chart,single view
494,SR15_Chapter_2_LR.pdf,"Figure 2.24 | Overview of land-use change transitions in 2030 and 2050, relative to 2010 based on pathways based on the Shared Socio-Economic Pathways (SSPs) (Popp et 
al., 2017; Riahi et al., 2017; Rogelj et al., 2018). Grey: no-climate-policy baseline; green: 2.6 W m-2 pathways; blue: 1.9 W m-2 pathways. Pink: 1.9 W m-2 pathways grouped per 
underlying socio-economic assumption (from left to right: SSP1 sustainability, SSP2 middle-of-the-road, SSP5 fossil-fuelled development). Ranges show the minimum-maximum 
range across the SSPs. Single pathways are shown with plus signs. Illustrative archetype pathways are highlighted with distinct icons. Each panel shows the changes for a different 
land type. The 1.9 and 2.6 W m-2 pathways are taken as proxies for 1.5degC and 2degC pathways, respectively. The 2.6 W m-2 pathways are mostly consistent with the Lower-2degC and 
Higher-2degC pathway classes. The 1.9 W m-2 pathways are consistent with the 1.5degC-low-OS (mostly SSP1 and SSP2) and 1.5degC-high-OS (SSP5) pathway classes. In 2010, pasture 
was estimated to cover about 3-3.5 103 Mha, food and feed crops about 1.5-1.6 103 Mha, energy crops about 0-14 Mha and forest about 3.7-4.2 103 Mha, across the models 
that reported SSP pathways (Popp et al., 2017). When considering pathways limiting warming to 1.5degC with no or limited overshoot, the full set of scenarios shows a conversion 
of 50-1100 Mha of pasture into 0-600 Mha for energy crops, a 200 Mha reduction to 950 Mha increase forest, and a 400 Mha decrease to a 250 Mha increase in non-pasture 
agricultural land for food and feed crops by 2050 relative to 2010. The large range across the literature and the understanding of the variations across models and assumptions 
leads to medium confidence in the size of these ranges.",Climate Science,Bar Graph,composite views
497,CARBON DIOXIDE CAPTURE AND STORAGE.pdf,"Figure 8.1 CO2 transport costs range for onshore and offshore pipelines per 250 km, 'normal' terrain conditions. The figure shows low (solid 
lines) and high ranges (dotted lines). Data based on various sources (for details see Chapter 4).",Climate Science,Line Chart,single view
502,Fourth National Climate Assessment  Volume I.pdf,"Figure 8.3: Trends in the annual number of large fires in the western United States for a variety of ecoregions. The 
black lines are fitted trend lines. Statistically significant at a 10% level for all regions except the Snake Plain/Columbian 
Plateau, Basin and Range, and Mediterranean California regions. (Figure source: Dennison et al.108).",Climate Science,Bar Graph,composite views
547,2007 The Physical Science Basis.pdf,"Figure 3.27. Correlations with the SOI, based on normalised Tahiti minus Darwin sea level pressures, for annual (May to April) means for sea level pressure (top left) and 
surface temperature (top right) for 1958 to 2004, and GPCP precipitation for 1979 to 2003 (bottom left), updated from Trenberth and Caron (2000). The Darwin-based SOI, in 
normalized units of standard deviation, from 1866 to 2005 (Konnen et al., 1998; lower right) features monthly values with an 11-point low-pass fi lter, which effectively removes 
fl uctuations with periods of less than eight months (Trenberth, 1984). The smooth black curve shows decadal variations (see Appendix 3.A). Red values indicate positive sea 
level pressure anomalies at Darwin and thus El Nino conditions. ",Energy,"Line Chart,Heat Map",composite views
572,Fourth National Climate Assessment  Volume I.pdf,"Figure 9.1: Poleward migration, in degrees of latitude, of the location of annual mean tropical cyclone (TC) peak 
lifetime intensity in the western North Pacific Ocean, after accounting for the known regional modes of interannual 
(El Nino-Southern Oscillation; ENSO) and interdecadal (Pacific Decadal Oscillation; PDO) variability. The time series 
shows residuals of the multivariate regression of annually averaged latitude of TC peak lifetime intensity onto the mean 
Nino-3.4 and PDO indices. Data are taken from the Joint Typhoon Warning Center (JTWC). Shading shows 95% con-
fidence bounds for the trend. Annotated values at lower right show the mean migration rate and its 95% confidence 
interval in degrees per decade for the period 1945-2013. (Figure source: adapted from Kossin et al. 2016;13 (c) American 
Meteorological Society. Used with permission.) ",Climate Science,Line Chart,single view
604,SR15_Chapter_2_LR.pdf,"Figure 2.3 | Temperature changes from 1850-1900 versus cumulative CO2 emissions since 1st January 1876. Solid lines with dots reproduce the globally 
averaged near-surface air temperature response to cumulative CO2 emissions plus non-CO2 forcers as assessed in Figure SPM10 of WGI AR5, except that points marked with 
years relate to a particular year, unlike in WGI AR5 Figure SPM.10, where each point relates to the mean over the previous decade. The AR5 data was derived from 15 Earth 
system models and 5 Earth system models of Intermediate Complexity for the historic observations (black) and RCP8.5 scenario (red), and the red shaded plume shows the 
range across the models as presented in the AR5. The purple shaded plume and the line are indicative of the temperature response to cumulative CO2 emissions and non-CO2 
warming adopted in this report. The non-CO2 warming contribution is averaged from the MAGICC and FAIR models, and the purple shaded range assumes the AR5 WGI TCRE 
distribution (Supplementary Material 2.SM.1.1.2). The 2010 observation of surface temperature change (0.97degC based on 2006-2015 mean compared to 1850-1900, Chapter 
1, Section 1.2.1) and cumulative carbon dioxide emissions from 1876 to the end of 2010 of 1,930 GtCO2 (Le Quere et al., 2018) is shown as a filled purple diamond. The value 
for 2017 based on the latest cumulative carbon emissions up to the end of 2017 of 2,220 GtCO2 (Version 1.3 accessed 22 May 2018) and a surface temperature anomaly of 
1.1degC based on an assumed temperature increase of 0.2degC per decade is shown as a hollow purple diamond. The thin blue line shows annual observations, with CO2 emissions 
from Le Quere et al. (2018) and estimated globally averaged near-surface temperature from scaling the incomplete coverage and blended HadCRUT4 dataset in Chapter 1. The 
thin black line shows the CMIP5 multimodel mean estimate with CO2 emissions also from (Le Quere et al., 2018). The thin black line shows the GMST historic temperature trends 
from Chapter 1, which give lower temperature changes up to 2006-2015 of 0.87degC and would lead to a larger remaining carbon budget. The dotted black lines illustrate the 
remaining carbon budget estimates for 1.5degC given in Table 2.2. Note these remaining budgets exclude possible Earth system feedbacks that could reduce the budget, such as 
CO2 and CH4 release from permafrost thawing and tropical wetlands (see Section 2.2.2.2).",Climate Science,Line Chart,single view
610,ar4_wg3_full_report-1.pdf,"Figure 3.38: Relationship between global mean equilibrium temperature change and stabilization concentration of greenhouse gases using: (i) 'best estimate' climate sensitivity 
of 3degC (black), (ii) upper boundary of likely range of climate sensitivity of 4.5degC (red), (iii) lower boundary of likely range of climate sensitivity of 2degC (blue) (see also Table 3.9). ",Energy,Line Chart,single view
614,"2007 Impact, adaption.pdf","Figure 4.4. Compendium of projected risks due to critical climate change impacts on ecosystems for different levels of global mean annual
temperature rise,
T, relative to pre-industrial climate (approach and event numbers as used in Table 4.1 and Appendix 4.1). It is important to note
that these impacts do not take account of ancillary stresses on species due to over-harvesting, habitat destruction, landscape fragmentation, alien
species invasions, fire regime change, pollution (such as nitrogen deposition), or for plants the potentially beneficial effects of rising atmospheric
CO2. The red curve shows observed temperature anomalies for the period 1900-2005 (Brohan et al., 2006, see also Trenberth et al., 2007,
Figure 3.6). The two grey curves provide examples of the possible future evolution of temperature against time (Meehl et al., 2007, Figure 10.4),
providing examples of higher and lower trajectories for the future evolution of the expected value of
mean responses to (i) the A2 emissions scenario and (ii) an extended B1 scenario, where radiative forcing beyond the year 2100 was kept constant
to the 2100 value (all data from Meehl et al., 2007, Figure 10.4, see also Meehl et al., 2007, Section 10.7).",Climate Science,Line Chart,single view
639,SR15_Chapter_2_LR.pdf,"Figure 2.4 | Range of assumptions about socio-economic drivers and projections for energy and food demand in the pathways available to this 
assessment. 1.5degC-consistent pathways are blue, other pathways grey. Trajectories for the illustrative 1.5degC-consistent archetypes used in this Chapter (LED, S1, S2, S5; 
referred to as P1, P2, P3, and P4 in the Summary for Policymakers.) are highlighted. S1 is a sustainability oriented scenario, S2 is a middle-of-the-road scenario, and S5 is a 
fossil-fuel intensive and high energy demand scenario. LED is a scenario with particularly low energy demand. Population assumptions in S2 and LED are identical. Panels show 
(a) world population, (b) gross world product in purchasing power parity values, (c) final energy demand, and (d) food demand. ",Climate Science,Line Chart,composite views
643,"2007 Impact, adaption.pdf","Figure 14.3. Typical infrastructure lifetimes in North America (data from
Lewis, 1987; Bettigole, 1990; EIA, 1999, 2001; Statistics Canada, 2001a;
BEA, 2003), in relation to projected North American warming for 2000 to
2100 (relative to 1901-1950) for the A1B scenario, from the IPCC AR4
Multi-Model Dataset (yellow envelope). Measured and modelled
anomalies for 2000 are shown with black and orange bars, respectively.
Projected warming for 2091 to 2100 for the B1, A1B and A2 scenarios
are indicated by the blue, yellow and red bars, respectively at the right
(data from Christensen et al., 2007: Box 11.1 Figure 1).",Climate Science,Scatter Plot,single view
650,ar4_wg3_full_report-1.pdf,"Figure 8.6: Total technical mitigation potentials (all practices, all GHGs) for each region by 2030 
Note: Boxes show one standard deviation above and below the mean estimate for per-area mitigation potential, and the bars show the 95% confidence interval about 
the mean. Based on the B2 scenario, although the pattern is similar for all SRES scenarios.
Source: Drawn from data in Smith et al., 2007a.",Energy,Bar Graph,single view
658,SRREN_Full_Report-1.pdf,"Figure 3.20 | Expected cost decline for CSP plants from 2012 to 2025. The cost number includes the cost of the plant plus fi nancing (A.T. Kearney, 2010). As reduction ranges for cost, 
effi ciency and economies of scale in the right panel overlap, their total contribution in 2025 amounts to less than their overall total.",Energy,Bar Graph,composite views
660,WGIIAR5-PartA_FINAL.pdf,"Figure 7-3 | Since the AR4, international food prices have reversed historical downward trend. The plot shows the history of FAO food and cereal price indices (composite 
measures of food prices), with vertical lines indicating events when a top five producer of a crop had yields 25% below trend line (indicative of a seasonal climate extreme). 
Australia is included despite not being a top five producer, because it is an important exporter and the drops were 40% or more below trend line. Prices may have become more 
sensitive to weather-related supply shortfalls in recent years. At the same time, food prices are increasingly associated with the price of crude oil (blue line), making attribution of 
price changes to climate difficult. Thus, there is clear evidence since AR4 that prices can rise rapidly, but the role of weather in these increases remains unclear. All indices are 
expressed as percentage of 2002-2004 averages. Food price and crop yield data from FAO (http://www.fao.org/worldfoodsituation/foodpricesindex and http://faostat.fao.org/) 
and oil price data from http://www.eia.gov.",Climate Science,Line Chart,single view
676,2007 The Physical Science Basis.pdf,figure 615 sulphate so4 2 concentrations in greenland bigler et al 2002 red line mieding 2005 blue and antarctic traufetter et al 2004 dash violet ice cores during the last millennium also shown are the estimated anthropogenic sulphur s emissions for the nh stern 2005 dashed black the ice core data have been smoothed with a 10year running median fi lter thereby removing the peaks of major volcanic eruptions the inset illustrates the infl uence of volcanic emissions over the last millennium and shows monthly sulphate data in ppm as measured green with identifi ed volcanic spikes removed black most recent volcanic events were not assigned nor removed and results from the 10year fi lter red bigler et al 2002 the records represent illustrative examples and can be infl uenced by local deposition events,Energy,Line Chart,composite views
690,WGI_TAR_full_report.pdf,"Figure 9.15: Simple model results: Temperature changes from (a) 1990 to 2030 and from (b) 1990 to 2100 for the six illustrative SRES scenarios
and IS92a. The bottom axis indicates the AOGCM to which the simple model is tuned. For comparison results are also shown for the SAR version
of the simple climate model using SAR forcing with some of the IS92 scenarios (see Kattenberg et al., 1996). IS92a H/M/L refers to the IS92a
scenario with climate sensitivity of 1.5, 2.5 and 4.5degC respectively. Also shown are the IS92e scenario with a sensitivity of 4.5degC and the IS92c
scenario with a sensitivity of 1.5degC.",Climate Science,Scatter Plot,composite views
736,CARBON DIOXIDE CAPTURE AND STORAGE.pdf,"Figure 5.7 Radial simulations of CO2 injection into a homogeneous formation 100 m thick, at a depth of 1 km, where the pressure is 10 MPa and 
the temperature is 40degC. The injection rate is 1 MtCO2 yr-1 for 20 years, the horizontal permeability is 10 -13 m2 (approximately 100 mD) and the 
vertical permeability is one-tenth of that. The residual CO2 saturation is 20%. The first three parts of the figure at 2, 20 and 200 years, show the 
gas saturation in the porous medium; the second three parts of the figure at 200, 2000 and 4000 years, show the mass fraction of dissolved CO2 
in the aqueous phase (after Ennis-King and Paterson, 2003).",Energy,Area Chart,composite views
754,2007 The Physical Science Basis.pdf,"Figure 3.4. (a) Annual anomalies of global SST (HadSST2; red bars and blue solid curve), 1850 to 2005, and global NMAT (HadMAT, green curve), 1856 to 2005, relative to 
the 1961 to 1990 mean (degC) from the UK Meteorological Offi ce (UKMO; Rayner et al., 2006). The smooth curves show decadal variations (see Appendix 3.A). The dashed black 
curve shows equivalent smoothed SST anomalies from the TAR. (b) Smoothed annual global SST anomalies, relative to 1961 to 1990 (degC), from HadSST2 (blue line, as in (a)), 
from NCDC (Smith et al., 2005; red line) and from COBE-SST (Ishii et al., 2005; green line). The latter two series begin later in the 19th century than HadSST2. (c,d) As in (a) but 
for the NH and SH showing only the UKMO series.",Energy,"Bar Graph,Line Chart",composite views
758,SR15_Chapter_2_LR.pdf,"Figure 2.16 | Electricity generation for the four illustrative pathway archetypes plus the IEA's Faster Transition Scenario (IEA, 2017d) (panel a), and their 
relative location in the ranges for pathways limiting warming to 1.5degC with no or limited overshoot (panel b). The category 'Other renewables' includes electricity 
generation not covered by the other categories, for example, hydro and geothermal. The number of pathways that have higher primary energy than the scale in the bottom panel 
are indicated by the numbers above the whiskers. Black horizontal dashed lines indicate the level of primary energy supply in 2015 (IEA, 2017e). Box plots in the lower panel show 
the minimum-maximum range (whiskers), interquartile range (box), and median (vertical thin black line). Symbols in the lower panel show the four pathway archetypes - S1 (white 
square), S2 (yellow square), S5 (black square), LED (white disc) - as well as the IEA's Faster Transition Scenario (red disc). Pathways with no or limited overshoot included the Below-
1.5degC and 1.5degC-low-OS classes. ",Climate Science,Bar Graph,composite views
765,"2007 Impact, adaption.pdf","Figure 4.1. Major ecosystems addressed in this report, with their
global areal extent (lower panel, Mkm2), transformed by land use in
yellow, untransformed in purple, from Hassan et al. (2005), except for
mediterranean-climate ecosystems, where transformation impact is
from Myers et al. (2000), and total carbon stores (upper panel, PgC) in
plant biomass (green), soil (brown), yedoma/permafrost (light blue). D =
deserts, G&S(tr) = tropical grasslands and savannas, G(te) = temperate
grasslands, ME = mediterranean ecosystems, F(tr) = tropical forests,
F(te) = temperate forests, F(b) = boreal forests, T = tundra, FW =
freshwater lakes and wetlands, C = croplands, O = oceans. Data are
from Sabine et al. (2004, Table 2.2, p. 23), except for carbon content of
yedoma permafrost and permafrost (light blue columns, left and right,
respectively, Zimov et al., 2006), ocean organic carbon content
(dissolved plus particulate organic; Denman et al., 2007, Section
7.3.4.1), and ocean surface area from Hassan et al. (2005, Summary,
Table C2, p. 15, inserted as a number). Figures here update the TAR
(Prentice et al., 2001), especially through considering soil C to 3 m
depth (Jobbagy and Jackson, 2000), as opposed to 1 m. Approximate
carbon content of the atmosphere (PgC) is indicated by the dotted
lines for last glacial maximum (LGM), pre-industrial (P-IND) and current
(about 2000).",Climate Science,Bar Graph,composite views
790,SRREN_Full_Report-1.pdf,"Figure 1.21 | Levelized Cost of Fuels (LCOF) for commercially available biomass conver-
sion technologies covering a range of different discount rates. LCOF estimates for all tech-
nologies are based on input data summarized in Annex III and the methodology outlined 
in Annex II. The lower bound of the levelized cost range is based on a 3% discount rate 
applied to the low ends of the ranges of investment, operations and maintenance (O&M) 
and feedstock cost. The higher bound of the levelized cost range is accordingly based 
on a 10% discount rate applied to the high end of the ranges of investment, O&M and 
feedstock costs. Note that conversion effi ciencies, by-product revenue, capacity factors 
and lifetimes were set to average values. HHV stands for 'higher heating value'. For data 
and supplementary information see Annex III.",Energy,Bar Graph,single view
828,2007 The Physical Science Basis.pdf,"Figure 8.8. Annual mean, zonally averaged SST error, simulated minus observed 
climatology. The Hadley Centre Sea Ice and Sea Surface Temperature (HadISST; Rayner 
et al., 2003) observational climatology for 1980 to 1999 is the reference used here, and 
the model results are for the same period in the 20th-century simulations in the MMD 
at PCMDI. In the presence of sea ice, the SST is assumed to be at the freezing point of 
seawater. The legend identifying individual models appears in Figure 8.4.",Energy,Line Chart,single view
839,WGI_TAR_full_report.pdf,"Figure 2.19: Reconstructed global ground temperature estimate from
borehole data over the past five centuries, relative to present day.
Shaded areas represent +- two standard errors about the mean history
(Pollack et al., 1998). Superimposed is a smoothed (five-year running
average) of the global surface air temperature instrumental record since
1860 (Jones and Briffa, 1992).",Climate Science,Line Chart,single view
846,SRREN_Full_Report-1.pdf,"Figure 10.18 | Regional breakdown of possible energy demand and RE potential deployment for the selected set of four scenarios in 2050 (direct equivalent). Sources: IEA-WEO2009-
Baseline (IEA, 2009; Teske et al., 2010), ReMIND-RECIPE (Luderer et al., 2009), MiniCAM-EMF22 (Calvin et al., 2009), ER-2010 (Teske et al., 2010). For comparison, total primary 
energy demand in 2007 is given (IEA, 2009).",Energy,Bar Graph,single view
859,SRREN_Full_Report-1.pdf,"Figure 6.14 | Capacity factor effect on LCOE for estimated 2020 wave and tidal current 
investment costs. The data point showing the EPRI conceptual design, using Pelamis 500 
kW machines at 38% capacity factor, is based on Previsic (2004).",Energy,Line Chart,single view
869,WGI_TAR_full_report.pdf,"Figure 8.14: Annual mean tropical cooling at the last glacial maximum: comparison between model results and palaeo-data. (Centre panel)
simulated surface air temperature changes over land are displayed as a function of surface temperature changes over the oceans, both averaged in
the 30degS to 30degN latitudinal band, for all the PMIP simulations: models with prescribed CLIMAP SSTs (circles) and coupled atmosphere-mixed
layer ocean models (squares) (from Pinot et al., 1999). Numbers refer to different models: circles, 1: LMD4, 2-5: MRI2, ECHAM3, UGAMP,
LMD5 (higher resolution), 6-7: CCSR/NIES1, LMD5, 8: GEN2. Squares : 1: LMD4,2: UGAMP, 3: GEN2, 4: GFDL, 5: HADAM2, 6: MRI2, 7:
CCM1, 8: CCC2 (names refer to Tables 8.1 and 8.5). Results from two EMIC models including a dynamical ocean model have also been
displayed (diamonds): 1-UVIC (Weaver et al., 1998), 2-CLIMBER-2 (Petoukhov et al., 2000). 
The comparison with palaeo-data: (upper panel) over land is with estimates from various pollen data for altitudes below 1,500m (the label 'nb
data' refers to the number of data points in three different regions corresponding to the temperature change estimate plotted in the abscissa) from
(Farrera, et al., 1999); (right panel) the distribution of SST changes estimated from alkenones in the tropics from the Sea Surface Temperature
Evolution Mapping Project based on Alkenone Stratigraphy (TEMPUS) (Rosell-Mele, et al., 1998) (nb data: same as upper panel, number of data
points for each temperature change). Caution: in this figure, model results are averaged over the whole tropical domain and not over proxy-data
locations, which may bias the comparison (e.g., Broccoli and Marciniak, 1996). For example, for the pollen data, extreme values are obtained for
specific regions: weakest values over the Indonesia-Pacific region and coldest values over South America. ",Climate Science,"Bar Graph,Scatter Plot",composite views
882,2007 The Physical Science Basis.pdf,"Figure 3.16. Vertical weighting functions (grey) depicting the layers sampled by satellite MSU measurements and their derivatives, and used also for radiosonde and reanaly-
sis records. The right panel schematically depicts the variation in the tropopause (that separates the stratosphere and troposphere) from the tropics (left) to the high latitudes 
(right). The fourth panel depicts T4 in the lower stratosphere, the third panel shows T2, the second panel shows the troposphere as a combination of T2 and T4 (Fu et al., 2004a) 
and the fi rst panel shows T2LT from the UAH for the low troposphere. Adapted from Karl et al. (2006).",Energy,Line Chart,single view
898,Fourth National Climate Assessment  Volume I.pdf,"Figure 11.3: Time series of the cumulative climatic mass balance (units: kg/m2) in five arctic regions and for the 
Pan-Arctic from the World Glacier Monitoring Service (WGMS;210 Wolken et al.;211 solid lines, left y-axis), plus Alaskan 
glacial mass loss observed from NASA GRACE113 (dashed blue line, right y-axis). (Figure source: Harig and Simons 
2016113 and Wolken et al. 2016;211 (c) American Meteorological Society, used with permission.)",Climate Science,Line Chart,single view
904,CARBON DIOXIDE CAPTURE AND STORAGE.pdf,"Figure 6.15 Estimated volume of pH perturbations at global scale for hypothetical examples in which injection of CO2 into the ocean interior 
provides 100% or 10% of the mitigation effort needed to move from a logistic emissions curve cumulatively releasing 18,000 GtCO2 (=5000 
GtC) to emissions consistent with atmospheric CO2 stabilization at 550 ppm according to the WRE550 pathway (Wigley et al., 1996). The curves 
show the simulated fraction of ocean volume with a pH reduction greater than the amount shown on the horizontal axis. For the 10% case, in year 
2100, injection rates are high and about1% of the ocean volume has significant pH reductions; in year 2300, injection rates are low, but previously 
injected CO2 has decreased ocean pH by about 0.1 unit below the value produced by a WRE550 atmospheric CO2 pathway in the absence of CO2 
release directly to the ocean (Caldeira and Wickett, 2005).",Energy,Line Chart,single view
909,WGI_TAR_full_report.pdf,"Figure 6.6: Global, annual mean radiative forcings (Wm-2) due to a number of agents for the period from pre-industrial (1750) to present (late
1990s; about 2000) (numerical values are also listed in Table 6.11). For detailed explanations see Section 6.13. The height of the rectangular bar
denotes a central or best estimate value while its absence denotes no best estimate is possible. The vertical line about the rectangular bar with 'x'
delimiters indicates an estimate of the uncertainty range, guided by the spread in the published values of the forcing and physical understanding. A
vertical line without a rectangular bar and with 'o' delimiters denotes a forcing for which no central estimate can be given owing to large
uncertainties. The uncertainty range specified here has no statistical basis and therefore differs from the use of the term elsewhere in this
document. A 'level of scientific understanding' (LOSU) index is accorded to each forcing, with H, M, L and VL denoting high, medium, low and
very low levels, respectively. This represents our subjective judgement about the reliability of the forcing estimate, involving factors such as the
assumptions necessary to evaluate the forcing, the degree of our knowledge of the physical/chemical mechanisms determining the forcing, and the
uncertainties surrounding the quantitative estimate of the forcing (see Table 6.12). The well-mixed greenhouse gases are grouped together into a
single rectangular bar with the individual mean contributions due to CO2, CH4, N2O, and halocarbons (see Tables 6.1 and 6.11) shown; halocar-
bons refers to all halogen-containing compounds listed in Table 6.1. 'FF' denotes fossil fuel burning while 'BB' denotes biomass burning
aerosol. Fossil fuel burning is separated into the 'black carbon' (bc) and 'organic carbon' (oc) components with its separate best estimate and
range. The sign of the effects due to mineral dust is itself an uncertainty. The indirect forcing due to tropospheric aerosols is poorly understood.
The same is true for the forcing due to aviation via their effects on contrails and cirrus clouds. Only the first type of indirect effect due to aerosols
as applicable in the context of liquid clouds is considered here. The second type of effect is conceptually important but there exists very little
confidence in the simulated quantitative estimates. The forcing associated with stratospheric aerosols from volcanic eruptions is highly variable
over the period and is not considered for this plot (however, see Figure 6.8d). All the forcings shown have distinct spatial and seasonal features
(Figure 6.7) such that the global, annual means appearing on this plot do not yield a complete picture of the radiative perturbation. They are only
intended to give, in a relative sense, a first-order perspective on a global, annual mean scale, and cannot be readily employed to obtain the climate
response to the total natural and/or anthropogenic forcings. As in the SAR, it is emphasised that the positive and negative global mean forcings
cannot be added up and viewed a priori as providing offsets in terms of the complete global climate impact.",Climate Science,Bar Graph,single view
920,SRREN_Full_Report-1.pdf,"Figure 9.6 | Energy imports as the share of total primary energy consumption (%) for coal (hard coal and lignite), crude oil and natural gas for selected world regions in 2008. Negative 
values denote net exporters of energy carriers. Based on BGR (2009).",Energy,Bar Graph,single view
937,2007 The Physical Science Basis.pdf,"Figure 11.19. Annual cycle of arctic area 
mean temperature and percentage precipi-
tation changes (averaged over the area north 
of 60degN) for 2080 to 2099 minus 1980 to 
1999, under the A1B scenario. Thick lines 
represent the ensemble median of the 21 
MMD models. The dark grey area represents 
the 25 and 75% quartile values among the 
21 models, while the light grey area shows 
the total range of the models.",Energy,Line Chart,composite views
950,SR15_Chapter_3_LR.pdf,"Figure 3.9 | Projected changes in annual 5-day maximum precipitation (Rx5day) as a function of global warming for IPCC Special Report on the Risk of Extreme Events and 
Disasters to Advance Climate Change Adaptation (SREX) regions (see Figure 3.2), based on an empirical scaling relationship applied to Coupled Model Intercomparison Project 
Phase 5 (CMIP5) data together with projected changes from the HAPPI multimodel experiment (bar plots on regional analyses and central plot). The underlying methodology 
and data basis are the same as for Figure 3.5 (see Supplementary Material 3.SM.2 for more details).",Climate Science,Area Chart,composite views
994,WGI_TAR_full_report.pdf,"Figure 13.7: Pattern correlations between the decadal ensemble mean
temperature (Northern Hemisphere only) from the HadCM2 experi-
ment forced with a 0.5%/yr increase in greenhouse gas concentrations
(Gd) and: the scaled ensemble mean pattern (solid line); the four
scaled individual ensemble member patterns - average coefficient
(dashed line); and the scaled ensemble mean pattern derived from the
HadCM2 experiment forced with a 1%/yr increase in greenhouse gas
concentrations (Ga) (dotted line). The correlations increase with time
as the pattern of greenhouse gas response (the 'signal') increasingly
dominates the random effects of internal climate variability (the
'noise'). The shaded area shows the spread of correlations between the
pairs of the individual members of the Gd ensemble; these correlations
are lower than those between the realised and scaled patterns above,
indicating that the scaled pattern is not due to internal climate
variability. (Source: Mitchell et al., 1999.)",Energy,Line Chart,single view
998,CARBON DIOXIDE CAPTURE AND STORAGE.pdf,"Figure 8.5 Relationship between (1) the imputed share of CCS in total cumulative emissions reductions in per cent and (2) total cumulative CCS 
deployment in GtCO2 (2000-2100). The scatter plots depict values for individual TAR mitigation scenarios for the six SRES scenario groups. 
The vertical dashed lines show the average share of CCS in total emissions mitigation across the 450 to 750 ppmv stabilization scenarios, and the 
dashed horizontal lines illustrate the scenarios' average cumulative storage requirements across 450 to 750 ppmv stabilization.",Climate Science,Scatter Plot,single view
999,Fourth National Climate Assessment  Volume I.pdf,"Figure 10.4: The length of the growing season in the contiguous 48 states compared with a long-term average (1895-
2015), where 'growing season' is defined by a daily minimum temperature threshold of 41degF. For each year, the line 
represents the number of days shorter or longer than the long-term average. The line was smoothed using an 11-year 
moving average. Choosing a different long-term average for comparison would not change the shape of the data over 
time. (Figure source: Kunkel 20162).",Climate Science,Line Chart,single view
1006,"2007 Impact, adaption.pdf","Figure 19.1. Probability (see 'Key caveat' above on low confidence for specific quantitatitive results) of exceeding an equilibrium global warming of
2degC above pre-industrial (1.4degC above 1990 levels), for a range of CO2-equivalent stabilisation levels. Source: Hare and Meinshausen (2005).",Climate Science,Line Chart,single view
1011,2007 The Physical Science Basis.pdf,"Figure 7.14. Uncertainties in carbon cycle feedbacks estimated from analysis of the results from the C4MIP models. Each effect is given in terms of its impact on the mean 
airborne fraction over the simulation period (typically 1860 to 2100), with bars showing the uncertainty range based on the ranges of effective sensitivity parameters given in 
Tables 7.4 and 7.5. The lower three bars are the direct response to increasing atmospheric CO2 (see Section 7.3.5 for details), the middle four bars show the impacts of climate 
change on the carbon cycle, and the top black bar shows the range of climate-carbon cycle feedbacks given by the C4MIP models.",Energy,Bar Graph,single view
1044,WGI_TAR_full_report.pdf,"Figure 2.21: Comparison of warm-season (Jones et al., 1998) and annual mean (Mann et al., 1998, 1999) multi-proxy-based and warm season
tree-ring-based (Briffa, 2000) millennial Northern Hemisphere temperature reconstructions. The recent instrumental annual mean Northern
Hemisphere temperature record to 1999 is shown for comparison. Also shown is an extra-tropical sampling of the Mann et al. (1999) temperature
pattern reconstructions more directly comparable in its latitudinal sampling to the Jones et al. series. The self-consistently estimated two standard
error limits (shaded region) for the smoothed Mann et al. (1999) series are shown. The horizontal zero line denotes the 1961 to 1990 reference
period mean temperature. All series were smoothed with a 40-year Hamming-weights lowpass filter, with boundary constraints imposed by
padding the series with its mean values during the first and last 25 years.",Climate Science,Line Chart,single view
1068,WGIII_TAR_full_report.pdf,"Figure 2.13: The 76 post-SRES stabilization scenarios of world fossil fuel CO2 emissions. Different stabilization levels are indi-
cated by colour, with 750ppmv in red, 650ppmv in black, 550ppmv in blue, and 450ppmv in green. For comparison, the minimum
and maximum of the ranges of scenarios from the literature (grey) and the SRES (yellow) as well as the WRI and WRE 550ppmv
stabilization scenarios (bold black) are also shown.",Climate Science,Line Chart,single view
1081,Fourth National Climate Assessment  Volume I.pdf,"Figure 7.3: Index of the number of 2-day precipitation events exceeding the station-specific threshold for a 5-year 
recurrence interval in the contiguous United States, expressed as a percentage difference from the 1901-1960 mean. 
The annual values are averaged over 5-year periods, with the pentad label indicating the ending year of the period. 
Annual time series of the number of events are first calculated at individual stations. Next, the grid box time series are 
calculated as the average of all stations in the grid box. Finally, a national time series is calculated as the average of 
the grid box time series. Data source: GHCN-Daily. (Figure source: CICS-NC and NOAA NCEI).",Climate Science,Bar Graph,single view
1087,2007 The Physical Science Basis.pdf,"Figure 5.13. Annual averages of the global mean sea level (mm). The red curve shows reconstructed 
sea level fi elds since 1870 (updated from Church and White, 2006); the blue curve shows coastal tide 
gauge measurements since 1950 (from Holgate and Woodworth, 2004) and the black curve is based 
on satellite altimetry (Leuliette et al., 2004). The red and blue curves are deviations from their averages 
for 1961 to 1990, and the black curve is the deviation from the average of the red curve for the period 
1993 to 2001. Error bars show 90% confi dence intervals. ",Energy,Line Chart,single view
1100,https://drive.google.com/file/d/10nPf3bjcz_4JhMjpFH1iUF29QkW8s5Yl/view?usp=drive_link,"Figure 5.4 | Investment into mitigation up until 2030 and implications for 
investments for four sustainable development dimensions. Cross-hatched bars show 
the median investment in 1.5degC pathways across results from different models, and 
solid bars for 2degC pathways, respectively. Whiskers on bars represent minima and 
maxima across estimates from six models. Clean water and air pollution investments 
are available only from one model. Mitigation investments show the change in 
investments across mitigation options compared to the baseline. Negative mitigation 
investments (grey bars) denote disinvestment (reduced investment needs) into 
fossil fuel sectors compared to the baseline. Investments for different sustainable 
development dimensions denote the investment needs for complementary measures 
in order to avoid trade-offs (negative impacts) of mitigation. Negative sustainable 
development investments for air pollution indicate cost savings, and thus synergies 
of mitigation for air pollution control costs. The values compare to about 2 trillion 
USD2010 (range of 1.4 to 3 trillion) of total energy-related investments in the 1.5degC 
pathways. Source: Estimates from CD-LINKS scenarios summarised by McCollum et 
al., 2018b.",Climate Science,Bar Graph,single view
1112,ar4_wg3_full_report-1.pdf,"Figure 3.2: Comparison of GDP projections in post-SRES emissions scenarios 
with those used in previous scenarios. The median of the new scenarios is about 7% 
below the median of the pre-SRES and SRES scenario literature. The two vertical 
bars on the right extend from the minimum to maximum of the distribution of 
scenarios by 2100. The horizontal bars indicate the 5th, 25th, 50th, 75th and the 95th 
percentiles of the distributions.",Climate Science,Line Chart,single view
1143,WGI_TAR_full_report.pdf,"Figure 6.5: Reconstructions of total solar irradiance (TSI) by Lean et
al. (1995, solid red curve), Hoyt and Schatten (1993, data updated by
the authors to 1999, solid black curve), Solanki and Fligge (1998,
dotted blue curves), and Lockwood and Stamper (1999, heavy dash-
dot green curve); the grey curve shows group sunspot numbers (Hoyt
and Schatten, 1998) scaled to Nimbus-7 observations for 1979 to 1993.",Climate Science,Line Chart,single view
1146,2007 The Physical Science Basis.pdf,"Figure 7.21. Global mean total anthropogenic aerosol effect (direct, semi-direct and indirect cloud albedo and lifetime effects) defi ned as the response in net radiation at TOA 
from pre-industrial times to the present day and its contribution over the NH and SH, over oceans and over land, and the ratio over oceans/land. Red bars refer to anthropogenic 
sulphate (Easter et al., 2004; Ming et al., 2005+), green bars refer to anthropogenic sulphate and black carbon (Kristjansson, 2002*,+), blue bars to anthropogenic sulphate and 
organic carbon (Quaas et al., 2004; Rotstayn and Liu, 2005+), cyan bars to anthropogenic sulphate and black and organic carbon (Menon and Del Genio, 2005; Takemura et al., 
2005; Johns et al., 2006; Storelvmo et al., 2006), dark purple bars to anthropogenic sulphate and black and organic carbon effects on water and ice clouds (Jacobson, 2006; 
Lohmann and Diehl, 2006), teal bars refer to a combination of GCM and satellite results (European Centre for Medium Range Weather Forecasts/Max-Planck Institute for Meteo-
rology Atmospheric GCM (ECHAM) plus Polarisation and Directionality of the Earth's Refl ectance (POLDER), Lohmann and Lesins, 2002; Laboratoire de Meteorologie Dynamique 
GCM (LMDZ)/ECHAM plus Moderate Resolution Imaging Spectroradiometer (MODIS), Quaas et al., 2006) and olive bars to the mean and standard deviation from all simulations. 
Vertical black lines for individual results refer to +-1 standard deviation in cases of multiple simulations and/or results.",Energy,Bar Graph,composite views
1153,2007 The Physical Science Basis.pdf,"Figure 3.12. Time series for 1900 to 2005 of annual global land precipitation 
anomalies (mm) from GHCN with respect to the 1981 to 2000 base period. The 
smooth curves show decadal variations (see Appendix 3.A) for the GHCN (Peterson 
and Vose, 1997), PREC/L (Chen et al., 2002), GPCP (Adler et al., 2003), GPCC (Rudolf 
et al., 1994) and CRU (Mitchell and Jones, 2005) data sets.",Energy,"Bar Graph,Line Chart",single view
1177,WGI_TAR_full_report.pdf,"Figure 11.7: Time-series of relative sea level for the past 300 years from Northern Europe: Amsterdam, Netherlands; Brest, France; Sheerness,
UK; Stockholm, Sweden (detrended over the period 1774 to 1873 to remove to first order the contribution of postglacial rebound);
Swinoujscie, Poland (formerly Swinemunde, Germany); and Liverpool, UK. Data for the latter are of 'Adjusted Mean High Water' rather than
Mean Sea Level and include a nodal (18.6 year) term. The scale bar indicates +-100 mm. (Adapted from Woodworth, 1999a.)",Climate Science,Line Chart,single view
1178,WGI_TAR_full_report.pdf,"Figure 2.28: Reconstructions since 1700 of proxy-based ENSO
indices. Shown are the Northern Hemisphere cold-season (Oct-Mar)
mean NINO 3 index of Mann et al. (2000a) and the Northern
Hemisphere winter SOI index of Stahle et al. (1998). The SOI series is
scaled to have the same standard deviation as the NINO 3 index, and is
reversed in sign to be positively correlated with the NINO 3 series. An
instrumental NINO 3 index from 1871 to 2000 is shown for compar-
ison (Rayner et al., 2000; see also Figure 2.29), with two standard
error limits (grey shaded) of the proxy NINO 3 reconstruction.",Climate Science,Line Chart,single view
1192,WGI_TAR_full_report.pdf,"Figure 10.17: Similarity of time mean precipitation distributions
obtained in a continuous RCM simulation and through statistical-
dynamical downscaling (SDD) for different levels of disaggregation.
Black line: mean absolute error (mm/day), grey line: spatial correlation
coefficient. Horizontal axis: computational load of SDD. N is the
number of days simulated in SDD, N the number of days simulated
with the continuous RCM simulation.",Climate Science,Line Chart,single view
1205,WGI_TAR_full_report.pdf,"Figure 9.6: (a) The time evolution of the globally averaged temperature change relative to the years (1961 to 1990) of the SRES simulations A2
(top) and B2 (bottom) (Unit: degC). See Table 9.1 for more information on the individual models used here. (b) The time evolution of the globally
averaged precipitation change relative to the years (1961 to 1990) of the SRES simulations A2 (top) and B2 (bottom) (Unit: %). See Table 9.1 for
more information on the individual models used here.",Climate Science,Line Chart,composite views
1206,SRREN_Full_Report-1.pdf,"Figure 2.11 | Lifecycle GHG emissions of biopower technologies per unit of electricity generation, including supply chain emissions (land use-related net changes in carbon stocks 
and land management impacts are excluded). Co-fi ring is shown for the biomass portion only (without GHG emissions and electricity output associated with coal). Included in the 
avoided GHG emissions category are only estimates in which the use of the feedstock itself (e.g. residues and wastes) leads to avoided emissions, for example, in the form of avoided 
methane emissions from landfi lls (most common in the literature).1 Estimates that include avoided emissions from the production of co-products are not included in the avoided 
GHG emissions category. Individual data points were used instead of box plots for estimates with avoided emissions because of high variability. Red diamonds indicate that a carbon 
mitigation technology (CCS or carbonate formation by absorption) was considered. Along the bottom of the fi gure and aligned with each column are the number of estimates and the 
number of references (CCS estimates in parentheses) producing the distributions.",Energy,Bar Graph,single view
1214,Fourth National Climate Assessment  Volume I.pdf,"Figure 12.5: (a) Tidal floods (days per year) exceeding NOAA thresholds for minor impacts at 28 NOAA tide gauges 
through 2015. (b) Historical exceedances (orange), future projections through 2100 based upon the continuation of the 
historical trend (blue), and future projections under median RCP2.6, 4.5 and 8.5 conditions, for two of the locations--
Charleston, SC and San Francisco, CA. (c) Water level heights above average highest tide associated with a local 
5-year recurrence probability, and (d) the future decade when the 5-year event becomes a 0.2-year (5 or more times per 
year) event under the Interagency Intermediate scenario; black dots imply that a 5-year to 0.2-year frequency change 
does not unfold by 2200 under the Intermediate scenario. (Figure source: (a) adapted from Sweet and Marra 2016,165 
(b) adapted from Sweet and Park 2014,105 (c) and (d) Sweet et al. 201771).",Climate Science,"Bar Graph,Line Chart,Scatter Plot",composite views
1215,SYR_AR5_FINAL_full.pdf,"Figure 4.4 | Change in annual investment flows from the average baseline level over the next two decades (2010 to 2029) for mitigation scenarios that stabilize concentrations 
(without overshoot) within the range of approximately 430 to 530 ppm CO2-eq by 2100. Total electricity generation (leftmost column) is the sum of renewable and nuclear energy, 
power plants with CCS, and fossil-fuel power plants without CCS. The vertical bars indicate the range between the minimum and maximum estimate; the horizontal bar indicates 
the median. The numbers in the bottom row show the total number of studies in the literature used in the assessment. Individual technologies shown are found to be used in dif-
ferent model scenarios in either a complementary or a synergistic way, depending largely on technology-specific assumptions and the timing and ambition level of the phase-in of 
global climate policies. {WGIII Figure SPM.9}",Climate Science,Bar Graph,single view
1225,CARBON DIOXIDE CAPTURE AND STORAGE.pdf,"Figure 5.24 The produced water chemistry before CO2 injection and the produced water chemistry after 12 months and 31 months of injection 
at Weyburn has been contoured from fluid samples taken at various production wells. The black dots show the location of the sample wells: 
(a) d13CHCO3 in the produced water, showing the effect of supercritical CO2 dissolution and mineral reaction. (b) Calcium concentrations in the 
produced water, showing the result of mineral dissolution (after Perkins et al., 2005).",Energy,Heat Map,composite views
1232,WGI_TAR_full_report.pdf,"Figure 3.10: Projections of anthropogenic CO2 uptake by process-based models. Six dynamic global vegetation models were run with IS92a CO2
concentrations as given in the SAR: (a) CO2 only, and (b) with these CO2 concentrations plus simulated climate changes obtained from the Hadley
Centre climate model with CO2 and sulphate aerosol forcing from IS92a (Cramer et al., 2000). Panel (b) also shows the envelope of the results from
panel (a) (in grey). (c) Ten process-based ocean carbon models were run with the same CO2 concentrations, assuming a constant climate (Orr and
Dutay, 1999; Orr et al., 2000). A further six models were used to estimate the climate change impact on ocean CO2 uptake as a proportional change
from the CO2-only case. The resulting changes were imposed on the mean trajectory of the simulations shown in panel (c), shown by the black line
in panel (d), yielding the remaining trajectories in panel (d). The range of model results in panel (d) thus represents only the climate change impact
on CO2 uptake; the range does not include the range of representations of ocean physical transport, which is depicted in panel (c).",Climate Science,Line Chart,composite views
1246,WGI_TAR_full_report.pdf,"Figure 11.7: Time-series of relative sea level for the past 300 years from Northern Europe: Amsterdam, Netherlands; Brest, France; Sheerness,
UK; Stockholm, Sweden (detrended over the period 1774 to 1873 to remove to first order the contribution of postglacial rebound);
Swinoujscie, Poland (formerly Swinemunde, Germany); and Liverpool, UK. Data for the latter are of 'Adjusted Mean High Water' rather than
Mean Sea Level and include a nodal (18.6 year) term. The scale bar indicates +-100 mm. (Adapted from Woodworth, 1999a.)",Climate Science,Line Chart,single view
1251,Fourth National Climate Assessment  Volume I.pdf,"Figure 7.8: Projected change (percentage change relative to the 1976-2005 reference period average) in the number 
of daily zero ('No-Precip') and non-zero precipitation days (by percentile bins) for late-21st century under a higher 
scenario (RCP8.5). The precipitation percentile bin thresholds are based on daily non-zero precipitation amounts from 
the 1976-2005 reference period that have been ranked from low to high. These results are calculated from the LOCA 
downscaled data. (Figure source: CICS-NC and NOAA NCEI).",Climate Science,Bar Graph,single view
1277,SRREN_Full_Report-1.pdf,"Figure 7.24 | Global primary energy supply of wind energy in long-term scenarios 
(median, 25th to 75th percentile range, and full range of scenario results; colour coding is 
based on categories of atmospheric CO2 concentration level in 2100; the specifi c number 
of scenarios underlying the fi gure is indicated in the right upper corner) (adapted from 
Krey and Clarke, 2011; see also Chapter 10).",Energy,Bar Graph,single view
1285,2007 The Physical Science Basis.pdf,"Figure 5.1. Time series of global annual ocean heat content (1022 J) for the 0 to 700 m layer. The black curve is updated from Levitus et al. (2005a), with the shading repre-
senting the 90% confi dence interval. The red and green curves are updates of the analyses by Ishii et al. (2006) and Willis et al. (2004, over 0 to 750 m) respectively, with the er-
ror bars denoting the 90% confi dence interval. The black and red curves denote the deviation from the 1961 to 1990 average and the shorter green curve denotes the deviation 
from the average of the black curve for the period 1993 to 2003. ",Energy,Line Chart,single view
1294,2007 The Physical Science Basis.pdf,"Figure 9.10. Observed and hindcast decadal mean surface temperature anomalies (degC) expressed, for each decade, relative to the preceding three decades. Observed 
anomalies are represented by horizontal black lines. Hindcast decadal anomalies and their uncertainties (5 to 95% confi dence bounds) are displayed as vertical bars. Hindcasts 
are based on a Bayesian detection analysis using the estimated response to historical external forcing. Hindcasts made with CGCM2, HadCM2 (see Table 8.1 of the TAR) and 
HadCM3 (see Table 8.1, this report) use the estimated response to anthropogenic forcing only (left hand column of legend) while those made with selected MMD 20C3M 
models used anthropogenic and natural forcings (centre column of legend; see Table 8.1 for model descriptions). Hindcasts made with the ensemble mean of the selected 
20C3M models are indicated by the thick green line. A hindcast based on persisting anomalies from the previous decade is also shown. The hindcasts agree well with 
observations from the 1950s onward. Hindcasts for the decades of the 1930s and 1940s are sensitive to the details of the hindcast procedure. A forecast for the decadal global 
mean anomaly for the decade 2000 to 2009, relative to the 1970 to 1999 climatology, based on simulations performed with the Canadian Centre for Climate Modelling and 
Analysis Coupled Global Climate Model (CGCM2) is also displayed. From Lee et al. (2006).",Energy,Bar Graph,single view
1295,2007 The Physical Science Basis.pdf,"Figure 5.19. Global sea level change due to thermal expansion for 1955 to 2003, based on Levi-
tus et al. (2005a; black line) and Ishii et al. (2006; red line) for the 0 to 700 m layer, and based on 
Willis et al. (2004; green line) for the upper 750 m. The shaded area and the vertical red and green 
error bars represent the 90% confi dence interval. The black and red curves denote the deviation 
from their 1961 to 1990 average, the shorter green curve the deviation from the average of the 
black curve for the period 1993 to 2003.",Energy,Line Chart,single view
1301,SR15_Chapter_2_LR.pdf,"Figure 2.10 | Accounting of cumulative CO2 emissions for the four 1.5degC-consistent pathway archetypes. See top panel for explanation of the bar plots. Total 
CDR is the difference between gross (red horizontal bar) and net (purple horizontal bar) cumulative CO2 emissions over the period 2018-2100, and it is equal to the sum of the 
BECCS (grey) and AFOLU CDR (green) contributions. Cumulative net negative emissions are the difference between peak (orange horizontal bar) and net (purple) cumulative CO2 
emissions. The blue shaded area depicts the estimated range of the remaining carbon budget for a two-in-three to one-in-two chance of staying below1.5degC. The grey shaded 
area depicts the range when accounting for additional Earth system feedbacks. ",Climate Science,Bar Graph,single view
1303,ar4_wg3_full_report-1.pdf,"Figure 5.19: Co-benefits from different mitigation measures in Santiago de Chile
Note: toll is applied for cars/busses to enter downtown area or inside the 
Americo Vespucio ring around the city.",Energy,Bar Graph,single view
1326,https://drive.google.com/file/d/10nPf3bjcz_4JhMjpFH1iUF29QkW8s5Yl/view?usp=drive_link,"Figure 5.2 | Synergies and trade-offs and gross Sustainable Development Goal (SDG)-interaction with individual mitigation options. The top three wheels represent synergies 
and the bottom three wheels show trade-offs. The colours on the border of the wheels correspond to the SDGs listed above, starting at the 9 o'clock position, with reading 
guidance in the top-left corner with the quarter circle (Note 1). Mitigation (climate action, SDG 13) is at the centre of the circle. The coloured segments inside the circles can be 
counted to arrive at the number of synergies (green) and trade-offs (red). The length of the coloured segments shows the strength of the synergies or trade-offs (Note 3) and 
the shading indicates confidence (Note 2). Various mitigation options within the energy demand sector, energy supply sector, and land and ocean sector, and how to read them 
within a segment are shown in grey (Note 4). See also Table 5.2.",Climate Science,Pie Chart,composite views
1388,CARBON DIOXIDE CAPTURE AND STORAGE.pdf,"Figure 6.3 Equilibrium partitioning of CO2 between the ocean and 
atmosphere. On the time scale of millennia, complete mixing of the 
oceans leads to a partitioning of cumulative CO2 emissions between the 
oceans and atmosphere with the bulk of emissions eventually residing in 
the oceans as dissolved inorganic carbon. The ocean partition depends 
nonlinearly on CO2 concentration according to carbonate chemical 
equilibrium (Box 6.1) and has limited sensitivity to changes in surface 
water temperature (shown by the grey area for a range of climate 
sensitivity of 1.5 to 4.5degC for CO2 doubling) (adapted from Kheshgi 
et al., 2005; Kheshgi, 2004a). pH evaluated from pCO2 of 275 ppm. 
This calculation is relevant on the time scale of several centuries, and 
does not consider changes in ocean alkalinity that increase ocean CO2 
uptake over several millennia (Archer et al., 1997).",Energy,Line Chart,single view
1400,WGIII_TAR_full_report.pdf,"Figure 2.19: An equity index to compare per capita final energy use (GJ/capita) between the Annex I (pink) and non-Annex I
(blue) countries for all post-SRES (550ppmv stabilization) and SRES (baseline) variants from 1990 to 2100. Climate policy has
a much smaller impact on equity in energy use than does choice of development path. This can be seen by comparing the change
in energy use within each of the four worlds (i.e., between the baseline and the 550ppmv stabilization for each world) with the
change among the worlds (i.e., across the baselines or across the 550ppmv stabilization).",Climate Science,Line Chart,composite views
1428,SRREN_Full_Report-1.pdf,"Figure 9.9 | Illustrative ranges in lifecycle GHG emissions of petroleum fuels, fi rst-generation biofuels and selected next-generation lignocellulosic biofuels without considering land 
use change. (Sources for estimates plotted: Wu et al., 2005; Fleming et al., 2006; Hill et al., 2006, 2009; Beer et al., 2007; Wang et al., 2007; CONCAWE, 2008; Macedo and Seabra, 
2008; NETL, 2008, 2009; CARB, 2009; Hoefnagels et al., 2010; Hsu et al., 2010; Kaliyan et al., 2010; Larson et al., 2010; Neely et al 2010). Note: FTD = Fischer-Tropsch diesel; RD = 
Renewable diesel (RD is different from biodiesel in processing and product properties). For common feedstock and fuel categories shown in both Figure 2.10 and above (e.g., sugarcane 
ethanol, FTD), the references cited and the ranges of GHG emission estimates are identical.",Energy,Bar Graph,single view
1439,ar4_wg3_full_report-1.pdf,"Figure 8.7: Global agricultural mitigation potential in 2030 from top-down models 
by carbon price and stabilisation target
Note: Dashed lines connect results from scenarios where tighter stabilization 
targets were modelled with the same model and identical baseline characteriza-
tion and mitigation technologies. From Chapter 3, Sections 3.3.5 and 3.6.2. 
Source: Data assembled from USCCSP, 2006; Rose et al., 2007; Fawcett and Sands, 2006; Smith 
and Wigley, 2006; Fujino et al., 2006; Kemfert et al., 2006.",Energy,Scatter Plot,single view
1453,ar4_wg3_full_report-1.pdf,"Figure 2.2: The impacts of different technology assumptions on energy systems 
costs and emissions (cumulative 1990-2100, systems costs (undiscounted) in 
trillion US$) in no-climate policy baseline (reference) scenarios (based on the SRES 
A1 scenario family that share identical population and GDP growth assumptions) 
and in illustrative stabilization scenarios (750, 650, 550 and 450 ppm respectively). 
For comparison: the total cumulative (undiscounted) GDP of the scenarios is around 
30,000 trillion US$ over the 1990-2100 time period. ",Climate Science,Scatter Plot,single view
1465,WGI_TAR_full_report.pdf,"Figure 8.6: As in the Figure 8.5, for precipitation. The two left-most
columns represent alternate observationally based data sets, 15-year
ECMWF reanalysis ('ECMWF') and NCAR/NCEP reanalysis
('NCEP'), compared with the baseline observations (Xie and Arkin,
1996). From Covey et al. (2000b). ",Climate Science,Heat Map,single view
1499,Fourth National Climate Assessment  Volume I.pdf,"Figure 10.2: Anthropogenic radiative forcing (RF) contributions, separated by land-use and land-cover change (LUL-
CC) and non-LULCC sources (green and maroon bars, respectively), are decomposed by atmospheric constituent to 
year 2010 in this diagram, using the year 1850 as the reference. Total anthropogenic RF contributions by atmospheric 
constituent4 (see also Figure 2.3) are shown for comparison (yellow bars). Error bars represent uncertainties for total 
anthropogenic RF (yellow bars) and for the LULCC components (green bars).5 The SUM bars indicate the net RF when 
all anthropogenic forcing agents are combined. (Figure source: Ward et al. 20145).",Climate Science,Bar Graph,single view
1503,WGI_TAR_full_report.pdf,"Figure 8.5: Components of space-time errors of surface air tempera-
ture (climatological annual cycle) simulated by CMIP2 model control
runs. Shown are the total errors, the global and annual mean error
('bias'), the total r.m.s ('pattern') error, and the following components
of the climatological r.m.s. error: zonal and annual mean
('clim.zm.am'); annual mean deviations from the zonal mean
('clim.zm.am.dv'), seasonal cycle of the zonal mean ('clim.zm.sc');
and seasonal cycle of deviations from the zonal mean
('clim.zm.sc.dv'). For each component, errors are normalised by the
component's observed standard deviation. The two left-most columns
represent alternate observationally based data sets, ECMWF and
NCAR/NCEP reanalyses, compared with the baseline observations
(Jones et al., 1999). Remaining columns give model results: the ten
models to the left of the second thick vertical line are flux adjusted and
the six models to the right are not. From Covey et al. (2000b).",Climate Science,Heat Map,single view
1510,"2007 Impact, adaption.pdf","Figure 6.10. Causes, selected consequences (dryland and wetland loss, people displaced) and the total costs of an assumed sea-level rise, for
developing and developed countries, and as a global total. (based on Tol, 2007).",Climate Science,Line Chart,composite views
1519,2007 The Physical Science Basis.pdf,"Figure 2.17. Reconstructions of the total solar irradiance time series starting as 
early as 1600. The upper envelope of the shaded regions shows irradiance variations 
arising from the 11-year activity cycle. The lower envelope is the total irradiance 
reconstructed by Lean (2000), in which the long-term trend was inferred from bright-
ness changes in Sun-like stars. In comparison, the recent reconstruction of Y. Wang 
et al. (2005) is based on solar considerations alone, using a fl ux transport model to 
simulate the long-term evolution of the closed fl ux that generates bright faculae.",Energy,Line Chart,single view
1576,2007 The Physical Science Basis.pdf,"Figure 6.4. The concentrations and radiative forcing by (a) CO2, (b) CH4 and (c) nitrous oxide (N2O), and (d) the rate of change in their combined radiative forcing over the 
last 20 kyr reconstructed from antarctic and Greenland ice and fi rn data (symbols) and direct atmospheric measurements (red and magenta lines). The grey bars show the 
reconstructed ranges of natural variability for the past 650 kyr (Siegenthaler et al., 2005a; Spahni et al., 2005). Radiative forcing was computed with the simplifi ed expres-
sions of Chapter 2 (Myhre et al., 1998). The rate of change in radiative forcing (black line) was computed from spline fi ts (Enting, 1987) of the concentration data (black lines 
in panels a to c). The width of the age distribution of the bubbles in ice varies from about 20 years for sites with a high accumulation of snow such as Law Dome, Antarctica, to 
about 200 years for low-accumulation sites such as Dome C, Antarctica. The Law Dome ice and fi rn data, covering the past two millennia, and recent instrumental data have 
been splined with a cut-off period of 40 years, with the resulting rate of change in radiative forcing shown by the inset in (d). The arrow shows the peak in the rate of change in 
radiative forcing after the anthropogenic signals of CO2, CH4 and N2O have been smoothed with a model describing the enclosure process of air in ice (Spahni et al., 2003) ap-
plied for conditions at the low accumulation Dome C site for the last glacial transition. The CO2 data are from Etheridge et al. (1996); Monnin et al. (2001); Monnin et al. (2004); 
Siegenthaler et al. (2005b; South Pole); Siegenthaler et al. (2005a; Kohnen Station); and MacFarling Meure et al. (2006). The CH4 data are from Stauffer et al. (1985); Steele et al. 
(1992); Blunier et al. (1993); Dlugokencky et al. (1994); Blunier et al. (1995); Chappellaz et al. (1997); Monnin et al. (2001); Fluckiger et al. (2002); and Ferretti et al. (2005). The 
N2O data are from Machida et al. (1995); Battle et al. (1996); Fluckiger et al. (1999, 2002); and MacFarling Meure et al. (2006). Atmospheric data are from the National Oceanic 
and Atmospheric Administration's global air sampling network, representing global average concentrations (dry air mole fraction; Steele et al., 1992; Dlugokencky et al., 1994; 
Tans and Conway, 2005), and from Mauna Loa, Hawaii (Keeling and Whorf, 2005). The globally averaged data are available from http://www.cmdl.noaa.gov/.",Energy,Line Chart,composite views
1581,2007 The Physical Science Basis.pdf,"Figure 3.5. Latitude-time sections of zonal mean temperature anomalies (degC) from 1900 to 2005, relative to the 1961 to 1990 mean. Left panels: SST annual anomalies 
across each ocean from HadSST2 (Rayner et al., 2006). Right panels: Surface temperature annual anomalies for land (top, CRUTEM3) and land plus ocean (bottom, HadCRUT3). 
Values are smoothed with the 5-point fi lter to remove fl uctuations of less than about six years (see Appendix 3.A); and white areas indicate missing data. ",Energy,Heat Map,composite views
1601,CARBON DIOXIDE CAPTURE AND STORAGE.pdf,"Figure 6.13 Volume of water with a pH less than the value shown 
on the horizontal axis for the simulations shown in Figure 6.12 
corresponding to CO2 releases from a 500 MWe power plant. The fixed 
pipe simulation produces a region with pH < -1, however, the moving 
ship disperses the CO2 more widely, largely avoiding pH changes of 
this magnitude.",Energy,Line Chart,single view
1615,Fourth National Climate Assessment  Volume I.pdf,"Figure 3.3: Estimates of the contributions of several forcing factors and internal variability to global mean temperature 
change since 1870, based on an empirical approach using multiple linear regression and energy balance models. The 
top panel shows global temperature anomalies (degF) from the observations62 in black with the multiple linear regression 
result in red (1901-1960 base period). The lower four panels show the estimated contribution to global mean temperature 
anomalies from four factors: solar variability; volcanic eruptions; internal variability related to El Nino/Southern Oscillation; 
and anthropogenic forcing. The anthropogenic contribution includes a warming component from greenhouse gases con-
centrations and a cooling component from anthropogenic aerosols. (Figure source: adapted from Canty et al.16).",Climate Science,Line Chart,composite views
1626,WGI_TAR_full_report.pdf,"Figure 7.3: Relationship between simulated global annually averaged
variation of net cloud radiative forcing at the top of the atmosphere
and precipitable water due to CO2 doubling produced in simulations
with different parametrizations of cloud related processes. Results are
from Colman and McAvaney (1995) denoted by triangles, Meleshko et
al. (2000) denoted by open circles, and Yao and Del Genio (1999)
denoted by diamonds.",Climate Science,Scatter Plot,single view
1633,SYR_AR5_FINAL_full.pdf,"Figure 1.10 | Comparison of observed and simulated change in continental surface temperatures on land (yellow panels), Arctic and Antarctic September sea ice extent (white 
panels), and upper ocean heat content in the major ocean basins (blue panels). Global average changes are also given. Anomalies are given relative to 1880-1919 for surface 
temperatures, to 1960-1980 for ocean heat content, and to 1979-1999 for sea ice. All time series are decadal averages, plotted at the centre of the decade. For temperature panels, 
observations are dashed lines if the spatial coverage of areas being examined is below 50%. For ocean heat content and sea ice panels, the solid lines are where the coverage of 
data is good and higher in quality, and the dashed lines are where the data coverage is only adequate, and, thus, uncertainty is larger (note that different lines indicate different 
data sets; for details, see WGI Figure SPM.6). Model results shown are Coupled Model Intercomparison Project Phase 5 (CMIP5) multi-model ensemble ranges, with shaded bands 
indicating the 5 to 95% confidence intervals. {WGI Figure SPM 6; for detail, see WGI Figure TS.12}",Energy,Line Chart,composite views
1659,2007 The Physical Science Basis.pdf,"Figure 11.7. Changes (ratio 2071-2100 / 1961-1990 for the A2 scenario) in domain-mean precipitation diagnostics in the PRUDENCE simulations in southern Scandinavia 
(5degE-20degE, 55degN-62degN) and central Europe (5degE-15degE, 48degN-54degN) in winter (top) and in summer (bottom). fre = wet-day frequency; mea = mean seasonal precipitation; 
int = mean wet-day precipitation; q90 = 90th percentile of wet-day precipitation; x1d.5 and x1d.50 = 5- and 50-year return values of one-day precipitation; x5d.5 and x5d.50 = 
5- and 50-year return values of fi ve-day precipitation. For each of the eight models, the vertical bar gives the 95% confi dence interval associated with sampling uncertainty (re-
drawn from Frei et al., 2006). Models are the Hadley Centre Atmospheric Model (HadAM3H), the Climate High Resolution Model (CHRM), the climate version of the 'Lokalmodell' 
(CLM), the Hadley Centre Regional Model (HadRM3H and HadRM3P), the combination of the High-Resolution Limited Area Model (HIRLAM) and the European Centre Hamburg 
(ECHAM4) GCM (HIRHAM), the regional climate model REMO, and the Rossby Centre regional Atmosphere-Ocean model (RCAO).",Energy,Bar Graph,composite views
1697,2007 The Physical Science Basis.pdf,"Figure 6.13. Radiative forcings and simulated temperatures during the last 1.1 kyr. Global mean radiative forcing (W m-2) used to drive climate model simulations due to (a) 
volcanic activity, (b) solar irradiance variations and (c) all other forcings (which vary between models, but always include greenhouse gases, and, except for those with dotted 
lines after 1900, tropospheric sulphate aerosols). (d) Annual mean NH temperature (degC) simulated under the range of forcings shown in (a) to (c), compared with the concentra-
tion of overlapping NH temperature reconstructions (shown by grey shading, modifi ed from Figure 6.10c to account for the 1500 to 1899 reference period used here). All forc-
ings and temperatures are expressed as anomalies from their 1500 to 1899 means and then smoothed with a Gaussian-weighted fi lter to remove fl uctuations on time scales 
less than 30 years; smoothed values are obtained up to both ends of each record by extending the records with the mean of the adjacent existing values. The individual series 
are identifi ed in Table 6.2.",Energy,Line Chart,composite views
1711,WGI_TAR_full_report.pdf,"Figure 6.8: Time evolution of global mean radiative forcing from pre-industrial times (1750) to present. Annual mean radiative forcing values are
shown, except for stratospheric aerosols of volcanic origin where a three-year running mean is used. Radiative forcings due to (a) well-mixed
greenhouse gases, tropospheric O3, and stratospheric O3, (b) direct effect of sulphate aerosols, fossil fuel organic and black carbon aerosols, and
biomass burning aerosols, (c) solar irradiance variations from Lean et al. (1995) and Hoyt and Schatten (1993), respectively, and (d) stratospheric
aerosols of volcanic origin from Sato et al. (1993) (and updated with data from www.giss.nasa.gov) for the period 1850 to 1998 and from Robock
and Free (1996) for the period 1750 to 1988 (for the Northern Hemisphere only). Note the change of scales in the different panels.",Climate Science,Line Chart,composite views
1712,Fourth National Climate Assessment  Volume I.pdf,"Figure 13.2: Ocean heat content changes from 1960 to 2015 for different ocean basins for 0 to 2,000 m depths. Time 
series is relative to the 1997-1999 base period and smoothed by a 12-month running filter by Cheng et al.6 The curves 
are additive, and the ocean heat content changes in different ocean basins are shaded in different colors (Figure 
source: Cheng et al. 20176).",Climate Science,Line Chart,single view
1715,SRREN_Full_Report-1.pdf,"Figure 2.23 | (a) The global primary energy supply from biomass in long-term scenarios; (b) global biofuels production in long-term scenarios reported in secondary energy terms of 
the delivered product (median, 25th to 75th percentile range and full range of scenario results; colour coding is based on categories of atmospheric CO2 concentration levels in 2100; 
the number of scenarios underlying the fi gure is indicated in the right upper corner) (adapted from Krey and Clarke, 2011). For comparison, the historic levels in 2008 are indicated 
by the small black arrows on the left axis. ",Energy,Bar Graph,single view
1718,ar4_wg3_full_report-1.pdf,"Figure 9.15: Comparison of estimates of mitigation potential in previous IPCC 
reports (blue) and the current report (in red).",Energy,Bar Graph,single view
1726,SYR_AR5_FINAL_full.pdf,"Figure 1.7 | Total anthropogenic greenhouse gas (GHG) emissions (gigatonne of CO2-
equivalent per year, GtCO2-eq/yr) from economic sectors in 2010. The circle shows the 
shares of direct GHG emissions (in % of total anthropogenic GHG emissions) from five 
economic sectors in 2010. The pull-out shows how shares of indirect CO2 emissions 
(in % of total anthropogenic GHG emissions) from electricity and heat production are 
attributed to sectors of final energy use. 'Other energy' refers to all GHG emission 
sources in the energy sector as defined in WGIII Annex II, other than electricity and 
heat production {WGIII Annex II.9.1}. The emission data on agriculture, forestry and 
other land use (AFOLU) includes land-based CO2 emissions from forest fires, peat fires 
and peat decay that approximate to net CO2 flux from the sub-sectors of forestry and 
other land use (FOLU) as described in Chapter 11 of the WGIII report. Emissions are 
converted into CO2-equivalents based on 100-year Global Warming Potential (GWP100), 
taken from the IPCC Second Assessment Report (SAR). Sector definitions are provided 
in WGIII Annex II.9. {WGIII Figure SPM.2}",Climate Science,Pie Chart,single view
1748,WGI_TAR_full_report.pdf,"Figure 4.1: (a) Change in CH4 abundance (mole fraction, in ppb = 10-9) determined from ice cores, firn, and whole air samples plotted for the last
1,000 years. Data sets are as follows: Grip, Blunier et al. (1995) and Chappellaz et al. (1997); Eurocore, Blunier et al. (1993); D47, Chappellaz et
al. (1997); Siple, Stauffer et al. (1985); Global (inferred from Antarctic and Greenland ice cores, firn air, and modern measurements), Etheridge et
al. (1998) and Dlugokencky et al. (1998). Radiative forcing, approximated by a linear scale since the pre-industrial era, is plotted on the right axis. 
(b) Globally averaged CH4 (monthly varying) and deseasonalised CH4 (smooth line) abundance plotted for 1983 to 1999 (Dlugokencky et al.,
1998). (c) Instantaneous annual growth rate (ppb/yr) in global atmospheric CH4 abundance from 1983 through 1999 calculated as the derivative of
the deseasonalised trend curve above (Dlugokencky et al., 1998). Uncertainties (dotted lines) are +-1 standard deviation. (d) Comparison of
Greenland (GRIP) and Antarctic (D47 and Byrd) CH4 abundances for the past 11.5 kyr (Chappellaz et al., 1997). The shaded area is the pole-to-
pole difference where Antarctic data exist. (e) Atmospheric CH4 abundances (black triangles) and temperature anomalies with respect to mean
recent temperature (grey diamonds) determined for the past 420 kyr from an ice core drilled at Vostok Station in East Antarctica (Petit et al., 1999).",Climate Science,Line Chart,composite views
1748,WGI_TAR_full_report.pdf,"Figure 11: (a) Change in CH4 abundance (mole fraction, in ppb = 10−9)
determined from ice cores, firn, and whole air samples plotted for the
last 1000 years. Radiative forcing, approximated by a linear scale since
the pre-industrial era, is plotted on the right axis. (b) Globally averaged
CH4 (monthly varying) and deseasonalised CH4 (smooth line)
abundance plotted for 1983 to 1999. (c) Instantaneous annual growth
rate (ppb/yr) in global atmospheric CH4 abundance from 1983 through
1999 calculated as the derivative of the deseasonalised trend curve
above. Uncertainties (dotted lines) are ±1 standard deviation. [Based
on Figure 4.1]",Climate Science,Line Chart,composite views
1749,SR15_Chapter_2_LR.pdf,"Figure 2.1 | Pathways classification overview. (a) Average global mean temperature increase relative to 2010 as projected by FAIR and MAGICC in 2030, 2050 and
2100; (b) response of peak warming to cumulative CO2 emissions until net zero by MAGICC (red) and FAIR (blue); (c) decadal rate of average global mean temperature change
from 2081 to 2100 as a function of the annual CO2 emissions averaged over the same period as given by FAIR (transparent squares) and MAGICC (filled circles). In panel (a),
horizontal lines at 0.63°C and 1.13°C are indicative of the 1.5°C and 2°C warming thresholds with the respect to 1850–1900, taking into account the assessed historical
warming of 0.87°C ±0.12°C between the 1850–1900 and 2006–2015 periods (Chapter 1, Section 1.2.1). In panel (a), vertical lines illustrate both the physical and the scenario
uncertainty as captured by MAGICC and FAIR and show the minimal warming of the 5th percentile of projected warming and the maximal warming of the 95th percentile of
projected warming per scenario class. Boxes show the interquartile range of mean warming across scenarios, and thus represent scenario uncertainty only.",Climate Science,"Bar Graph,Scatter Plot",composite views
1750,WGI_TAR_full_report.pdf,"Figure 9.7: (a) The global mean, the maximum and minimum simulated by the respective models and the standard deviation for the CMIP2
experiments at the time of CO2-doubling and for the DDC experiments during the years 2021 to 2050 relative to the years 1961 to 1990 for
temperature (top) (Unit: degC) and precipitation (bottom) (Unit: %). G: greenhouse gases only, GS: greenhouse gases and sulphate aerosols. See
Table 9.1 for more information on the individual models used here. (b) The global mean, the maximum and minimum simulated by the respective
models and the standard deviation for the SRES scenario experiments A2 and B2 performed by the AOGCMs, for the years 2021 to 2050 and
2071 to 2100 relative to the years 1961 to 1990 for temperature (top) (Unit: degC) and precipitation (bottom) (Unit: %). See Table 9.1 for more
information on the individual models used here.",Climate Science,Bar Graph,composite views
1751,2007 The Physical Science Basis.pdf,"Figure 10.17. (a) Multi-model mean of the regression of the leading EOF of ensemble mean Northern Hemisphere sea level pressure (NH SLP, thin red line). The time series of 
regression coeffi cients has zero mean between year 1900 and 1970. The thick red line is a 10-year low-pass fi ltered version of the mean. The grey shading represents the inter-
model spread at the 95% confi dence level and is fi ltered. A fi ltered version of the observed SLP from the Hadley Centre (HadSLP1) is shown in black. The regression coeffi cient 
for the winter following a major tropical eruption is marked by red, blue and black triangles for the multi-model mean, the individual model mean and observations, respectively. 
(b) As in (a) for Southern Hemisphere SLP for models with (red) and without (blue) ozone forcing. Adapted from Miller et al. (2006).",Climate Science,Line Chart,composite views
1755,WGI_TAR_full_report.pdf,"Figure 13.1: Example of the stages in the formation of a simple
climate scenario for temperature using Poza Rica (20.3deg N, 97.3deg W) as
a typical site used in the Mexican part of the Rosenzweig and Parry
(1994) study.
(a) Mean monthly differences () (2xCO2 minus control) of average
temperature (degC) as calculated from the control and 2xCO2 runs of the
Geophysical Fluid Dynamics Laboratory (GFDL) GCM (Manabe and
Wetherald, 1987) for the model grid box that includes the geographic
location of Poza Rica. The climate model spatial resolution is 4.4deg
latitude by 7.5deg longitude.
(b) The average 17-year (1973 to 1989) observed mean monthly
maximum temperature for Poza Rica (solid line) and the 2xCO2 mean
monthly maximum temperature produced by adding the differences
portrayed in (a) to this baseline (dashed line). The crop models,
however, require daily climate data for input.
(c) A sample of one year's (1975) observed daily maximum tempera-
ture data (solid line) and the 2xCO2 daily values created by adding the
monthly differences in a) to the daily data (dashed line). Thus, the
dashed line is the actual daily maximum temperature time-series
describing future climate that was used as one of the weather inputs to
the crop models for this study and for this location (see Liverman et al.,
1994 for further details).",Energy,Line Chart,composite views
1757,Climate Change 2007 - Synthesis Report.pdf,"Figure 3.1. Global GHG emissions (in GtCO2-eq per year) in the absence of
additional climate policies: six illustrative SRES marker scenarios (coloured
lines) and 80th percentile range of recent scenarios published since SRES
(post-SRES) (gray shaded area). Dashed lines show the full range of post-
SRES scenarios. The emissions include CO2, CH4, N2O and F-gases. {WGIII
1.3, 3.2, Figure SPM.4}",Climate Science,Line Chart,single view
1761,SRREN_Full_Report-1.pdf,"Figure 9.11 | Illustrative estimates of direct and indirect LUC-related GHG emissions 
induced by several fi rst-generation biofuel pathways, reported here as ranges in central 
tendency and total reported uncertainty. Estimates reported here combine several dif-
ferent uncertainty calculation methods and central tendency measures and assume a 
30-year time frame. Reported under the x-axis is the number of references with results 
falling within these ranges (Sources: Searchinger et al., 2008; Al-Riffai et al., 2010; EPA, 
2010b; Fritsche et al., 2010; Hertel et al., 2010; Tyner et al., 2010).",Energy,Bar Graph,single view
1777,WGI_TAR_full_report.pdf,"Figure 10.11: Examples of seasonal precipitation anomalies simulated with RCMs driven by analyses of observations over different regions. In all
cases the anomalies are calculated as the difference between the precipitation of an individual season and the average for the seasonal value for the
entire simulation. (a) (top) Northwestern USA (NW), and (bottom) Upper Mississippi Basin (UMB) for a three year simulation (1993 to 1996)
over the continental USA. The three pairs of observed (hollow bars) and simulated (solid bars) anomalies for each season are grouped in sequen-
tial order from 1993 to 1996. Units are percentage of the three-year seasonal average (from Giorgi and Shields, 1999, Figure 9). (b) Precipitation
anomalies for twelve short-rains periods over Tanzania for the October-December season: (top) model simulation, and (bottom) observations.
Units are mm. (From Sun et al., 1999).",Climate Science,Bar Graph,composite views
1779,Climate Change 2001 Synthesis Report.pdf,"Figure 2-4: Simulating the Earth's temperature variations and comparing the results to the measured
changes can provide insight into the underlying causes of the major changes. A climate model can be
used to simulate the temperature changes that occur from both natural and anthropogenic causes. The simulations represented by the band in
(a) were done with only natural forcings: solar variation and volcanic activity. Those encompassed by the band in (b) were done with anthropogenic
forcings: greenhouse gases and an estimate of sulfate aerosols. Those encompassed by the band in (c) were done with both natural and anthropogenic
forcings included. From (b), it can be seen that the inclusion of anthropogenic forcings provides a plausible explanation for a substantial part of
the observed temperature changes over the past century, but the best match with observations is obtained in (c) when both natural and anthropogenic
factors are included. These results show that the forcings included are sufficient to explain the observed changes, but do not exclude the possibility
that other forcings may also have contributed. Similar results to those in (b) are obtained with other models with anthropogenic forcing.",Climate Science,Line Chart,composite views
1790,Fourth National Climate Assessment  Volume I.pdf,"Figure 7.6: Regional extreme precipitation event frequency for a lower scenario (RCP4.5) (green; 16 CMIP5 models) 
and the higher scenario (RCP8.5) (blue; 14 CMIP5 models) for a 2-day duration and 5-year return. Calculated for 
2006-2100 but decadal anomalies begin in 2011. Error bars are +-1 standard deviation; standard deviation is calculated 
from the 14 or 16 model values that represent the aggregated average over the regions, over the decades, and over 
the ensemble members of each model. The average frequency for the historical reference period is 0.2 by definition and 
the values in this graph should be interpreted with respect to a comparison with this historical average value. (Figure 
source: Janssen et al. 201458). ",Climate Science,Bar Graph,composite views
1802,2007 The Physical Science Basis.pdf,"Figure 8.16. Scatter plot of simulated springtime Das/DTs values in climate 
change (ordinate) vs simulated springtime Das/DTs values in the seasonal cycle 
(abscissa) in transient climate change experiments with 17 AOGCMs used in this 
report (Das and Ts are surface albedo and surface air temperature, respectively). The 
climate change Das/DTs values are the reduction in springtime surface albedo aver-
aged over Northern Hemisphere continents between the 20th and 22nd centuries 
divided by the increase in surface air temperature in the region over the same time 
period. Seasonal cycle Das/DTs values are the difference between 20th-century 
mean April and May as averaged over Northern Hemisphere continents divided by 
the difference between April and May Ts averaged over the same area and time 
period. A least-squares fi t regression line for the simulations (solid line) and the ob-
served seasonal cycle Das/DTs value based on ISCCP and ERA40 reanalysis (dashed 
vertical line) are also shown. The grey bar gives an estimate of statistical error, 
according to a standard formula for error in the estimate of the mean of a time series 
(in this case the observed time series of Das/DTs) given the time series' length and 
variance. If this statistical error only is taken into account, the probability that the 
actual observed value lies outside the grey bar is 5%. Each number corresponds to a 
particular AOGCM (see Table 8.1). Adapted from Hall and Qu (2006).",Energy,Scatter Plot,single view
1803,Fourth National Climate Assessment  Volume I.pdf,"Figure 3.2: Observed global mean temperature trend (black bar) and attributable warming or cooling influences of 
anthropogenic and natural forcings over 1951-2010. Observations are from HadCRUT4, along with observational un-
certainty (5% to 95%) error bars.62 Likely ranges (bar-whisker plots) and midpoint values (colored bars) for attributable 
forcings are from IPCC AR5.1. GHG refers to well-mixed greenhouse gases, OA to other anthropogenic forcings, NAT 
to natural forcings, and ANT to all anthropogenic forcings combined. Likely ranges are broader for contributions from 
well-mixed greenhouse gases and for other anthropogenic forcings, assessed separately, than for the contributions 
from all anthropogenic forcings combined, as it is more difficult to quantitatively constrain the separate contributions of 
the various anthropogenic forcing agents. (Figure source: redrawn from Bindoff et al.;1 (c) IPCC. Used with permission.)",Climate Science,Bar Graph,single view
1818,2007 The Physical Science Basis.pdf,"Figure 4.22. Historical variations in the monthly areal extent (106 km2) of 
seasonally frozen ground (including the active layer over permafrost) for the period 
from 1901 through 2002 in the NH. The positive anomaly (blue) represents above-
average monthly extent, while the negative anomaly (red) represents below-average 
extent. The time series is smoothed with a low-pass fi lter (after Zhang et al., 2003).",Climate Science,Bar Graph,single view
1821,SR15_Chapter_2_LR.pdf,"Figure 2.23 | Comparison of (a) final energy, (b) direct CO2 emissions, (c) carbon intensity, (d) electricity and biofuel consumption in the transport sector 
between IAM and sectoral studies. The squares and circles indicate the IAM archetype pathways and diamonds the data of sectoral scenarios. The red dotted line indicates the 
2010 level. H2DS = Higher-2degC, L2DS = Lower-2degC, 1.5DS-H = 1.5degC-high-OS, 1.5DS-L = 1.5degC-low-OS. The label 1.5DS combines both high and low overshoot 1.5degC-consistent 
pathways. Section 2.1 for descriptions.",Climate Science,Bar Graph,composite views
1838,2007 The Physical Science Basis.pdf,"Figure 2.8. Estimates used to evaluate trends in weighted global average OH concentrations. (A) and (B): comparison of 1980 to 1999 OH anomalies (relative to their long-
term means) inferred by Bousquet et al. (2005), Prinn et al. (2001) and Krol et al. (2003) from AGAGE methyl chloroform observations, and by Bousquet et al. (2005) when methyl 
chloroform emissions as well as OH are inferred; error bars for Bousquet et al. (2005) refer to 1 standard deviation inversion errors while yellow areas refer to the envelope of 
their 18 OH inversions. (C) OH concentrations for 1979 to 2003 inferred by Prinn et al. (2005a) (utilising industry emissions corrected using recent methyl chloroform observa-
tions), showing the recovery of 2003 OH levels to 1979 levels; also shown are results assuming uncorrected emissions and estimates of recent oceanic re-emissions. Error bars 
in Prinn et al. (2001, 2005a) are 1 standard deviation and include inversion, model, emission and calibration errors from large Monte Carlo ensembles (see Section 2.3.5 for 
details and references).",Energy,"Bar Graph,Line Chart",composite views
1839,ar4-wg1-chapter7-1.pdf,"Figure 7.5. The difference between CO2 concentration in the NH and SH (y axis), 
computed as the difference between annual mean concentrations (ppm) at Mauna 
Loa and the South Pole (Keeling and Whorf, 2005, updated), compared with annual 
fossil fuel emissions (x axis; GtC; Marland, et al., 2006), with a line showing the best 
fi t. The observations show that the north-south difference in CO2 increases propor-
tionally with fossil fuel use, verifying the global impact of human-caused emissions.",Energy,Scatter Plot,single view
1845,2007 The Physical Science Basis.pdf,"Figure 9.19. Observed (Climatic Research Unit TS 2.1; Mitchell and Jones, 2005) 
Sahel July to September rainfall for each year (black), compared to an ensemble 
mean of 10 simulations of the atmospheric/land component of the GFDL-CM2.0 
model (see Table 8.1 for model details) forced with observed SSTs (red). Both model 
and observations are normalized to unit mean over 1950-2000. The grey band 
represents +-1 standard deviation of intra-ensemble variability. After Held et al. 
(2005), based on results in Lu and Delworth (2005).",Energy,Line Chart,single view
1861,2007 The Physical Science Basis.pdf,"Figure 3.22. Annual total land (excluding the USA and Canada) cloud cover (black) 
and precipitation (red) anomalies from 1976 to 2003 over global (60degS-75degN), NH 
and SH regions, with the correlation coeffi cient (r) shown at the top. The cloud cover 
is derived by gridding and area-averaging synoptic observations and the precipitation 
is updated from Chen et al. (2002). Typical 5 to 95% error bars for each decade are 
estimates using inter-grid-box variations (from Dai et al., 2006).",Energy,Line Chart,composite views
1874,WGI_TAR_full_report.pdf,"Figure 3.4: Partitioning of fossil fuel CO2 uptake using O2 measurements (Keeling and Shertz, 1992; Keeling et al., 1993; Battle et al., 1996,
2000; Bender et al., 1996; Keeling et al., 1996b; Manning, 2001). The graph shows the relationship between changes in CO2 (horizontal axis) and
O2 (vertical axis). Observations of annual mean concentrations of O2, centred on January 1, are shown from the average of the Alert and La Jolla
monitoring stations (Keeling et al., 1996b; Manning, 2001; solid circles) and from the average of the Cape Grim and Point Barrow monitoring
stations (Battle et al., 2000; solid triangles). The records from the two laboratories, which use different reference standards, have been shifted to
optimally match during the mutually overlapping period. The CO2 observations represent global averages compiled from the stations of the
NOAA network (Conway et al., 1994) with the methods of Tans et al. (1989). The arrow labelled 'fossil fuel burning' denotes the effect of the
combustion of fossil fuels (Marland et al., 2000; British Petroleum, 2000) based on the relatively well known O2:CO2 stoichiometric relation of
the different fuel types (Keeling, 1988). Uptake by land and ocean is constrained by the known O2:CO2 stoichiometric ratio of these processes,
defining the slopes of the respective arrows. A small correction is made for differential outgassing of O2 and N2 with the increased temperature of
the ocean as estimated by Levitus et al. (2000). ",Climate Science,Line Chart,single view
1894,CARBON DIOXIDE CAPTURE AND STORAGE.pdf,"Figure 6.25 Preliminary investigations into the change of bacteria, 
nanobenthos and meiobenthos abundance after exposure to 20,000 
and 5,000 ppm CO2 for 77 to 375 hr during three experiments carried 
out at 2,000 m depth in Nankai Trough, north-western Pacific. Error 
bars represent one standard deviation (Ishida et al. 2005).",Energy,Bar Graph,single view
1911,WGIIAR5-PartA_FINAL.pdf,"Figure 11-7 | Illustrative co-benefits comparison of the health and climate 
cost-effectiveness of selected household, transport, and power sector interventions 
(Smith and Haigler, 2008). Area of each circle denotes the total social benefit in 
international dollars (Int$) from the combined value of carbon offsets (valued at 
10$/tCO2-eq (tons of carbon dioxide equivalent)) and averted disability-adjusted life 
years (DALYs; $7450/DALY, which is representative of valuing each DALY at the 
average world gross domestic product (PPP) per capita in 2000). The vertical lines 
shows the range of the cut offs for cost-effective (solid lines) and very cost-effective 
(dashed lines) health interventions in India (red lines) and China (purple lines) using 
the WHO CHOICE (CHOosing Interventions that are Cost-Effective) criteria (WHO, 
2003). This figure evaluates only a small subset of all co-benefits opportunities, and 
thus should not be considered either current or complete. It does illustrate, however, 
the kind of comparisons that can help distinguish and prioritize options. Note that 
even with the log-log scaling, there are big differences among them. For other figures 
comparing the climate and health benefits of co-benefits actions including those in 
food supply and urban design, see Haines et al. (2009). See the original reference for 
details of the calculations in this figure (Smith and Haigler, 2008).",Energy,Scatter Plot,single view
1915,2007 The Physical Science Basis.pdf,"Figure 3.20. Linear trends in precipitable water (total column water vapour) in 
% per decade (top) and monthly time series of anomalies relative to the 1988 to 
2004 period in % over the global ocean plus linear trend (bottom), from RSS SSM/I 
(updated from Trenberth et al., 2005a). ",Energy,"Line Chart,Heat Map",composite views
1917,WGI_TAR_full_report.pdf,"Figure 10: Variations in atmospheric CO2 concentration on different time-scales. (a) Direct measurements of atmospheric CO2. (b) CO2
concentration in Antarctic ice cores for the past millenium. Recent atmospheric measurements (Mauna Loa) are shown for comparison. (c)
CO2 concentration in the Taylor Dome Antarctic ice core. (d) CO2 concentration in the Vostok Antarctic ice core. (Different colours represent
results from different studies.) (e to f) Geochemically inferred CO2 concentrations. (Coloured bars and lines represent different published
studies) (g) Annual atmospheric increases in CO2. Monthly atmospheric increases have been filtered to remove the seasonal cycle. Vertical
arrows denote El Nino events. A horizontal line defines the extended El Nino of 1991 to 1994. [Based on Figures 3.2 and 3.3]",Climate Science,"Line Chart,Scatter Plot",composite views
1925,2007 The Physical Science Basis.pdf,"Figure 4.8. Sea ice extent anomalies (computed relative to the mean of the entire 
period) for (a) the NH and (b) the SH, based on passive microwave satellite data. 
Symbols indicate annual mean values while the smooth blue curves show decadal 
variations (see Appendix 3.A). Linear trend lines are indicated for each hemisphere. 
For the Arctic, the trend is -33 +- 7.4 x 103 km2 yr-1 (equivalent to approximately 
-2.7% per decade), whereas the Antarctic results show a small positive trend of 
5.6 +- 9.2 x 103 km2 yr-1. The negative trend in the NH is signifi cant at the 90% con-
fi dence level whereas the small positive trend in the SH is not signifi cant (updated 
from Comiso, 2003).",Climate Science,Line Chart,composite views
1945,ar4_wg3_full_report-1.pdf,"Figure 7.1: CO2 reduction potential of eight energy saving technologies in 2030
CDQ = Coke Dry Quenching, HS = Hot Stove, TRT = Top Pressure Recovery Turbine, SC = Sinter Cooling, CC = Continuous Casting, SP = Sinter Plant, BOFG = Basic 
Oxygen Furnace Gas, ME = Main Exhaust, WH = Waste Heat",Energy,Bar Graph,composite views
1946,2007 The Physical Science Basis.pdf,"Figure 9.4. Contribution of external forcing to several high-variance 
reconstructions of NH temperature anomalies, (Esper et al., 2002; Briffa et al., 2001; 
Hegerl et al., 2007, termed CH-blend and CH-blend long; and Moberg et al., 2005). 
The top panel compares reconstructions to an EBM simulation (equilibrium climate 
sensitivity of 2.5degC) of NH 30degN to 90degN average temperature, forced with volcanic, 
solar and anthropogenic forcing. All timeseries are centered on the 1500-1925 
average. Instrumental temperature data are shown by a green line (centered to 
agree with CH-blend average over the period 1880-1960). The displayed data are 
low-pass fi ltered (20-year cutoff) for clarity. The bottom panel shows the estimated 
contribution of the response to volcanic (blue lines with blue uncertainty shade), solar 
(green) and greenhouse gas (GHG) and aerosol forcing (red line with yellow shades, 
aerosol only in 20th century) to each reconstruction (all timeseries are centered 
over the analysis period). The estimates are based on multiple regression of the 
reconstructions on fi ngerprints for individual forcings. The contributions to different 
reconstructions are indicated by different line styles (Briffa et al.: solid, fat; Esper et 
al.: dotted; Moberg: dashed; CH-blend: solid, thin; with shaded 90% confi dence limits 
around best estimates for each detectable signal). All reconstructions show a highly 
signifi cant volcanic signal, and all but Moberg et al. (which ends in 1925) show a 
detectable greenhouse gas signal at the 5% signifi cance level. The latter shows a 
detectable greenhouse gas signal with less signifi cance. Only Moberg et al. contains 
a detectable solar signal (only shown for these data and CH-blend, where it is not 
detectable). All data are decadally averaged. The reconstructions represent slightly 
different regions and seasons: Esper et al. (2002) is calibrated to 30degN to 90degN land 
temperature, CH-blend and CH-blend long (Hegerl et al., 2007) to 30degN to 90degN 
mean temperature and Moberg et al. (2005) to 0deg to 90degN temperature. From Hegerl 
et al. (2007).",Energy,Line Chart,composite views
1947,2007 The Physical Science Basis.pdf,"Figure 10.18. Changes in extremes based on multi-model simulations from nine global coupled climate models, adapted from Tebaldi et al. (2006). (a) Globally averaged 
changes in precipitation intensity (defi ned as the annual total precipitation divided by the number of wet days) for a low (SRES B1), middle (SRES A1B) and high (SRES A2) 
scenario. (b) Changes in spatial patterns of simulated precipitation intensity between two 20-year means (2080-2099 minus 1980-1999) for the A1B scenario. (c) Globally aver-
aged changes in dry days (defi ned as the annual maximum number of consecutive dry days). (d) Changes in spatial patterns of simulated dry days between two 20-year means 
(2080-2099 minus 1980-1999) for the A1B scenario. Solid lines in (a) and (c) are the 10-year smoothed multi-model ensemble means; the envelope indicates the ensemble 
mean standard deviation. Stippling in (b) and (d) denotes areas where at least fi ve of the nine models concur in determining that the change is statistically signifi cant. Extreme 
indices are calculated only over land following Frich et al. (2002). Each model's time series was centred on its 1980 to 1999 average and normalised (rescaled) by its standard 
deviation computed (after de-trending) over the period 1960 to 2099. The models were then aggregated into an ensemble average, both at the global and at the grid-box level. 
Thus, changes are given in units of standard deviations.",Energy,Line Chart,composite views
1949,2007 The Physical Science Basis.pdf,"Figure 4.5. Time series of freeze-up and breakup dates from several northern lakes and rivers (reprinted with permission from Magnuson et al., 2000, copyright AAAS). Dates 
have been smoothed with a 10-year moving average. See the cited publication for locations and other details. ",Energy,Line Chart,single view
1953,WGI_TAR_full_report.pdf,"Figure 8.4: Second-order statistics of surface air temperature, sea level
pressure and precipitation simulated by CMIP2 model control runs.
The radial co-ordinate gives the magnitude of total standard deviation,
normalised by the observed value, and the angular co-ordinate gives
the correlation with observations. It follows that the distance between
the OBSERVED point and any model's point is proportional to the
r.m.s model error (see Section 8.2). Numbers indicate models counting
from left to right in the following two figures. Letters indicate alternate
observationally based data sets compared with the baseline observa-
tions: e = 15-year ECMWF reanalysis ('ERA'); n = NCAR/NCEP
reanalysis. From Covey et al. (2000b).",Climate Science,Scatter Plot,single view
1963,WGI_TAR_full_report.pdf,"Figure 4.9: (left panel) Observed versus modelled (1) HO2 abundance (ppt), (2) OH abundance (ppt), and (3) HO2/OH ratio in the upper
troposphere (8 to 12 km altitude) during SONEX. Observations are for cloud-free, daytime conditions. Model calculations are constrained with
local observations of the photochemical background (H2O2, CH3OOH, NO, O3, H2O, CO, CH4, ethane, propane, acetone, temperature, pressure,
aerosol surface area and actinic flux). The 1:1 line (solid) and instrumental accuracy range (dashed) are shown. Adapted from Brune et al. (1999). 
(right panel) Observed (4) HO2 abundance (ppt), (5) OH abundance (ppt), and (6) derived O3 production rate (ppb/day) as a function of the NOx
(NO+NO2) abundance (ppt). Data taken from SONEX (8 to 12 km altitude, 40deg to 60degN latitude) and adapted from Jaegle et al. (1999). All values
are 24-hour averages. The lines correspond to model-calculated values as a function of NOx using the median photochemical background during
SONEX rather than the instantaneous values (points).",Climate Science,Scatter Plot,composite views
1979,WGI_TAR_full_report.pdf,"Figure 4.12: July zonal mean increase in tropospheric O3 (ppb) as a function of latitude and altitude from Y2000 to Y2100 adopting SRES A2p
projections for CH4, CO, VOC, and NOx. Results are shown for a sample of the chemistry-transport models (CTM) participating in IPCC
OxComp workshop. Increases range from 0 to more than 80 ppb. Changes in the stratosphere (defined as O3 > 150 ppb in that model's Y2000
simulation) are masked off, as are also regions in the upper troposphere for some CTMs (UKMO, HGIS) where O3 is not explicitly calculated.
See Table 4.10 for participating models.",Climate Science,Heat Map,composite views
2007,2007 The Physical Science Basis.pdf,"Figure 9.6. Trends in observed and simulated temperature changes (degC) over the 1901 to 2005 (left column) and 1979 
to 2005 (right column) periods. First row: trends in observed temperature changes (Hadley Centre/Climatic Research 
Unit gridded surface temperature data set (HadCRUT3), Brohan et al., 2006). Second row: average trends in 58 historical 
simulations from 14 climate models including both anthropogenic and natural forcings. Third row: average trends in 19 
historical simulations from fi ve climate models including natural forcings only. Grey shading in top three rows indicates 
regions where there are insuffi cient observed data to calculate a trend for that grid box (see Supplementary Material, 
Appendix 9.C for further details of data exclusion criteria). Fourth row: average trends for each latitude; observed 
trends are indicated by solid black curves. Red shading indicates the middle 90% range of trend estimates from the 
58 simulations including both anthropogenic and natural forcings (estimated as the range between 4th and 55th of the 
58 ranked simulations); blue shading indicates the middle 90% range of trend estimates from the 19 simulations with 
natural forcings only (estimated as the range between 2nd and 18th of the 19 ranked simulations); for comparison, the 
dotted black curve in the right-hand plot shows the observed 1901 to 2005 trend. Note that scales are different between 
columns. The 'ALL' simulations were extended to 2005 by adding their IPCC Special Report on Emission Scenarios 
(SRES) A1B continuation runs where available. Where not available, and in the case of the 'NAT' simulations, the mean 
for the 1996 to 2005 decade was estimated using model output from 1996 to the end of the available runs. In all plots, 
each climate simulation was sampled so that coverage corresponds to that of the observations. Further details of the 
models included and the methodology for producing this fi gure are given in the Supplementary Material, Appendix 9.C.",Energy,Line Chart,composite views
2008,2007 The Physical Science Basis.pdf,"Figure 6.13. Radiative forcings and simulated temperatures during the last 1.1 kyr. Global mean radiative forcing (W m-2) used to drive climate model simulations due to (a) 
volcanic activity, (b) solar irradiance variations and (c) all other forcings (which vary between models, but always include greenhouse gases, and, except for those with dotted 
lines after 1900, tropospheric sulphate aerosols). (d) Annual mean NH temperature (degC) simulated under the range of forcings shown in (a) to (c), compared with the concentra-
tion of overlapping NH temperature reconstructions (shown by grey shading, modifi ed from Figure 6.10c to account for the 1500 to 1899 reference period used here). All forc-
ings and temperatures are expressed as anomalies from their 1500 to 1899 means and then smoothed with a Gaussian-weighted fi lter to remove fl uctuations on time scales 
less than 30 years; smoothed values are obtained up to both ends of each record by extending the records with the mean of the adjacent existing values. The individual series 
are identifi ed in Table 6.2.",Energy,Line Chart,composite views
2016,2007 The Physical Science Basis.pdf,"Figure 3.28. Pacifi c Decadal Oscillation: (top) SST based on the leading EOF SST 
pattern for the Pacifi c basin north of 20degN for 1901 to 2004 (updated; see Mantua et 
al., 1997; Power et al., 1999b) and projected for the global ocean (units are nondi-
mensional); and (bottom) annual time series (updated from Mantua et al., 1997). The 
smooth black curve shows decadal variations (see Appendix 3.A).",Energy,Line Chart,composite views
2018,Fourth National Climate Assessment  Volume I.pdf,"Figure 1.1: This image shows observations globally from nine different variables that are key indicators of a warming 
climate. The indicators (listed below) all show long-term trends that are consistent with global warming. In parentheses 
are the number of datasets shown in each graph, the length of time covered by the combined datasets and their anomaly 
reference period (where applicable), and the direction of the trend: land surface air temperature (4 datasets, 1850-2016 
relative to 1976-2005, increase); sea surface temperature (3 datasets, 1850-2016 relative to 1976-2005, increase); 
sea level (4 datasets, 1880-2014 relative to 1996-2005, increase); tropospheric temperature (5 datasets, 1958-2016 
relative to 1981-2005, increase); ocean heat content, upper 700m (5 datasets, 1950-2016 relative to 1996-2005, in-
crease); specific humidity (4 datasets, 1973-2016 relative to 1980-2003, increase); Northern Hemisphere snow cover, 
March-April and annual (1 dataset, 1967-2016 relative to 1976-2005, decrease); arctic sea ice extent, September and 
annual (1 dataset, 1979-2016, decrease); glacier cumulative mass balance (1 dataset, 1980-2016, decrease). More 
information on the datasets can be found in the accompanying metadata. (Figure source: NOAA NCEI and CICS-NC, 
updated from Melillo et al. 2014;144 Blunden and Arndt 201615).",Climate Science,Line Chart,composite views
2025,SR15_Chapter_2_LR.pdf,"Figure 2.6 | Annual global emissions characteristics for 2020, 2030, 2050, 2100. Data are shown for (a) Kyoto-GHG emissions, and (b) global total CO2 emissions, 
(c) CO2 emissions from the agriculture, forestry and other land use (AFOLU) sector, (d) global N2O emissions, and (e) CO2 emissions from fossil fuel use and industrial processes. 
The latter is also split into (f) emissions from the energy supply sector (electricity sector and refineries) and (g) direct emissions from fossil-fuel use in energy demand sectors 
(industry, buildings, transport) (bottom row). Horizontal black lines show the median, boxes show the interquartile range, and whiskers the minimum-maximum range. Icons 
indicate the four pathway archetypes used in this chapter. In case less than seven data points are available in a class, the minimum-maximum range and single data points 
are shown. Kyoto-GHG, emissions in the top panel are aggregated with AR4 GWP-100 and contain CO2, CH4, N2O, HFCs, PFCs, and SF6. NF3 is typically not reported by IAMs. 
Scenarios with year-2010 Kyoto-GHG emissions outside the range assessed by IPCC AR5 WGIII assessed are excluded (IPCC, 2014b).",Climate Science,Bar Graph,composite views
2028,WGI_TAR_full_report.pdf,"Figure 2.3: Cloud cover (solid line) and DTR (degC, dashed line) for
Europe, USA, Canada, Australia, the former Soviet Union, and eastern
China (from Dai et al., 1997a). Note that the axis for DTR has been
inverted. Therefore, a positive correlation of cloud cover with inverted
DTR indicates a negative cloud cover/DTR correlation.",Climate Science,Line Chart,single view
2049,"2007 Impact, adaption.pdf","Figure 1.2. Historical and recent measurements from Lake Tanganyika,
East Africa: (a) upper mixed layer (surface water) temperatures; (b) deep-
water (600 m) temperatures; (c) depth of the upper mixed layer. Triangles
represent data collected by a different method. Error bars represent
standard deviations. Reprinted by permission from Macmillan Publishers
Ltd. [Nature] (O'Reilly et al., 2003), copyright 2003.",Climate Science,Scatter Plot,composite views
2050,Fourth National Climate Assessment  Volume I.pdf,"Figure 2.4: Atmospheric concentrations of CO2 (top), CH4 (middle), and N2O (bottom) over the last 800,000 years (left 
panels) and for 1750-2015 (right panels). Measurements are shown from ice cores (symbols with different colors for 
different studies) and for direct atmospheric measurements (red lines). (Adapted from IPCC 2007,88 Figure SPM.1, 
(c) IPCC, used with permission; data are from https://www.epa.gov/climate-indicators/climate-change-indicators-atmo-
spheric-concentrations-greenhouse-gases). ",Climate Science,Scatter Plot,composite views
2052,SR15_Chapter_2_LR.pdf,"Figure 2.26 | Global price of carbon emissions consistent with mitigation 
pathways. Panels show (a) undiscounted price of carbon (2030-2100) and (b) average 
price of carbon (2030-2100) discounted at a 5% discount rate to 2020 in USD2010. 
AC: Annually compounded. NPV: Net present value. Median values in floating black line. 
The number of pathways included in box plots is indicated in the legend. Number of 
pathways outside the figure range is noted at the top.",Climate Science,Bar Graph,composite views
2054,Fourth National Climate Assessment  Volume I.pdf,"Figure 12.3: (a) Contributions of ocean mass changes from land ice and land water storage (measured by satellite 
gravimetry) and ocean volume changes (or steric, primarily from thermal expansion measured by in situ ocean profilers) 
and their comparison to global mean sea level (GMSL) change (measured by satellite altimetry) since 1993. (b) An 
estimate of modeled GMSL rise in the absence of 20th century warming (blue), from the same model with observed 
warming (red), and compared to observed GMSL change (black). Heavy/light shading indicates the 17th-83rd and 
5th-95th percentiles. (c) Rates of change from 1993 to 2015 in sea surface height from satellite altimetry data; updated 
from Kopp et al.3 using data updated from Church and White.34 (Figure source: (a) adapted and updated from Leuliette 
and Nerem 2016,40 (b) adapted from Kopp et al. 201632 and (c) adapted and updated from Kopp et al. 20153).",Climate Science,Line Chart,composite views
2060,WGI_TAR_full_report.pdf,"Figure 9.4: Intercomparison statistics for seasonal and annual (a) temperature and (b) precipitation changes in nineteen CMIP2 experiments at the
doubling of CO2 (years 61 to 80). The total length of the bars shows the mean squared amplitude of the simulated local temperature and precipita-
tion changes averaged over all experiments and over the whole world. The lowermost part of each bar represents a nominally unbiased 'common
signal', the mid-part directly model-related variance and the top part the inter-experiment variance attributed to internal variability. Precipitation
changes are defined as 100% x (PG
the global statistics to areas with very little control run precipitation.",Climate Science,Bar Graph,composite views
2061,SRREN_Full_Report-1.pdf,"Figure 8.14 | Relative fuel economies of future alternative drive train light duty vehicles 
compared to advanced spark ignition, gasoline-fuelled, internal-combustion engine vehicles, 
based on several selected studies.",Energy,Scatter Plot,single view
2062,2007 The Physical Science Basis.pdf,"Figure 2.9. Calculated RF due to tropospheric ozone change since pre-industrial time based on 
CTM and GCM model simulations published since the TAR. Estimates with GCMs including the effect 
of climate change since 1750 are given by orange bars (Adjusted RF, CC). Studies denoted with an 
(*) give only the instantaneous RF in the original publications. Stratospheric-adjusted RFs for these 
are estimated by reducing the instantaneous RF (indicated by the dashed bars) by 20%. The instan-
taneous RF from Mickley et al. (2001) is reported as an adjusted RF in Gauss et al. (2006). ACCENT 
models include ULAQ: University of L'Aquila; DLR_E39C: Deutsches Zentrum fur Luft- und Raumfahrt 
European Centre Hamburg Model; NCAR_MACCM: National Center for Atmospheric Research Middle 
Atmosphere Community Climate Model; CHASER: Chemical Atmospheric GCM for Study of Atmo-
spheric Environment and Radiative Forcing; STOCHEM_HadGEM1: United Kingdom Meteorological 
Offi ce global atmospheric chemistry model /Hadley Centre Global Environmental Model 1; UM_CAM: 
United Kingdom Meteorological Offi ce Unifi ed Model GCM with Cambridge University chemistry; 
STOCHEM_HadAM3: United Kingdom Meteorological Offi ce global atmospheric chemistry model/
Hadley Centre Atmospheric Model; LMDzT-INCA: Laboratoire de Meteorologie Dynamique GCM-
INteraction with Chemistry and Aerosols; UIO_CTM2: University of Oslo CTM; FRSGC_UCI: Frontier 
Research System for Global Change/University of California at Irvine CTM.",Energy,Bar Graph,composite views
2064,2007 The Physical Science Basis.pdf,"Figure 6.1. (Top) Atmospheric CO2 and continental glaciation 400 Ma to present. Vertical blue bars mark the timing and palaeolatitudinal extent of ice sheets (after Crowley, 
1998). Plotted CO2 records represent fi ve-point running averages from each of the four major proxies (see Royer, 2006 for details of compilation). Also plotted are the plausible 
ranges of CO2 from the geochemical carbon cycle model GEOCARB III (Berner and Kothavala, 2001). All data have been adjusted to the Gradstein et al. (2004) time scale. 
(Middle) Global compilation of deep-sea benthic foraminifera 18O isotope records from 40 Deep Sea Drilling Program and Ocean Drilling Program sites (Zachos et al., 2001) 
updated with high-resolution records for the Eocene through Miocene interval (Billups et al., 2002; Bohaty and Zachos, 2003; Lear et al., 2004). Most data were derived from 
analyses of two common and long-lived benthic taxa, Cibicidoides and Nuttallides. To correct for genus-specifi c isotope vital effects, the 18O values were adjusted by +0.64 and 
+0.4 (Shackleton et al., 1984), respectively. The ages are relative to the geomagnetic polarity time scale of Berggren et al. (1995). The raw data were smoothed using a fi ve-
point running mean, and curve-fi tted with a locally weighted mean. The 18O temperature values assume an ice-free ocean (-1.0%0 Standard Mean Ocean Water), and thus only 
apply to the time preceding large-scale antarctic glaciation (~35 Ma). After the early Oligocene much of the variability (~70%) in the 18O record refl ects changes in antarctic and 
Northern Hemisphere ice volume, which is represented by light blue horizontal bars (e.g., Hambrey et al., 1991; Wise et al., 1991; Ehrmann and Mackensen, 1992). Where the 
bars are dashed, they represent periods of ephemeral ice or ice sheets smaller than present, while the solid bars represent ice sheets of modern or greater size. The evolution 
and stability of the West Antarctic Ice Sheet (e.g., Lemasurier and Rocchi, 2005) remains an important area of uncertainty that could affect estimates of future sea level rise. 
(Bottom) Detailed record of CO2 for the last 65 Myr. Individual records of CO2 and associated errors are colour-coded by proxy method; when possible, records are based on 
replicate samples (see Royer, 2006 for details and data references). Dating errors are typically less than +-1 Myr. The range of error for each CO2 proxy varies considerably, with 
estimates based on soil nodules yielding the greatest uncertainty. Also plotted are the plausible ranges of CO2 from three geochemical carbon cycle models.",Energy,Line Chart,composite views
2065,ar4_wg3_full_report-1.pdf,"Figure 3.35: Deployment of primary energy technologies across post-2001 
scenarios by 2030 and 2100: Left-side 'error' bars show baseline (non-intervention) 
scenarios and right-side ones show intervention and stabilization scenarios. The full 
ranges of the distributions (full vertical line with two extreme tic marks), the 25th and 
75th percentiles (blue area) and the median (middle tic mark) are also shown.",Energy,Bar Graph,composite views
2071,2007 The Physical Science Basis.pdf,"Figure 2.3. Recent CO2 concentrations and emissions. (a) CO2 concentrations 
(monthly averages) measured by continuous analysers over the period 1970 to 
2005 from Mauna Loa, Hawaii (19degN, black; Keeling and Whorf, 2005) and Baring 
Head, New Zealand (41degS, blue; following techniques by Manning et al., 1997). Due 
to the larger amount of terrestrial biosphere in the NH, seasonal cycles in CO2 are 
larger there than in the SH. In the lower right of the panel, atmospheric oxygen (O2) 
measurements from fl ask samples are shown from Alert, Canada (82degN, pink) and 
Cape Grim, Australia (41degS, cyan) (Manning and Keeling, 2006). The O2 concentration 
is measured as 'per meg' deviations in the O2/N2 ratio from an arbitrary reference, 
analogous to the 'per mil' unit typically used in stable isotope work, but where the ra-
tio is multiplied by 106 instead of 103 because much smaller changes are measured. 
(b) Annual global CO2 emissions from fossil fuel burning and cement manufacture 
in GtC yr-1 (black) through 2005, using data from the CDIAC website (Marland et al, 
2006) to 2003. Emissions data for 2004 and 2005 are extrapolated from CDIAC using 
data from the BP Statistical Review of World Energy (BP, 2006). Land use emissions 
are not shown; these are estimated to be between 0.5 and 2.7 GtC yr-1 for the 1990s 
(Table 7.2). Annual averages of the 13C/12C ratio measured in atmospheric CO2 at 
Mauna Loa from 1981 to 2002 (red) are also shown (Keeling et al, 2005). The isotope 
data are expressed as d13C(CO2) %0 (per mil) deviation from a calibration standard. 
Note that this scale is inverted to improve clarity. ",Energy,Line Chart,composite views
2074,ar4_wg3_full_report-1.pdf,"Figure 4.25: Indicative comparison of selected primary energy-supply baseline 
(reference) and policy scenarios from 2004 to 2030 and related total energy-related 
emissions in 2004 and 2030 (GtCO2-eq) 
Note: The IEA (2006b) Beyond Alternative Policy scenario (not shown) depicts 
that energy-related emissions could be reduced to 2004 levels.",Energy,Bar Graph,single view
2103,Climate Change 2007 - Synthesis Report.pdf,"Figure 1.1. Observed changes in (a) global average surface temperature; (b) global average sea level from tide gauge (blue) and satellite (red) data; and (c)
Northern Hemisphere snow cover for March-April. All differences are relative to corresponding averages for the period 1961-1990. Smoothed curves repre-
sent decadal averaged values while circles show yearly values. The shaded areas are the uncertainty intervals estimated from a comprehensive analysis of
known uncertainties (a and b) and from the time series (c). {WGI FAQ 3.1 Figure 1, Figure 4.2, Figure 5.13, Figure SPM.3}",Climate Science,Scatter Plot,composite views
2105,"2007 Impact, adaption.pdf","Figure 12.4. Characteristics of the summer 2003 heatwave (adapted
from Schar et al., 2004). (a) JJA temperature anomaly with respect to
1961 to 1990. (b) to (d): JJA temperatures for Switzerland observed
during 1864 to 2003 (b), simulated using a regional climate model for
the period 1961 to 1990 (c) and simulated for 2071 to 2100 under the
A2 scenario using boundary data from the HadAM3H GCM (d). In
panels (b) to (d): the black line shows the theoretical frequency
distribution of mean summer temperature for the time-period
considered, and the vertical blue and red bars show the mean summer
temperature for individual years. Reprinted by permission from
Macmillan Publishers Ltd. [Nature] (Schar et al., 2004), copyright 2004.",Climate Science,Line Chart,composite views
2117,WGI_TAR_full_report.pdf,"Figure 9.28: Decadal probability density functions (PDF) of the
ECHAM3/LSG transient greenhouse gas ensemble: each PDF
(greyscale bars) consists of 160 NAO index realisations including the
monthly means of November to February of the four simulations over
one decade. The greyscale background indicates the relative frequency
of the classified NAO indices based on a kernel function (Matyasovszky,
1998). The PDF's width indicates the decadal variability. At the bottom,
the time-series of the decadal mean (solid green line) and the variability
(solid red line) of each PDF as well as the corresponding linear trends
(dashed lines) are shown (from Paeth et al., 1999).",Climate Science,Line Chart,composite views
2124,WGI_TAR_full_report.pdf,"Figure 2.37: Top figure, decadal variations in hurricanes making
landfall in the USA (updated from Karl et al., 1995). Bottom figure,
interannual variability in the number of major hurricanes (Saffir-
Simpson categories 3, 4, and 5) and the long-term average across the
North Atlantic (from Landsea et al., 1999). ",Climate Science,Bar Graph,composite views
2125,WGI_TAR_full_report.pdf,"Figure 9.13: Simple model results. (a) Estimated historical anthro-
pogenic radiative forcing followed by radiative forcing for the four
illustrative SRES marker scenarios and for two additional scenarios
from the A1 family illustrating different energy technology options.
The blue shading shows the envelope of forcing that encompasses the
full set of thirty-five SRES scenarios. The method of calculation
closely follows Chapter 6 except where explained in the text. The
values are based on the radiative forcing for a doubling of CO2 from
seven AOGCMs as given in Appendix 9.1, Table 9.A1. The IS92a,
IS92c and IS92e forcing is also shown following the same method of
calculation. (b) Historical anthropogenic global mean temperature
change and future changes for the six illustrative SRES scenarios using
a simple climate model tuned to seven AOGCMs. Also for comparison,
following the same method, results are shown for IS92a. The dark blue
shading represents the envelope of the full set of thirty-five SRES
scenarios using the simple model ensemble mean results. The light
blue envelope is based on the GFDL_R15_a and DOE PCM parameter
settings. The bars show the range of simple model results in 2100 for
the seven AOGCM model tunings.",Climate Science,Line Chart,composite views
2138,SRREN_Full_Report-1.pdf,"Figure 10.10 | Carbon prices (in USD2005) as a function of global RE primary energy sup-
ply (direct equivalent) in 2050. Colour coding is based on categories of atmospheric CO2 
concentration level in 2100 (Fisher et al., 2007). Different symbols in the graph denote 
the availability of CCS and nuclear energy. Note that limited nuclear scenarios include 
nuclear phase-outs, constraints on the production of new nuclear and scenarios in which 
nuclear production is constrained to baseline levels. For data reporting reasons, only 141 
scenarios are included in the 2050 results shown here, as opposed to the full set of 164 
scenarios. Figure and data adapted from Krey and Clarke (2011), modifi ed to include two 
additional scenarios.",Energy,Scatter Plot,single view
2141,Fourth National Climate Assessment  Volume I.pdf,"Figure 1.9: Proxy temperatures reconstructions for the seven regions of the PAGES 2k Network. Temperature anom-
alies are relative to the 1961-1990 reference period. If this graph were plotted relative to 1901-1960 instead of 1961-
1990, the temperature changes would 0.47degF (0.26degC) higher. Gray lines around expected-value estimates indicate 
uncertainty ranges as defined by each regional group (see PAGE 2k Consortium9 and related Supplementary Informa-
tion). Note that the changes in temperature over the last century tend to occur at a much faster rate than found in the 
previous time periods. The teal values are from the HadCRUT4 surface observation record for land and ocean for the 
1800s to 2000.202 (Figure source: adapted from PAGES 2k Consortium 20139).",Climate Science,Line Chart,composite views
2152,"2007 Impact, adaption.pdf","Figure 19.2. Top panel: Probability of exceedence of a range of
temperature thresholds for overshoot (OS500) and non-overshoot
(SC500) scenarios, derived from probability distributions for climate
sensitivity (see 'Key caveat' above on low confidence for specific
quantitatitive results). OS500 Max is derived from the maximum
overshoot temperature that occurs during the transient response before
2200, whereas OS500 in 2200 and SC500 in 2200 are derived from
temperatures in 2200. While model-dependent, these results
demonstrate the importance of considering transient temperature
change when evaluating mitigation strategies to avoid key vulnerabilities.
Bottom panel: Visualisation of maximum exceedence amplitude (MEA)
and degree years (DY) for an illustrative overshoot temperature profile.
Source: Schneider and Mastrandrea (2005).",Climate Science,Line Chart,composite views
2163,WGI_TAR_full_report.pdf,"Figure 8.13: Annual mean precipitation changes (mm/yr) over Africa (20degW to 30degE) for the mid-Holocene climate: (upper panel) Biome
distributions (desert, steppe, xerophytic and dry tropical forest/savannah (DTF/S)) as a function of latitude for present (red circles) and 6,000 yr
BP (green triangles), showing that steppe vegetation replaces desert at 6,000 yr BP as far north as 23degN (vertical blue dashed line); (middle panel)
6000 yr BP minus present changes as simulated by the PMIP models. The black hatched lines are estimated upper and lower bounds for the
excess precipitation required to support grassland, based on present climatic limits of desert and grassland taxa in palaeo-ecological records, the
intersection with the blue vertical line indicates that an increase of 200 to 300 mm/yr is required to sustain steppe vegetation at 23degN at 6,000 yr
BP (redrawn from Joussaume et al., 1999); (lower panel) same changes for the IPSL atmosphere-alone (A), i.e., PMIP simulation, the coupled
atmosphere-ocean (OA), the atmosphere-alone with vegetation changes from OA (AV) and the coupled atmosphere-ocean-vegetation (OAV)
simulations performed with the IPSL coupled climate model. The comparison between AV and OAV emphasises the synergism between ocean and
land feedbacks (redrawn from Braconnot et al., 1999).",Climate Science,Line Chart,composite views
2194,WGI_TAR_full_report.pdf,"Figure 2.13: (a) Anomalies of monthly snow cover over the Northern
Hemisphere lands (including Greenland) between November 1966 and
May 2000. Also shown are twelve-month running anomalies of
hemispheric snow extent, plotted on the seventh month of a given
interval. Anomalies are calculated from NOAA/NESDIS snow maps.
Mean hemispheric snow extent is 25.2 million km2 for the full period
of record. the curve of running means is extrapolated by using period
of record monthly means for 12 months in the late 1960s in order to
create a continuous curve of running means. Missing months fell
between May and October, and no winter months are missing. June
1999 to May 2000 values are based on preliminary analyses. (b)
Seasonal snowcover anomalies (in million km2) versus temperature
anomalies (in degC). Both snow and temperature anomalies are area
averages over the region for which climatological values of seasonal
snow-cover frequency (based on the 1973 to 1998 period) are between
10 and 90%. Season is indicated at the top of each panel. Axis for
snow anomaly on the left-hand-side y axis, axis for temperature
anomaly is on the right-hand-side y axis. Bar plot indicates time-series
of snow cover anomalies. Continuous colour curve indicates nine-point
weighted average of snow-cover anomaly. Dashed black curve
indicates time-series of nine-point weighted average of area average
temperature anomaly. Snow-cover calculations are based on the
NOAA/NESDIS snow cover data for the period 1973 to 1998 (updated
from Robinson et al., 1993). Temperature calculations are based on the
Jones data set, hence anomalies are with respect to the time period
1961 to 1990. Snow anomalies are with respect to the time period
1973 to 1998. Correlation coefficient (r) between seasonal snow cover
anomalies and temperature anomalies is indicated in parentheses.
(Figure contributed by David A. Robinson and Anjuli Bamzai, Rutgers
University.)",Climate Science,"Bar Graph,Line Chart",composite views
2211,2007 The Physical Science Basis.pdf,"Figure 10.3. Comparison of shortwave and longwave instantaneous radiative 
forcings and fl ux changes computed from AOGCMs and line-by-line (LBL) radiative 
transfer codes (W.D. Collins et al., 2006). (a) Instantaneous forcing from doubling 
atmospheric CO2 from its concentration in 1860; b) changes in radiative fl uxes 
caused by the 20% increase in water vapour expected in the climate produced from 
doubling atmospheric CO2. The forcings and fl ux changes are computed for clear-
sky conditions in mid-latitude summer and do not include effects of stratospheric 
adjustment. No other well-mixed greenhouse gases are included. The minimum-
to-maximum range and median are plotted for fi ve representative LBL codes. The 
AOGCM results are plotted with box-and-whisker diagrams (see caption for Figure 
10.2) representing percentiles of forcings from 20 models in the AR4 multi-model 
ensemble. The AOGCMs included are BCCR-BCM2.0, CCSM3, CGCM3.1(T47 
and T63), CNRM-CM3, ECHAM5/MPI-OM, ECHO-G, FGOALS-g1.0, GFDL-CM2.0, 
GFDL-CM2.1, GISS-EH, GISS-ER, INM-CM3.0, IPSL-CM4, MIROC3.2 (medium and 
high resolution), MRI-CGCM2.3.2, PCM, UKMO-HadCM3, and UKMO-HadGEM1 (see 
Table 8.1 for model details). The LBL codes are the Geophysical Fluid Dynamics 
Laboratory (GFDL) LBL, the Goddard Institute for Space Studies (GISS) LBL3, the 
National Center for Atmospheric Research (NCAR)/Imperial College of Science, 
Technology and Medicine (ICSTM) general LBL GENLN2, the National Aeronautics and 
Space Administration (NASA) Langley Research Center MRTA and the University of 
Reading Reference Forward Model (RFM).",Energy,"Bar Graph,Scatter Plot",composite views
2213,2007 The Physical Science Basis.pdf,"Figure 3.31. Normalised indices (units of standard deviation) of the mean winter 
(December-March) NAO developed from sea level pressure data. In the top panel, 
the index is based on the difference of normalised sea level pressure between 
Lisbon, Portugal and Stykkisholmur/Reykjavik, Iceland from 1864 to 2005. The aver-
age winter sea level pressure data at each station were normalised by dividing each 
seasonal pressure anomaly by the long-term (1864 to 1983) standard deviation. In 
the middle panel, the index is the principal component time series of the leading EOF 
of Atlantic-sector sea level pressure. In the lower panel, the index is the principal 
component time series of the leading EOF of NH sea level pressure. The smooth 
black curves show decadal variations (see Appendix 3.A). The individual bar corre-
sponds to the January of the winter season (e.g., 1990 is the winter of 1989/1990). 
Updated from Hurrell et al. (2003); see http://www.cgd.ucar.edu/cas/jhurrell/indices.
html for updated time series.",Energy,"Bar Graph,Line Chart",composite views
2215,Fourth National Climate Assessment  Volume I.pdf,"Figure 12.2: (a) The relationship between peak global mean temperature, atmospheric CO2, maximum global mean 
sea level (GMSL), and source(s) of meltwater for two periods in the past with global mean temperature comparable to 
or warmer than present. Light blue shading indicates uncertainty of GMSL maximum. Red pie charts over Greenland 
and Antarctica denote fraction, not location, of ice retreat. Atmospheric CO2 levels in 2100 are shown under RCP8.5. (b) 
GMSL rise from -500 to 1900 CE, from Kopp et al.'s32 geological and tide gauge-based reconstruction (blue), from 1900 
to 2010 from Hay et al.'s33 tide gauge-based reconstruction (black), and from 1992 to 2015 from the satellite-based 
reconstruction updated from Nerem et al.35 (magenta). (Figure source: (a) adapted from Dutton et al. 201520 and (b) 
Sweet et al. 201771).",Climate Science,Line Chart,composite views
2218,WGII_TAR_full_report-2.pdf,"Figure 12-3: Percentage change in average annual total
Australian wheat yield for doubling of actual CO2 (to 700
ppm) and a range of changes in temperature and rainfall.
Yield response is shown for rainfall changes of +20% (white),
0 (stippled), and -20% (black), for warmings of 0-4oC.",Climate Science,Bar Graph,composite views
2220,2007 The Physical Science Basis.pdf,"Figure 11.11. Temperature anomalies with respect to 1901 to 1950 for fi ve North American land regions for 1906 to 2005 (black line) and as simulated (red envelope) by 
MMD models incorporating known forcings; and as projected for 2001 to 2100 by MMD models for the A1B scenario (orange envelope). The bars at the end of the orange enve-
lope represent the range of projected changes for 2091 to 2100 for the B1 scenario (blue), the A1B scenario (orange) and the A2 scenario (red). The black line is dashed where 
observations are present for less than 50% of the area in the decade concerned. More details on the construction of these fi gures are given in Box 11.1 and Section 11.1.2.",Energy,Line Chart,composite views
2223,2007 The Physical Science Basis.pdf,"Figure 9.13. Change in risk of mean European summer temperatures exceeding 
a threshold of 1.6degC above 1961 to 1990 mean temperatures, a threshold that was 
exceeded in 2003 but in no other year since the start of the instrumental record in 
1851. (Top) Frequency histograms of the estimated likelihood of the risk (probability) 
of exceeding a 1.6degC threshold (relative to the 1961-1990 mean) in the 1990s in the 
presence (red curve) and absence (green curve) of anthropogenic change, expressed 
as an occurrence rate. (Bottom) Fraction of attributable risk (FAR). The vertical line 
indicates the 'best estimate' FAR, the mean risk attributable to anthropogenic factors 
averaged over the distribution. The alternation between grey and white bands 
indicates the deciles of the estimated FAR distribution. The shift from the green to 
the red distribution in (a) implies a FAR distribution with mean 0.75, corresponding to 
a four-fold increase in the risk of such an event (b). From Stott et al. (2004). ",Energy,Line Chart,composite views
2251,WGI_TAR_full_report.pdf,"Figure 4.14: Atmospheric composition and properties predicted using the six SRES Marker-Illustrative scenarios for anthropogenic emissions:
A1B (green dashed line), A1T (yellow dash-dotted), A1FI (orange dash-dot-dotted), A2 (red solid), B1 (cyan dashed), B2 (solid dark blue).
Abundances prior to year 2000 are taken from observations, and the IS92a scenario computed with current methodology is shown for reference
(thin black line). Results are shown for CH4 (ppb), N2O (ppb), tropospheric O3 (DU), HFC-134a (ppt), CF4 (ppt), SF6 (ppt), the lifetime of CH4
(yr), and the global annual mean abundance of tropospheric OH (scaled to year 2000 value). All SRES A1-type scenarios have the same emissions
for HFCs, PFCs, and SF6 (appearing a A1B), but the HFC-134a abundances vary because the tropospheric OH values differ affecting its lifetime.
The IS92a scenario did not include emissions of PFCs and SF6. For details, see chapter text and tables in Appendix II.",Climate Science,Line Chart,composite views
2253,WGI_TAR_full_report.pdf,"Figure 8.12: An uncertainty ratio for 10-degree latitude bands; (a)
control simulations; (b) difference between the control and doubled
greenhouse gas simulations. E is evaporation, P is precipitation, Tscr is
screen temperature, cld is the percentage cloud cover and Sn is the net
short-wave radiation at the surface. The units on the Y-axis are
dimensionless. An asterisk means the value is statistically significant at
95% and a diamond at 90% (see Crossley et al., 2000).",Climate Science,Line Chart,composite views
2254,2007 The Physical Science Basis.pdf,"Figure 9.5. Comparison between global mean surface temperature anomalies (degC) 
from observations (black) and AOGCM simulations forced with (a) both anthropogenic 
and natural forcings and (b) natural forcings only. All data are shown as global 
mean temperature anomalies relative to the period 1901 to 1950, as observed 
(black, Hadley Centre/Climatic Research Unit gridded surface temperature data 
set (HadCRUT3); Brohan et al., 2006) and, in (a) as obtained from 58 simulations 
produced by 14 models with both anthropogenic and natural forcings. The multi-
model ensemble mean is shown as a thick red curve and individual simulations are 
shown as thin yellow curves. Vertical grey lines indicate the timing of major volcanic 
events. Those simulations that ended before 2005 were extended to 2005 by using 
the fi rst few years of the IPCC Special Report on Emission Scenarios (SRES) A1B 
scenario simulations that continued from the respective 20th-century simulations, 
where available. The simulated global mean temperature anomalies in (b) are from 
19 simulations produced by fi ve models with natural forcings only. The multi-model 
ensemble mean is shown as a thick blue curve and individual simulations are shown 
as thin blue curves. Simulations are selected that do not exhibit excessive drift in 
their control simulations (no more than 0.2degC per century). Each simulation was 
sampled so that coverage corresponds to that of the observations. Further details of 
the models included and the methodology for producing this fi gure are given in the 
Supplementary Material, Appendix 9.C. After Stott et al. (2006b). ",Energy,Line Chart,composite views
2262,2007 The Physical Science Basis.pdf,"Figure 10.20. (a) 21st-century atmospheric CO2 concentration as simulated by the 
11 C4MIP models for the SRES A2 emission scenario (red) compared with the stan-
dard atmospheric CO2 concentration used as a forcing for many IPCC AR4 climate 
models (black). The standard CO2 concentration values were calculated by the BERN-
CC model and are identical to those used in the TAR. For some IPCC-AR4 models, 
different carbon cycle models were used to convert carbon emissions to atmospheric 
concentrations. (b) Globally averaged surface temperature change (relative to 2000) 
simulated by the C4MIP models forced by CO2 emissions (red) compared to global 
warming simulated by the IPCC AR4 models forced by CO2 concentration (black). The 
C4MIP global temperature change has been corrected to account for the non-CO2 
radiative forcing used by the standard IPCC AR4 climate models. ",Energy,Line Chart,composite views
2271,2007 The Physical Science Basis.pdf,"Figure 3.4. (a) Annual anomalies of global SST (HadSST2; red bars and blue solid curve), 1850 to 2005, and global NMAT (HadMAT, green curve), 1856 to 2005, relative to 
the 1961 to 1990 mean (degC) from the UK Meteorological Offi ce (UKMO; Rayner et al., 2006). The smooth curves show decadal variations (see Appendix 3.A). The dashed black 
curve shows equivalent smoothed SST anomalies from the TAR. (b) Smoothed annual global SST anomalies, relative to 1961 to 1990 (degC), from HadSST2 (blue line, as in (a)), 
from NCDC (Smith et al., 2005; red line) and from COBE-SST (Ishii et al., 2005; green line). The latter two series begin later in the 19th century than HadSST2. (c,d) As in (a) but 
for the NH and SH showing only the UKMO series.",Climate Science,Line Chart,composite views
2276,WGI_TAR_full_report.pdf,"Figure 2.23: Time-series illustrating temperature variability over the
last about 400 ky (updated from Rostek et al., 1993; Schneider et al.,
1996; MacManus et al., 1999; Reille et al., 2000). The uppermost
time-series describes the percentage of tree pollen that excludes pollen
from pine tree species. The higher this percentage, the warmer was the
climate.",Climate Science,Line Chart,composite views
2289,"2007 Impact, adaption.pdf","Figure 1.7. Plotted are the frequencies of the correlation coefficients
(associations) between the timing of changes in traits (e.g., earlier egg-
laying) of 145 species and modelled (HadCM3) spring temperatures for
the grid-boxes in which each species was examined. At each location, all
of which are in the Northern Hemisphere, the changing trait is compared
with modelled temperatures driven by: (a) natural forcings (purple bars),
(b) anthropogenic (i.e., human) forcings (orange bars), and (c) combined
natural and anthropogenic forcings (yellow bars). In addition, on each
panel the frequencies of the correlation coefficients between the actual
temperatures recorded during each study and changes in the traits of 83
species, the only ones of the 145 with reported local-temperature trends,
are shown (dark blue bars). On average the number of years that species
were examined is about 28, with average starting and ending years of
1960 and 1998. Note that the agreement: (a) between the natural and
actual plots is weaker (K = 60.16) than (b) between the anthropogenic
and actual (K = 35.15), which in turn is weaker than( c) the agreement
between combined and actual (K = 3.65). Taken together, these plots
show that a measurable portion of the warming regional temperatures to
which species are reacting can be attributed to humans, therefore
showing joint attribution (after Root et al., 2005).",Climate Science,Bar Graph,composite views
2293,WGI_TAR_full_report.pdf,"Figure 9.6: (a) The time evolution of the globally averaged temperature change relative to the years (1961 to 1990) of the SRES simulations A2
(top) and B2 (bottom) (Unit: degC). See Table 9.1 for more information on the individual models used here. (b) The time evolution of the globally
averaged precipitation change relative to the years (1961 to 1990) of the SRES simulations A2 (top) and B2 (bottom) (Unit: %). See Table 9.1 for
more information on the individual models used here.",Climate Science,Line Chart,composite views
2300,WGI_TAR_full_report.pdf,"Figure 3.8: Modelled fluxes of anthropogenic CO2 over the past
century. (a) Ocean model results from OCMIP (Orr and Dutay, 1999;
Orr et al., 2000); (b), (c) terrestrial model results from CCMLP
(McGuire et al., 2001). Positive numbers denote fluxes to the
atmosphere; negative numbers denote uptake from the atmosphere.
The ocean model results appear smooth because they contain no
interannual variability, being forced only by historical changes in
atmospheric CO2. The results are truncated at 1990 because
subsequent years were simulated using a CO2 concentration scenario
rather than actual measurements, leading to a likely overestimate of
uptake for the 1990s. The terrestrial model results include effects of
historical CO2 concentrations, climate variations, and land-use
changes based on Ramankutty and Foley (2000). The results were
smoothed using a 10-year running mean to remove short-term
variability. For comparison, grey boxes denote observational
estimates of CO2 uptake by the ocean in panel (a) and by the land in
panel (b) (from Table 3.1). Land-use change flux estimates from
Houghton et al. (1999) are shown by the black line in panel (c). The
grey boxes in panel (c) indicate the range of decadal average values
for the land-use change flux accepted by the SRLULUCF (Bolin et
al., 2000) for the 1980s and for 1990 to 1995.",Climate Science,Line Chart,composite views
2327,2007 The Physical Science Basis.pdf,"Figure 10.21. (a) Atmospheric CO2 stabilisation scenarios SP1000 (red), SP750 
(blue), SP550 (green) and SP450 (black). (b) Compatible annual emissions calculated 
by three models, the Hadley simple model (Jones et al., 2006; solid), the UVic EMIC 
(Matthews, 2005; dashed) and the BERN2.5CC EMIC (Joos et al., 2001; Plattner et 
al., 2001; triangles) for the three stabilisation scenarios without accounting for the 
impact of climate on the carbon cycle (see Table 8.3 for details of the latter two 
models). (c) As for (b) but with the climate impact on the carbon cycle accounted 
for. (d) The difference between (b) and (c) showing the impact of the climate-carbon 
cycle feedback on the calculation of compatible emissions. ",Energy,Line Chart,composite views
2348,Climate Change 2007 - Synthesis Report.pdf,"Figure 2.3. Atmospheric concentrations of CO2, CH4 and N2O over the last
10,000 years (large panels) and since 1750 (inset panels). Measurements
are shown from ice cores (symbols with different colours for different stud-
ies) and atmospheric samples (red lines). The corresponding radiative
forcings relative to 1750 are shown on the right hand axes of the large
panels. {WGI Figure SPM.1}",Climate Science,Line Chart,composite views
2354,2007 The Physical Science Basis.pdf,"Figure 2.23. Globally and annually averaged temporal evolution of the instan-
taneous all-sky RF (top panel) and surface forcing (bottom panel) due to various 
agents, as simulated in the MIROC+SPRINTARS model (Nozawa et al., 2005; 
Takemura et al., 2005). This is an illustrative example of the forcings as implemented 
and computed in one of the climate models participating in the AR4. Note that there 
could be differences in the RFs among models. Most models simulate roughly similar 
evolution of the LLGHGs' RF.",Energy,Line Chart,composite views
2356,2007 The Physical Science Basis.pdf,"Figure 7.24. Effect of removing the entire burden of sulphate aerosols in the year 
2000 on (a) the annual mean clear sky TOA shortwave radiation (W m-2) calculated 
by Brasseur and Roeckner (2005) for the time period 2071 to 2100 and (b) on the 
annual mean surface air temperature (degC) calculated for the same time period. (c) 
temporal evolution of global and annual mean surface air temperature anomalies (degC) 
with respect to the mean 1961 to 1990 values. The evolution prior to the year 2000 
is driven by observed atmospheric concentrations of greenhouse gases and aerosols 
as adopted by IPCC (see Chapter 10). After 2000, the concentration of greenhouse 
gases remains constant while the aerosol burden is unchanged (blue line) or set to 
zero (red line). The black curve shows observations (A. Jones et al., 2001; Jones et 
al., 2006).",Energy,"Line Chart,Heat Map",composite views
2357,2007 The Physical Science Basis.pdf,"Figure 4.16. Changes in the surface area of tropical glaciers relative to their extent 
around 1900, grouped according to different glacier sizes. The sizes are given for 
1990 or the closest available date to 1990. The broken red line highlights the retreat 
of Kilimanjaro glaciers. The insert shows the area change (km2) of the Kilimanjaro 
plateau (red) and slope (purple) glaciers as separated by the 5,700 m contour 
line (Kaser and Osmaston, 2002 (updated courtesy of S. Lieb); Molg et al., 2003b; 
Georges, 2004; Hastenrath, 2005; Cullen et al., 2006; Klein and Kincaid, 2006).",Energy,Scatter Plot,composite views
2360,WGI_TAR_full_report.pdf,"Figure 11.10: Estimated sea level rise from 1910 to 1990. (a) The
thermal expansion, glacier and ice cap, Greenland and Antarctic contri-
butions resulting from climate change in the 20th century calculated
from a range of AOGCMs. Note that uncertainties in land ice calcula-
tions have not been included. (b) The mid-range and upper and lower
bounds for the computed response of sea level to climate change (the
sum of the terms in (a) plus the contribution from permafrost). These
curves represent our estimate of the impact of anthropogenic climate
change on sea level during the 20th century. (c) The mid-range and
upper and lower bounds for the computed sea level change (the sum of
all terms in (a) with the addition of changes in permafrost, the effect of
sediment deposition, the long-term adjustment of the ice-sheets to past
climate change and the terrestrial storage terms). ",Energy,Line Chart,composite views
2364,ar4_wg3_full_report-1.pdf,"Figure 3.7: Global cropland (a), forest land (b) and grassland (c) projections.
Notes: shaded areas indicate SRES scenario ranges, post-SRES scenarios 
denoted with solid lines. IMAGE-EMF21 = Van Vuuren et al. (2006a) scenario 
from EMF-21 Study; IMAGE-MA-xx = Millennium Ecosystem Assessment 
(Carpenter et al., 2005) scenarios from the IMAGE model for four storylines 
(GO = Global Orchestration, OS = Order from Strength, AM = Adapting Mosaic, 
TG = TechnoGarden); AgLU-x.x% = Sands and Leimbach (2003) scenarios with 
x.x% annual growth in crop yield; GTM-2003 = Sohngen and Mendelsohn (2003) 
global forest scenario; GTM-EMF21 = Sohngen and Sedjo (2006) global forest 
scenario from EMF-21 Study; GCOMAP-EMF21 = Sathaye et al. (2006) global 
forest scenario from EMF-21 Study; GRAPE-EMF21 = Kurosawa (2006) scenario 
from EMF-21 Study.",Climate Science,Line Chart,composite views
