reason_id,image_id,rating,reason,chart,caption,both,group
193,1499,4,The caption summarizes the key trend and the graph includes a legend and it is somewhat easy to understand the errors bars. This visualization effectively shows the differences between the categories.,the graph includes a legend and it is somewhat easy to understand the errors bars. the graph includes a legend it is somewhat easy to understand the errors bars This visualization effectively shows the differences between the categories,The caption summarizes the key trend,,_u_res_1
5,148,4,"The trend is understandable, but the caption can be improved to be more straight-forward.","The trend is understandable,",the caption can be improved to be more straight-forward,,_u_res2
14,2360,4,"The caption explains the graph markings, but not the trend, and the graph should have a key explaining the solid and dotted line difference. ",the graph should have a key explaining the solid dotted line difference,"The caption explains the graph markings not the trend,",,_u_res2
17,324,5,"The graph is easy to understand, but the caption can do better at explaining the trend.","The graph is easy to understand,",the caption can do better at explaining the trend,,_u_res2
20,332,4,"The caption doesn't explain the second graph well, and the labels on the graph could be differentiated more.",the labels on the graph could be differentiated more,"The caption doesn't explain the second graph well,",,_u_res2
23,337,5,The graph and caption are understandable.,The graph is understandable,caption are understandable,,_u_res2
29,436,4,"The caption explains the graph, but the graph should have a key. ",the graph should have a key,"The caption explains the graph,",,_u_res2
71,1277,4,"The caption can better explain the trend, and the graph is good, but the labels are not visible.",the labels are not visible,"The caption can better explain the trend,",,_u_res2
86,1711,4,"The caption can better by explaining the trend, and the graph labels are small.",the graph labels are small,"The caption can better by explaining the trend,",,_u_res2
125,126,3,"The graphs are easy to understand, but the captions are very long-winded. ","The graphs are easy to understand,",the captions are very long-winded,,_u_res2
128,304,3,"The caption is very wordy, and the labels are hard to read on the graph.",the labels are hard to read on the graph,"The caption is very wordy,",,_u_res2
140,433,5,The graph and the caption are easy to understand.,The graph is easy to understand,the caption are easy to understand,,_u_res2
149,492,4,"Caption is very wordy, but graph is understandable. ",graph is understandable,"Caption is very wordy,",,_u_res2
152,614,3,"The caption explains the situation, but the graph is very wordy and hard to read.",the graph is very wordy hard to read,"The caption explains the situation,",,_u_res2
164,736,4,"The caption describes the graphs well, but the graphs a little unclear and hard to read. ",the graphs a little unclear hard to read,"The caption describes the graphs well,",,_u_res2
167,828,1,"The caption doesn't explain what the different colors mean, and doesn't explain the trend. It is extremely hard to differentiate the colors on the graph, and we don't know what each color represents.  ","It is extremely hard to differentiate the colors on the graph, we don't know what each color represents","The caption doesn't explain what the different colors mean, and doesn't explain the trend. ",,_u_res2
176,1006,2,"The caption should explain the trend better, and the graph is very hard to read and tell the difference between the many labels. ",the graph is very hard to read tell the difference between the many labels,"The caption should explain the trend better,",,_u_res2
182,1301,4,"The graph and caption are good, but some labels are small. ",The graph some labels are small,"caption are good,",,_u_res2
188,1428,4,"Both are okay, but the graph labels are a little small and the caption can explain the trend better.","Both are okay, the graph labels are a little small",the caption can explain the trend better,,_u_res2
203,1697,4,"The caption explains the graph pretty well, but some of the labels are blurry on the graph.",some of the labels are blurry on the graph,"The caption explains the graph pretty well,",,_u_res2
209,1718,3,"The graph is kind of confusing with the red and blue, and the different year labels. The caption should be improved to explain the trend and context.","The graph is kind of confusing with the red blue, the different year labels",The caption should be improved to explain the trend context,,_u_res2
224,1790,4,"The caption is good, but the graph labels and ranges are very small, so it is hard to tell what value they correlate to.","the graph labels ranges are very small, so it is hard to tell what value they correlate to","The caption is good,",,_u_res2
236,1915,4,"The caption is straightforward, and the top graph is understandable, but the bottom graph should include axis labels.","the top graph is understandable, the bottom graph should include axis labels","The caption is straightforward,",,_u_res2
239,1925,4,"The caption is good, but the graph should include a key to explain the different lines.",the graph should include a key to explain the different lines,"The caption is good,",,_u_res2
248,2016,4,The caption needs to be improved to explain the context and trend. The graph is pretty good.,The graph is pretty good,The caption needs to be improved to explain the context and trend,,_u_res2
251,2049,4,"The caption is good, but the graph data doesn't have a key for the symbols.",the graph data doesn't have a key for the symbols,"The caption is good,",,_u_res2
257,2061,4,"The caption can explain the context and trend better, and the graph is pretty understandable.",the graph is pretty understandable,The caption can explain the context and trend better.,,_u_res2
260,2071,4,"The caption is good, but the graph should have a key for the colors.",the graph should have a key for the colors,"The caption is good,",,_u_res2
263,2271,5,The captions and graphs are interpretable.,graphs are interpretable,The captions is interpretable,,_u_res2
275,2220,3,"The caption explains the graph pretty well, but the graph formatting is a little confusing, and it needs a key.","the graph formatting is a little confusing, it needs a key","The caption explains the graph pretty well,",,_u_res2
290,407,3,"The caption explains the graph, but the graph labels are hard to read.",the graph labels are hard to read,"The caption explains the graph,",,_u_res2
293,494,2,"The caption is very wordy, but explains the situation, and the graph is very hard to read.",the graph is very hard to read,"The caption is very wordy, but explains the situation, ",,_u_res2
302,1143,2,"The different colors are explained in the caption, but it is better to have a key, and the graph hard to read with the label intersections","it is better to have a key, the graph hard to read with the label intersections","The different colors are explained in the caption,",,_u_res2
311,213,2,"The caption doesn't describe the trend, and the graph is hard to read. ",the graph is hard to read,"The caption doesn't describe the trend,",,_u_res2
317,604,3,"The caption is very long-winded, and the graph labels are hard to read. ",the graph labels are hard to read,"The caption is very long-winded,",,_u_res2
323,758,2,"The caption explains the graph labels well, but the graph is hard to read. It is hard to tell the difference in colors and labels, especially in the box and whisker plot. ","the graph is hard to read It is hard to tell the difference in colors labels, especially in the box whisker plot","The caption explains the graph labels well,",,_u_res2
335,1100,2,"The caption is good, but the graph labels are hard to read. ",the graph labels are hard to read,"The caption is good,",,_u_res2
338,1112,1,"The caption doesn't explain the graph well, and the graph is very hard to read with the many unlabeled intersecting lines.",the graph is very hard to read with the many unlabeled intersecting lines,"The caption doesn't explain the graph well,",,_u_res2
341,1153,4,"The caption can better explain the trend, and the graph is a little hard to read but understandable. ",the graph is a little hard to read understandable,"The caption can better explain the trend,",,_u_res2
347,1400,1,"The caption is okay, but the graph lines are very hard to understand. The differences in representation is very small that it is hard to tell. ",the graph lines are very hard to understand The differences in representation is very small that it is hard to tell,"The caption is okay,",,_u_res2
356,1633,4,"The caption is good, but the graphs are a little small. ",the graphs are a little small,"The caption is good,",,_u_res2
359,1659,1,"The caption is okay, but the symbols and labels on the graph are hard to read. ",the symbols labels on the graph are hard to read,"The caption is okay,",,_u_res2
368,1802,4,"The caption is okay, but the graph format should be different.",the graph format should be different,"The caption is okay,",,_u_res2
374,1911,4,"The caption is okay, but the graph should include info about what the vertical lines stand for, and format the data differently visually.","the graph should include info about what the vertical lines stand for, format the data differently visually","The caption is okay,",,_u_res2
377,2050,4,"The caption should explain the context better, and the graph should have a key for each data point.",the graph should have a key for each data point,"The caption should explain the context better,",,_u_res2
389,2262,4,"The graph should include a key to explain the colors, and the lines overlap a lot. The caption is good.","The graph should include a key to explain the colors, the lines overlap a lot",The caption is good,,_u_res2
392,2276,4,"The caption doesn't explain the trend of the graphs well, and the graphs should be separated   instead of placed together on the same axis.",the graphs should be separated   instead of placed together on the same axis,"The caption doesn't explain the trend of the graphs well,",,_u_res2
398,2327,4,"For the bottom graph, some of the graph lines are hard to read, and the caption should explain the trend.","For the bottom graph, some of the graph lines are hard to read,",the caption should explain the trend,,_u_res2
407,2215,4,"The caption is good, but the graph formatting could be better.",the graph formatting could be better,"The caption is good,",,_u_res2
410,242,3,"The graph is hard to read, and the caption doesn't explain the trend.","The graph is hard to read,",the caption doesn't explain the trend,,_u_res2
413,909,4,"The graph is well made, but the caption can be more straight to the point. ","The graph is well made,",the caption can be more straight to the point,,_u_res2
416,950,1,"The caption is good, but the graphs are very hard to read, especially the smaller ones. ","the graphs are very hard to read, especially the smaller ones","The caption is good,",,_u_res2
419,1068,1,"The caption doesn't explain the trend, and the graph is very hard to read with the many labels intersecting each other. Even the graph key is hard to read. ",the graph is very hard to read with the many labels intersecting each other Even the graph key is hard to read,"The caption doesn't explain the trend,",,_u_res2
428,1177,1,"The caption can better describe the context, and the graph arrangement is hard to read, and it has no structure.","the graph arrangement is hard to read, it has no structure","The caption can better describe the context,",,_u_res2
431,1178,2,"The caption can better explain the trend, and the graph lines are hard to read, especially since the blue and green intersect a lot. ","the graph lines are hard to read, especially since the blue green intersect a lot","The caption can better explain the trend,",,_u_res2
437,1205,2,"The caption is okay, but the graph is very hard to read with the lines intersecting that much. ",the graph is very hard to read with the lines intersecting that much,"The caption is okay,",,_u_res2
440,1232,1,"The caption is good, but the graphs are very hard to read with the intersecting labels, especially the bottom two. ","the graphs are very hard to read with the intersecting labels, especially the bottom two","The caption is good,",,_u_res2
443,1246,1,"The caption can better explain the trend, and the graph structure is very hard to understand.",the graph structure is very hard to understand,"The caption can better explain the trend,",,_u_res2
446,1294,1,"The caption can explain the trend better, and the graph is very hard to read with all the different symbols and lines close together.",the graph is very hard to read with all the different symbols lines close together,"The caption can explain the trend better,",,_u_res2
449,1326,1,"The caption is good, but the graphs are completely unreadable. None of the labels and points can be seen clearly.",the graphs are completely unreadable None of the labels points can be seen clearly,"The caption is good,",,_u_res2
452,1576,1,"The caption can be more straight-forward, and the graphs are unreadable with all the symbols and colors intersecting. ",the graphs are unreadable with all the symbols colors intersecting,"The caption can be more straight-forward,",,_u_res2
455,1751,4,"The caption is good, but the graph points/lines are hard to differentiate.",the graph points/lines are hard to differentiate,"The caption is good,",,_u_res2
458,1821,2,"The caption can be improved to explain the context and trend better, and the various graph symbols and colors are hard to interpret, especially since they are small and clustered.","the various graph symbols and colors are hard to interpret, especially since they are small and clustered.",The caption can be improved to explain the context and trend better,,_u_res2
461,1946,4,"The caption is good, but the graph lines are very clustered and hard to read.",the graph lines are very clustered hard to read,"The caption is good,",,_u_res2
464,1953,4,"The caption is okay, but the graph points are hard to read.",the graph points are hard to read,"The caption is okay,",,_u_res2
467,1963,4,"The caption is good, but the graph should also have a key for the different lines.",the graph should also have a key for the different lines,"The caption is good,",,_u_res2
473,2008,4,"The data on the graph is overlaps a lot, so it is a little hard to read, and the caption is good.","The data on the graph is overlaps a lot, so it is a little hard to read,",the caption is good,,_u_res2
476,2052,1,"The caption doesn't explain the context or trend. The graph is very blurry, the data overlaps a lot, and the entire graph is very hard to read.","The graph is very blurry, the data overlaps a lot, the entire graph is very hard to read",The caption doesn't explain the context or trend,,_u_res2
479,2074,3,"multiple panels would have made it easier to read the chart, stacking charts with different labels for y-axis makes it difficult to read. Individual components of the chart are easy to read. A lot of information is encoded in the chart making it overwhelming to look at. Caption does not give the necessary context. Takeaway message is not clearly mentioned in the caption.","multiple panels would have made it easier to read the chart, stacking charts with different labels for y-axis makes it difficult to read Individual components of the chart are easy to read A lot of information is encoded in the chart making it overwhelming to look at",Caption does not give the necessary context Takeaway message is not clearly mentioned in the caption,,_u_res2
482,2103,1,"chart shows different attributes in a shared y-axis. Chart would be easire to read if it was divided into multiple panels. Legend required to understand chart components in not available in the chart. Use of dual axis makes it more confusing to read the charts. The caption does not clarify what chart components represent. Caption does not clearly state the takeaway message, does not expalin the observed pattern. definition of shaded region in the caption helps understand the chart but does not give a clear idea of the intent.",chart shows different attributes in a shared y-axis. Chart would be easire to read if it was divided into multiple panels. Legend required to understand chart components in not available in the chart. Use of dual axis makes it more confusing to read the charts.,"The caption does not clarify what chart components represent. Caption does not clearly state the takeaway message, does not expalin the observed pattern. definition of shaded region in the caption helps understand the chart but does not give a clear idea of the intent.",,_u_res2
488,2141,4,"clutter in the chart is overwhelming. Shared axis show use the same scale and unit making it easy to read the chart. since color and spatial regions are used to encode an attribute, it is easy to read the chart even if a legend for color usage is not provided. Caption clearly states the takeaway message and summarizes the observed patterns in the graph making it highly interpretable.","clutter in the chart is overwhelming. Shared axis show use the same scale and unit making it easy to read the chart. since color and spatial regions are used to encode an attribute, it is easy to read the chart even if a legend for color usage is not provided.",Caption clearly states the takeaway message and summarizes the observed patterns in the graph making it highly interpretable.,,_u_res2
491,2348,2,"caption describes what is shown in the chart which is not useful -- caption should add more information to the visualization instead of being an extension to the chart. Althought the chart looks cluttered, trend is clearly visible in the chart leading to an easily interpretable takeaway message. The chart uses inconsistent y-axis so the observed increase rate is not reliable. ","Althought the chart looks cluttered, trend is clearly visible in the chart leading to an easily interpretable takeaway message. The chart uses inconsistent y-axis so the observed increase rate is not reliable. ",caption describes what is shown in the chart which is not useful -- caption should add more information to the visualization instead of being an extension to the chart.,,_u_res2
500,149,2,legend for colors used in the chart are not defined. Axes used in the chart are nod labeled. The chart is annotated but the context required to understand the annotations are not given in the caption. Difficult to connect caption to the chart.,legend for colors used in the chart are not defined Axes used in the chart are nod labeled The chart is annotated,the context required to understand the annotations are not given in the caption,Difficult to connect caption to the chart,_u_res2
514,650,5,Pattern of trend in chart is easy to understand. Caption helps in understanding annotations used in the chart. Caption clearly states the takeaway message and provides required context to read the cahrt.,Pattern of trend in chart is easy to understand,Caption helps in understanding annotations used in the chart. Caption clearly states the takeaway message provides required context to read the chart,,_u_res2
515,650,5,Pattern of trend in chart is easy to understand. Caption helps in understanding annotations used in the chart. Caption clearly states the takeaway message and provides required context to read the cahrt.,Pattern of trend in chart is easy to understand,Caption helps in understanding annotations used in the chart. Caption clearly states the takeaway message and provides required context to read the cahrt.,,_u_res2
521,859,4,The axes title are descriptive in the chartwhich helps in understanding the pattern and overall takeaway message. Caption does not add any value.,The axes title are descriptive in the chartwhich helps in understanding the pattern and overall takeaway message.,Caption does not add any value.,,_u_res2
524,882,3,"Caption summarizes the message shown in the chart however, domain knowledge is required to get a clear takeaway message. Chart is easy to read and low level message is easy to grasp",Chart is easy to read low level message is easy to grasp,"Caption summarizes the message shown in the chart however, domain knowledge is required to get a clear takeaway message",,_u_res2
527,547,2,title of subplots in the visualization are included in the caption. Chart does not have legend of the colors used. caption does not provide sufficient context of the chart.,Chart does not have legend of the colors used,title of subplots in the visualization are included in the caption. caption does not provide sufficient context of the chart.,,_u_res2
536,442,1,Marks in the chart overlap causing visual clutter. Abberviations used in the chart are unclear. Caption does not describe the visualization. Cption does not prodive context of the data. Multiple plots are placed close to each other in the chart. legend for multiple symbols used in the chart are not given.,Marks in the chart overlap causing visual clutter. Abberviations used in the chart are unclear.  Multiple plots are placed close to each other in the chart. legend for multiple symbols used in the chart are not given.,Caption does not describe the visualization. Caption does not prodive context of the data.,,_u_res2
539,2018,3,"the chart has difficult to see axes labels but trend show easy takeaway. Chart does not have legend for colors used. Multiple graphs used but relation between them is not clear. 
Caption has data source which isn’t important. Caption describes trend which adds to length which is distracting. Caption provides context but doesn’t have enough information. Caption does not indicate the takeaway message.",the chart has difficult to see axes labels trend show easy takeaway Chart does not have legend for colors used Multiple graphs used relation between them is not clear,Caption has data source which isn’t important Caption describes trend which adds to length which is distracting Caption provides context but doesn’t have enough information Caption does not indicate the takeaway message,,_u_res2
542,2025,1,"multiple graphs in one view are difficult to read. Visual clutter makes it difficult to read the chart. The visualization is complex and difficult to understand.
Caption describes chart components. Caption does not describe the trend or takeaway is needed. Caption has reference to the context but inline summary of context would be useful.",multiple graphs in one view are difficult to read Visual clutter makes it difficult to read the chart The visualization is complex difficult to understand,Caption describes chart components. Caption does not describe the trend or takeaway is needed. Caption has reference to the context but inline summary of context would be useful.,,_u_res2
545,2060,5,Caption describes the visualization. Caption does not explain the trend. Lack of domain knowledge makes it difficult to read the chart. Key takeaway is not clear looking at both. Shared x-axis in the chart helps to compare the different data attributes plotted in the chart.,Shared x-axis in the chart helps to compare the different data attributes plotted in the chart,Caption describes the visualization. Caption does not explain the trend.,Lack of domain knowledge makes it difficult to read the chart. Key takeaway is not clear looking at both.,_u_res2
551,2117,4,Caption contains context required to understand the visualization. Caption explain the chart well. Caption does not mention the key takeaway message. Use of 3D visualization in the chart makes it difficult to extract values in the z-axis. The chart gives an idea of the key takeaway message.,Use of 3D visualization in the chart makes it difficult to extract values in the z-axis The chart gives an idea of the key takeaway message,Caption contains context required to understand the visualization Caption explain the chart well Caption does not mention the key takeaway message,,_u_res2
560,2293,3,Collective trend and outliers are easy to detect in the chart making the overall message clear. The caption summarizes the visualization. Caption includes references to the data source which is not helpful.,Collective trend outliers are easy to detect in the chart making the overall message clear,The caption summarizes the visualization. Caption includes references to the data source which is not helpful.,,_u_res2
563,2364,3,Caption is wordy and uses a lot os domain specific technical terms and references. Caption does not explain the abberviations used in the chart. Use of abberviations in the chart makes it difficult to understand. Caption does not contain useful message. Lack of domain knowledge makes it difficult to understand the goal of the visualization.,Use of abberviations in the chart makes it difficult to understand.,Caption is wordy and uses a lot of domain specific technical terms and references. Caption does not explain the abberviations used in the chart. Caption does not contain useful message.,Lack of domain knowledge makes it difficult to understand the goal of the visualization.,_u_res2
584,1917,3,Use of multiple panels in the graph is confusing. Use of shapes to encode categorical values in the graph is confusing. The chart does not containg legend for colors used. Caption explains the methodology but not bserved patterns of takeaway message. Context must be present in the cantion to understand the visualization.,Use of multiple panels in the graph is confusing. Use of shapes to encode categorical values in the graph is confusing. The chart does not containg legend for colors used.,Caption explains the methodology but not bserved patterns of takeaway message. Context must be present in the cantion to understand the visualization.,,_u_res2
590,2028,4,Chart doesnot contain labels for different mark types used. Chart uses dual axis making difficult to interpret the takeaway message. Caption describes the marks used in the chart. Caption explains the relationship between the two axes in the dual axis. shared axis makes it easy to compart across charts.,Chart doesnot contain labels for different mark types used. Chart uses dual axis making difficult to interpret the takeaway message. shared axis makes it easy to compare across charts.,Caption describes the marks used in the chart. Caption explains the relationship between the two axes in the dual axis.,,_u_res2
13,2360,5,Easy to interpret the chart and see the main trends without looking at the caption.,Easy to interpret the chart and see the main trends without looking at the caption. Easy to interpret the chart,see the main trends without looking at the caption,,_u_res1
25,339,5,Detailed caption and a clear chart makes it easy to understand the main trend,a clear chart makes it easy to understand the main trend,Detailed caption,,_u_res1
28,436,5,Clear representations with detailed caption that includes the symbols and lines (shown in chart),Clear representations lines (shown in chart),detailed caption that includes the symbols and lines (shown in chart) Clear representations with detailed caption that includes the symbols,,_u_res1
37,572,5,"Clear time series and labeled axes, caption summarizes main takeaway","Clear time series and labeled axes, Clear time series",caption summarizes main takeaway,"labeled axes, caption summarizes main takeaway",_u_res1
40,610,5,"The chart has color coding, it is well-organized and the caption is informative.","The chart has color coding, it is well-organized . The chart has color coding, it is well-organized",the caption is informative . the caption is informative,,_u_res1
43,660,5,The graph uses colors to represent 3 different categories making it easy to follow each line. The detailed caption provides a clear takeaway,The graph uses colors to represent 3 different categories making it easy to follow each line,The detailed caption provides a clear takeaway,,_u_res1
46,690,5,"The caption helps with interpretation of the chart. 
The chart is organized and labeled which helps with understanding the main takeaway.",The chart is organized and labeled which helps with understanding the main takeaway The chart is organized labeled which helps with understanding the main takeaway,The caption helps with interpretation of the chart,,_u_res1
52,920,5,Easy to compare categories and caption summarizes the main trend,Easy to compare categories,caption summarizes the main trend,,_u_res1
55,937,5,"Clear visualization with detailed caption. The chart uses color coding and thick lines to show the medians, and the total range of models. ","Clear visualization. The chart uses color coding and thick lines to show the medians, and the total range of models The chart uses color coding thick lines to show the medians, the total range of models",detailed caption,,_u_res1
58,994,5,Clear visualization with detailed caption. The different lines along with the shaded area conveys the main takeaway.,"Clear visualization. The chart uses color coding and thick lines to show the medians, and the total range of models The different lines along with the shaded area conveys the main takeaway",detailed caption,,_u_res1
64,1081,5,Easy to see the annual average and understand the main takeaway by reading the caption.,Easy to see the annual average,understand the main takeaway by reading the caption,,_u_res1
70,1277,5,The words on the side explaining the y-axis is cut off but the caption provides good details to interpret the graph. The legend further helps in understanding the main takeaway.,The legend further helps in understanding the main takeaway. The words on the side explaining the y-axis is cut off. The words on the side explaining the y-axis is cut off The legend further helps in understanding the main takeaway,the caption provides good details to interpret the graph,,_u_res1
73,1285,5,The chart shows the time series of the global annual ocean with color-code lines for different categories. The caption provides detailed context explaining the CI and data source. The clear labels from the average time periods help in understanding the main trend.,The chart shows the time series of the global annual ocean with color-code lines for different categories . The clear labels from the average time periods help in understanding the main trend The chart shows the time series of the global annual ocean with color-code lines for different categories data source The clear labels from the average time periods help in understanding the main trend,The caption provides detailed context explaining the CI and data source The caption provides detailed context explaining the CI,,_u_res1
76,1295,5,The chart shows the time series of the global annual ocean with color-code lines for different categories. The caption provides detailed context explaining the CI and data source. The clear labels from the average time periods help in understanding the main trend.,The chart shows the time series of the global annual ocean with color-code lines for different categories The clear labels from the average time periods help in understanding the main trend The chart shows the time series of the global annual ocean with color-code lines for different categories data source The clear labels from the average time periods help in understanding the main trend,The caption provides detailed context explaining the CI and data source The caption provides detailed context explaining the CI,,_u_res1
79,1303,5,The captions explains the main trend and the graph is easy to interpret.,the graph is easy to interpret,The captions explains the main trend and the graph is easy to interpret The captions explains the main trend,,_u_res1
94,1779,5,The chart shows the comparison between the simulations and observations. Each panel is well laid out and labeled so it is easy to compare the scenarios. The chart's caption is long but includes an overview of the data.,The chart shows the comparison between the simulations and observations Each panel is well laid out and labeled so it is easy to compare the scenarios The chart shows the comparison between the simulations observations Each panel is well laid out labeled so it is easy to compare the scenarios includes an overview of the data,The chart's caption is long but includes an overview of the data,The chart's caption is long,_u_res1
103,1839,5,"The scatter plot shows the relationship between the x and y axis. The line of best fit clearly shows the trend. The caption also provides detailed context about the source data.
Clear representation makes it easy to interpret. ",The scatter plot shows the relationship between the x and y axis The line of best fit clearly shows the trend. Clear representation makes it easy to interpret The scatter plot shows the relationship between the x y axis The line of best fit clearly shows the trend Clear representation makes it easy to interpret,The caption also provides detailed context about the source data,,_u_res1
109,2062,5,"Easy to compare categories and the use of colors to represent data makes it easier to compare them. Although the caption is long, it expands on each of the studies making it easier to understand the main takeaway.",Easy to compare categories and the use of colors to represent data makes it easier to compare them Easy to compare categories the use of colors to represent data makes it easier to compare them,"Although the caption is long, it expands on each of the studies making it easier to understand the main takeaway",,_u_res1
121,112,4,The design and clarity can be improved. Clear takeaway was not given,The design and clarity can be improved. The design clarity can be improved,Clear takeaway was not given,,_u_res1
130,317,4,"The caption provides details information about the chart. 
Colors and labels are used effectively to convey the main takeaway.
",Colors and labels are used effectively to convey the main takeaway Colors labels are used effectively to convey the main takeaway,The caption provides details information about the chart,,_u_res1
136,380,4,"The caption is detailed, but does not provide the clear takeaway",does not provide the clear takeaway,"The caption is detailed, but does not provide the clear takeaway The caption is detailed,",,_u_res1
139,433,4,"No legend included, the caption explains what the different lines mean along with providing detailed information. ",No legend included,the caption explains what the different lines mean along with providing detailed information,"No legend included, the caption explains what the different lines mean along with providing detailed information",_u_res1
145,491,4,"- Caption provides a good explanation for what the dots mean
- The use of labels helps in understanding the main takeaways",The use of labels helps in understanding the main takeaways,"Caption provides a good explanation for what the dots mean - Caption provides a good explanation for what the dots mean
- The use of labels helps in understanding the main takeaways",,_u_res1
148,492,4,Easy to interpret with use of labels and detailed caption,Easy to interpret with use of labels,detailed caption,,_u_res1
154,639,4,The caption provides the main takeaways while the chart uses color coding to help understand the caption,the chart uses color coding to help understand the caption,The caption provides the main takeaways,The caption provides the main takeaways while the chart uses color coding to help understand the caption,_u_res1
157,643,4,"Too many categories are present in the chart, but they are well organized and labeled. 
The different bars in the chart are not easy to comprehend without reading the captions ","Too many categories are present in the chart, but they are well organized and labeled Too many categories are present in the chart, they are well organized labeled",The different bars in the chart are not easy to comprehend without reading the captions,,_u_res1
163,736,4,Informative caption but complex data requires interpretation,complex data requires interpretation,Informative caption but complex data requires interpretation Informative caption,,_u_res1
166,828,4,Overlapping lines makes it difficult to interpret. But the annual mean is shown which helps. Informative caption.,Overlapping lines makes it difficult to interpret But the annual mean is shown which helps Overlapping lines makes it difficult to interpret But the annual mean is shown which helps,Informative caption,,_u_res1
172,904,4,"Detailed caption, chart has different curves representing different depths and locations. The x-axis and y-axis are clear, and the captions helps with the interpretation. No legend is present.","chart has different curves representing different depths and locations. The x-axis and y-axis are clear, and the captions helps with the interpretation. No legend is present. locations The x-axis y-axis are clear, No legend is present",Detailed caption. the captions helps with the interpretation. the captions helps with the interpretation,,_u_res1
175,1006,4,Clear context with color-coded regions but multiple lines make the chart somewhat complex.,Clear context with color-coded regions but multiple lines make the chart somewhat complex multiple lines make the chart somewhat complex,Clear context with color-coded regions,,_u_res1
178,1044,4,"Too many lines and shaded regions makes the chart more complicated, but the detailed information in the caption helps.","Too many lines and shaded regions makes the chart more complicated, Too many lines shaded regions makes the chart more complicated,",the detailed information in the caption helps,,_u_res1
181,1301,4,"The chart includes various components represent by different patterns and colors. The caption provided is extensive, which is informative but it adds to the complexity. Furthermore, the blue/grey shaded areas add additional visual elements.","The chart includes various components represent by different patterns and colors Furthermore, the blue/grey shaded areas add additional visual elements The chart includes various components represent by different patterns colors it adds to the complexity Furthermore, the blue/grey shaded areas add additional visual elements","The caption provided is extensive, which is informative but it adds to the complexity The caption provided is extensive, which is informative",,_u_res1
184,1388,4,Clear explanation in the caption and the graph has a zoomed in graph inside it making it easier to interpret the information given.,the graph has a zoomed in graph inside it making it easier to interpret the information given,Clear explanation in the caption,,_u_res1
187,1428,4,"The chart effectively shows the ranges of lifecycle GHG emissions for various fuel categories using different patterns. The caption provides enough information to interpret the graph.  The use of multiple sources makes the chart somewhat clutters, but it is interpretable. ","The chart effectively shows the ranges of lifecycle GHG emissions for various fuel categories using different patterns. The use of multiple sources makes the chart somewhat clutters, but it is interpretable The chart effectively shows the ranges of lifecycle GHG emissions for various fuel categories using different patterns The use of multiple sources makes the chart somewhat clutters, it is interpretable",The caption provides enough information to interpret the graph,,_u_res1
205,1715,4,Multiple panels and detailed context add complexity making it somewhat confusing.,Multiple panels and detailed context add complexity making it somewhat confusing Multiple panels,detailed context add complexity making it somewhat confusing,,_u_res1
211,1726,4,Detailed caption but the multiple elements make it somewhat interpretable,the multiple elements make it somewhat interpretable,Detailed caption,,_u_res1
214,1755,4,The graph is easy to understand and the caption provides thorough information about each panel which is informative.,The graph is easy to understand,the caption provides thorough information about each panel which is informative,,_u_res1
217,1757,4,"The use of different colors for each line, makes it easy to differentiate the data clearly. The chart also includes a legend, but it can be hard to understand without the help of the detailed context. ","The use of different colors for each line, makes it easy to differentiate the data clearly The chart also includes a legend. The use of different colors for each line, makes it easy to differentiate the data clearly The chart also includes a legend,",chart is hard to understand without the help of the detailed context in caption it can be hard to understand without the help of the detailed context,,_u_res1
220,1777,4,"The visualization includes multiple panels for different regions and periods. The use of these panels adds to the complexity. The caption provides thorough information about the anomalies, but it can take a while to understand the context about the takeaway. ",The visualization includes multiple panels for different regions and periods. The use of these panels adds to the complexity The visualization includes multiple panels for different regions periods The use of these panels adds to the complexity,"The caption provides thorough information about the anomalies, but it can take a while to understand the context about the takeaway The caption provides thorough information about the anomalies, it can take a while to understand the context about the takeaway",,_u_res1
223,1790,4,"The chart shows the frequency for two scenarios, and it is somewhat easy to understand. The caption provides thorough information about the scenarios and error bars. ","The chart shows the frequency for two scenarios, and it is somewhat easy to understand The chart shows the frequency for two scenarios, it is somewhat easy to understand error bars",The caption provides thorough information about the scenarios and error bars The caption provides thorough information about the scenarios,,_u_res1
226,1861,4,The legend and well-defined axes make the charts somewhat interpretable. The caption makes it easy to understand the main key takeaway.,The legend and well-defined axes make the charts somewhat interpretable The legend well-defined axes make the charts somewhat interpretable,The caption makes it easy to understand the main key takeaway,,_u_res1
229,1874,4,"The scatter plot shows the relationship between the x and y axis, and the data points and arrows clearly show the trends. The use of symbols helps to differentiate the data points.. Also, the caption is long so can take a little time to  understand the context of the chart. ","clearly observable trend. The use of symbols helps to differentiate the data points. The scatter plot shows the relationship between the x y axis, the data points arrows clearly show the trends The use of symbols helps to differentiate the data points","the caption is long so can take a little time to  understand the context of the chart. Also, the caption is long so can take a little time to  understand the context of the chart",,_u_res1
232,1894,4,"The chart has annotations and different comparison lines making it harder to quickly understand the main takeaway. The use of specific scientific terms might not be immediately clear to everyone. The caption is informative and provides necessary context. The addition of the error bars also adds another layer of information, which can complicate the overall interpretation. ","The chart has annotations and different comparison lines making it harder to quickly understand the main takeaway. The use of specific scientific terms might not be immediately clear to everyone. The addition of the error bars also adds another layer of information, which can complicate the overall interpretation The chart has annotations different comparison lines making it harder to quickly understand the main takeaway The use of specific scientific terms might not be immediately clear to everyone The addition of the error bars also adds another layer of information, which can complicate the overall interpretation",The caption is informative and provides necessary context The caption is informative provides necessary context,,_u_res1
238,1925,4,The cline graphs show the trends for both hemispheres with different symbols. The linear trends provides more clarity about the main trends. The caption provided is gives detailed information about the data shown in the chart.,The cline graphs show the trends for both hemispheres with different symbols The linear trends provides more clarity about the main trends The cline graphs show the trends for both hemispheres with different symbols The linear trends provides more clarity about the main trends,The caption provided is gives detailed information about the data shown in the chart,,_u_res1
241,1947,4,"The caption provides context about the data sources, scenarios, and an explanation of the main trends. It is long and informative, but adds complexity to the interpretation. The chart shows different panels for different scenarios. Despite the detailed context, the visual clarity makes the charts somewhat interpretable. ","The chart shows different panels for different scenarios Despite the detailed context, the visual clarity makes the charts somewhat interpretable It is long informative, adds complexity to the interpretation The chart shows different panels for different scenarios","The caption provides context about the data sources, scenarios, and an explanation of the main trends. It is long and informative, but adds complexity to the interpretation. The caption provides context about the data sources, scenarios, an explanation of the main trends Despite the detailed context, the visual clarity makes the charts somewhat interpretable",,_u_res1
244,1979,4,"The chart shows the main key takeaways, but the multiple components make it complex. The caption provides more information about the chart which makes it somewhat interpretable. ","The chart shows the main key takeaways, but the multiple components make it complex The chart shows the main key takeaways, the multiple components make it complex",The caption provides more information about the chart which makes it somewhat interpretable,,_u_res1
250,2049,4,"The graphs contain a lot of data points and trend lines that are presented clearly. Although the chart effectively conveys the main trends, the lack of detailed labels and annotations might make it harder to interpret the small specific finding without any additional context. ","The graphs contain a lot of data points and trend lines that are presented clearly. Although the chart effectively conveys the main trends, the lack of detailed labels and annotations might make it harder to interpret the small specific finding without any additional context. The graphs contain a lot of data points trend lines that are presented clearly Although the chart effectively conveys the main trends, the lack of detailed labels",annotations might make it harder to interpret the small specific finding without any additional context,,_u_res1
253,2054,4,"The caption is informative, it also has some unnecessary information that might not be needed to interpret the charts. The legend and clear representations make it charts somewhat interpretable. ",The legend and clear representations make it charts somewhat interpretable The legend clear representations make it charts somewhat interpretable,"The caption is informative, it also has some unnecessary information that might not be needed to interpret the charts",,_u_res1
256,2061,4,"The chart's use of consistent color coding and multiple types of vehicles adds to the complexity but provides a good overview of the data. The clear axes and legend help in the interpretation, but many require more context for full understanding. ","The chart's use of consistent color coding and multiple types of vehicles adds to the complexity but provides a good overview of the data. The clear axes and legend help in the interpretation, but many require more context for full understanding The chart's use of consistent color coding multiple types of vehicles adds to the complexity provides a good overview of the data The clear axes legend help in the interpretation,",require more context for full understanding,,_u_res1
265,2356,4,"Given the clear representation, multiple components, and detailed context, it is somewhat interpretable. The use of multiple panels makes it difficult to find a clear takeaway making it somewhat interpretable. ","Given the clear representation, multiple components, and detailed context, it is somewhat interpretable. The use of multiple panels makes it difficult to find a clear takeaway making it somewhat interpretable Given the clear representation, multiple components, The use of multiple panels makes it difficult to find a clear takeaway making it somewhat interpretable",detailed context,,_u_res1
271,2213,4,"The caption provides thorough context about the data sources and the variables shown in each panel. The charts show the long-term trends and provides a comparison. The clear axes and legends help in the understanding of the data, but the technical nature of the content might be overwhelming. The detailed context also might take time to interpret. ","The charts show the long-term trends and provides a comparison. The clear axes and legends help in the understanding of the data, but the technical nature of the content might be overwhelming. the variables shown in each panel The charts show the long-term trends provides a comparison The clear axes legends help in the understanding of the data, the technical nature of the content might be overwhelming",The caption provides thorough context about the data sources and the variables shown in each panel. The detailed context also might take time to interpret The caption provides thorough context about the data sources The detailed context also might take time to interpret,,_u_res1
274,2220,4,The use of different colors and line styles helps compare the categories. The bars at the end represents the ranges and helps interpretating the chart. The caption is needed to fully make an interpretation of the chart.,The use of different colors and line styles helps compare the categories The bars at the end represents the ranges and helps interpretating the chart The use of different colors line styles helps compare the categories The bars at the end represents the ranges helps interpretating the chart,The caption is needed to fully make an interpretation of the chart,,_u_res1
277,2223,4,"The visualization has 2 panels, which adds complexity, but it also gives a good overview of the data. The overall presentation is somewhat interpretable with the given context found in the caption. ","The visualization has 2 panels, which adds complexity, but it also gives a good overview of the data The visualization has 2 panels, which adds complexity, it also gives a good overview of the data",The overall presentation is somewhat interpretable with the given context found in the caption,,_u_res1
280,184,3,Complex caption and the different colored line don't have a clear definition.,the different colored line don't have a clear definition,Complex caption,,_u_res1
286,297,3,"There is no visual clutter, the caption provides a summary of the key trends. No legend is present to explain the non-linear lines ",No legend is present to explain the non-linear lines,"There is no visual clutter, the caption provides a summary of the key trends",,_u_res1
289,407,3,"The caption is detailed but the chart is blurry, 
Difficult to read the chart","the chart is blurry, 
Difficult to read the chart",The caption is detailed,,_u_res1
292,494,3,"Hard to interpret the multiple categories on the chart, 
detailed caption highlights what the chart shows ","Hard to interpret the multiple categories on the chart, 
",detailed caption highlights what the chart shows,,_u_res1
295,754,3,Informative caption but overlapping lines adds more complexity,overlapping lines adds more complexity,Informative caption,,_u_res1
298,1011,3,Detailed caption but multiple bars and no legend for the colors of the bars makes it somewhat confusing.,multiple bars no legend for the colors of the bars makes it somewhat confusing,Detailed caption,,_u_res1
304,1215,3,"The chart presents various categories using box plots, symbols like diamonds and individual data points. The graphs uses colors and symbols which adds complexity. Furthermore, the caption provides detailed information about the each element but it takes time to understand. Visual elements make it somewhat confusing.","The chart presents various categories using box plots, symbols like diamonds and individual data points. The graphs uses colors and symbols which adds complexity Visual elements make it somewhat confusing. The chart presents various categories using box plots, symbols like diamonds individual data points. The graphs uses colors symbols which adds complexity it takes time to understand. Visual elements make it somewhat confusing","Furthermore, the caption provides detailed information about the each element but it takes time to understand",,_u_res1
307,1439,3,"The chart uses different symbols and color to represent various ranges. While the legend and the caption provide the needed context, the multiple data points and lines can be a little confusing to interpret at first glance.  ",The chart uses different symbols and color to represent various ranges The chart uses different symbols color to represent various ranges While the legend lines can be a little confusing to interpret at first glance,"While the legend and the caption provide the needed context, the multiple data points and lines can be a little confusing to interpret at first glance the caption provide the needed context, the multiple data points",,_u_res1
316,604,2,Detailed caption but hard to compare the categories,hard to compare the categories,Detailed caption but hard to compare the categories Detailed caption,,_u_res1
325,846,2,"Complex bar chart under multiple scenarios for the year of 2050. While the caption provides detailed information about the scenarios. But the chart itself is cluttered with multiple bars for each region and scenarios, making it difficult to grasp what is the main takeaway. The overlapping data and use of different colors add more to the confusion. ","Complex bar chart under multiple scenarios for the year of 2050. But the chart itself is cluttered with multiple bars for each region and scenarios, making it difficult to grasp what is the main takeaway. The overlapping data and use of different colors add more to the confusion. ",While the caption provides detailed information about the scenarios,,_u_res1
334,1100,2,"The graph's resolution is low, the graph is blurry. There is no legend present, explaining the different colors and what do they mean. The caption is detailed which helps in understanding the graph's context. ","The graph's resolution is low, the graph is blurry There is no legend present, explaining the different colors what do they mean",The caption is detailed which helps in understanding the graph's context,,_u_res1
337,1112,2,Multiple lines and different colors make it hard to interpret the main takeaway. The detailed caption makes it a little easier to understand the potential economic growth over time.,Multiple lines different colors make it hard to interpret the main takeaway,The detailed caption makes it a little easier to understand the potential economic growth over time,,_u_res1
340,1153,2,The caption does not summarize the main trend of the graph and overlapping lines with the different data sets makes it hard to follow the trends.,overlapping lines with the different data sets makes it hard to follow the trends,The caption does not summarize the main trend of the graph,,_u_res1
343,1206,2,"The chart includes multiple categories with detailed visual elements, overlapping data points, and addition symbols like red diamonds, all of which make it hard to interpret. despite the detailed caption, the overall presentation requires significant effort to comprehend the main takeaways. ","The chart includes multiple categories with detailed visual elements, overlapping data points, addition symbols like red diamonds, all of which make it hard to interpret","despite the detailed caption, the overall presentation requires significant effort to comprehend the main takeaways",,_u_res1
346,1400,2,The chart includes comparisons between pink and blue countries across different time periods. The comparison between the different scenarios takes careful interpretation to understand the main takeaways. Multiple elements and detailed context makes it somewhat confusing.,The chart includes comparisons between pink blue countries across different time periods The comparison between the different scenarios takes careful interpretation to understand the main takeaways Multiple elements makes it somewhat confusing,detailed context makes it somewhat confusing,,_u_res1
349,1510,2,"The visualization includes multiple categories such as causes, consequences, and costs separated into 3 sections for developing, developed, and global totals. Each section includes graphs for sub-categories for dryland loss, wetland loss, etc. The caption provides little information about the main takeaway. While the visualization effectively conveys the potential impacts, the multiple elements and details to focus on make it somewhat confusing. ","The visualization includes multiple categories such as causes, consequences, costs separated into 3 sections for developing, developed, global totals Each section includes graphs for sub-categories for dryland loss, wetland loss, etc While the visualization effectively conveys the potential impacts, the multiple elements details to focus on make it somewhat confusing",The caption provides little information about the main takeaway,,_u_res1
352,1615,2,"The chart has 1 main panel with 4 additional panels. This adds complexity. The caption provides context about the factors and contributions which is informative. But, making the comparisons between the different factors makes it difficult to interpret. ","The chart has 1 main panel with 4 additional panels This adds complexity contributions which is informative But, making the comparisons between the different factors makes it difficult to interpret",The caption provides context about the factors,,_u_res1
355,1633,2,"The visualization has multiple panels, making it difficult to focus on one panel. The different changes are shown and each panel uses different colors but since there are too many of the little panels, it becomes hard to make any observations. The caption is very detailed about the visualization, but it is too long it read, although it summarizes the main trend. I have to zoom in to see the dashed lines and the solid lines to make any interpretation.","The visualization has multiple panels, making it difficult to focus on one panel The different changes are shown each panel uses different colors since there are too many of the little panels, it becomes hard to make any observations , although it summarizes the main trend I have to zoom in to see the dashed lines the solid lines to make any interpretation","The caption is very detailed about the visualization, it is too long it read",,_u_res1
358,1659,2,"The visualization includes 4 panels showing different precipitations for different countries. The use of multiple panels adds to the complexity. Furthermore, the caption is very detailed about the context and while it is informative, the detailed context is hard to interpret. The chart shows different ratios for each panel, and it takes time and careful interpretation to understand the difference between the models. ","The visualization includes 4 panels showing different precipitations for different countries The use of multiple panels adds to the complexity The chart shows different ratios for each panel, it takes time careful interpretation to understand the difference between the models","Furthermore, the caption is very detailed about the context while it is informative, the detailed context is hard to interpret",,_u_res1
361,1748,2,Multiple panels make it hard analyze the full context of these graphs. The caption is detailed but it takes time to analyze.,Multiple panels make it hard analyze the full context of these graphs,The caption is detailed,,_u_res1
364,1750,2,"This visualization includes multiple 3D bar graphs with the use of multiple components adds complexity. The caption provides extensive context about the experiments and scenarios, which is informative but also adds to the overall complexity.","This visualization includes multiple 3D bar graphs with the use of multiple components adds complexity scenarios, which is informative also adds to the overall complexity",The caption provides extensive context about the experiments,,_u_res1
367,1802,2,The terminology and detailed context adds to the complexity. The scatterplot involves technical terms which require previous knowledge to fully understand.,The scatterplot involves technical terms which require background knowledge to fully understand,detailed context adds to the complexity,,_u_res1
370,1838,2,"The caption provides a detailed description of the each panel, but it can be hard to compare each panel and compare data. The complexity in the last panel makes it somewhat confusing. ",it can be hard to compare each panel compare data The complexity in the last panel makes it somewhat confusing,"The caption provides a detailed description of the each panel,",,_u_res1
376,2050,2,"Different colors and symbols are used for different purposes, but it can be confusing to understand what they mean. The chart includes many panels which adds to the complexity and makes it harder to get an overall main takeaway of the date. The caption doesn't summarize the main trend. ","Different colors symbols are used for different purposes, it can be confusing to understand what they mean The chart includes many panels which adds to the complexity makes it harder to get an overall main takeaway of the date",The caption doesn't summarize the main trend,,_u_res1
379,2105,2,"The chart shows a comparison between the historical observations, present simulations, and future climate projects. however, the multiple components, and the lines on b,c,and d make it hard to interpret which makes it somewhat confusing. Although the caption explains what the lines mean it is still hard to get an overall picture of the main trend. ","The chart shows a comparison between the historical observations, present simulations, future climate projects however, the multiple components, the lines on b,c,and d make it hard to interpret which makes it somewhat confusing",Although the caption explains what the lines mean it is still hard to get an overall picture of the main trend,,_u_res1
382,2125,2,"The caption is complex and takes time to interpret Th charts use different colors and liens to show the historical and project changes. The clear axes and legends somewhat help in understanding. However, just looking at the chart won't help in the interpretation. The bar on the right side is also hard to see and see the ranges. ","The charts use different colors lines to show the historical project changes The clear axes legends somewhat help in understanding However, just looking at the chart won't help in the interpretation The bar on the right side is also hard to see see the ranges",The caption is complex takes time to interpret,,_u_res1
385,2254,2,"The chart has labels that are heard to read. There is no legend present in the chart. The caption is too long, and it takes time to interpret the main findings. ",The chart has labels that are hard to read. There is no legend present in the chart.,The caption is too long and  it takes time to interpret the main findings.,,_u_res1
388,2262,2,"The caption provided gives detailed context about the data sources, but it is hard to find a main key takeaway without spending some time understanding what each line style/colors mean. ",it is hard to find a main key takeaway without spending some time understanding what each line style/colors mean,"The caption provided gives detailed context about the data sources,",,_u_res1
391,2276,2,The chart uses different scales to represent the different datasets which makes it somewhat confusing to interpret the data. The caption also does not summarize the main trend.,The chart uses different scales to represent the different datasets which makes it somewhat confusing to interpret the data,The caption also does not summarize the main trend,,_u_res1
394,2300,2,"The 3 panels show different results, it hard to compare them. The caption does a good job of explaining what the trends are, but the detailed context adds complexity.  Furthermore, the chart includes grey region that the lines go into which also makes it somewhat confusing. ","The 3 panels show different results, it hard to compare them Furthermore, the chart includes grey region that the lines go into which also makes it somewhat confusing","The caption does a good job of explaining what the trends are, the detailed context adds complexity",,_u_res1
400,2152,2,The use of multiple components adds to the complexity of interpretation. The use of technical terms makes it somewhat confusing. The caption provides thorough context but the details add more complexity.,The use of multiple components adds to the complexity of interpretation.,The use of technical terms makes it somewhat confusing. The caption provides thorough context but the details add more complexity.,,_u_res1
403,2194,2,The use of error bars and different symbols help in understanding the data but it is also difficult to see the error bars for (a). The detailed information can be too much for some viewers.,The use of error bars different symbols help in understanding the data it is also difficult to see the error bars for (a),The detailed information can be too much for some viewers,,_u_res1
406,2215,2,"The visualization includes 2 panels, the use of multiple components in each panels makes it somewhat challenging to quickly grasp the main trends. the caption provides detailed context about the dat. While it is informative, it also adds complexity. ","The visualization includes 2 panels, the use of multiple components in each panels makes it somewhat challenging to quickly grasp the main trends ","the caption provides detailed context about the data. While it is informative, it also adds complexity",,_u_res1
412,909,1,"Caption is too long, multiple bars and categories make it confusing to understand what the main takeaways are.  Although, the chart is labeled the layout is dense. ","multiple bars and categories make it confusing to understand what the main takeaways are Although, the chart is labeled the layout is dense",Caption is too long,,_u_res1
421,1087,1,"While the caption explains the context, the graph itself is very complex with multiple overlapping lines representing different time periods. The error bars also makes it more difficult to grasp the main takeaway.",The graph itself is very complex with multiple overlapping lines representing different time periods. The error bars also makes it more difficult to grasp the main takeaway,While the caption explains the context,,_u_res1
424,1146,1,"This visualization consists of 6 bar graphs, broken down into different regions and aerosols. The caption is detailed however the overall layout is cluttered with many bars, colors codes and error bars. The dense information make it difficult to quickly understand takeaway. ","This visualization consists of 6 bar graphs, broken down into different regions aerosols error bars. However the overall layout is cluttered with many bars, colors codes and error bars. The dense information make it difficult to quickly understand takeaway",The caption is detailed,,_u_res1
430,1178,1,"While the caption provides detailed context, the graph has too many lines that overlap which makes it difficult to graph the main trends. ",the graph has too many lines that overlap which makes it difficult to graph the main trends,While the caption provides detailed context,,_u_res1
433,1192,1,"While the caption provides details context, the graph includes multiple lines and double axes and complex data sources make it very confusing. ",the graph includes multiple lines and double axes and complex data sources make it very confusing,While the caption provides details context,,_u_res1
436,1205,1,"The chart includes multiple overlapping lines representing different regions and uses both double x-axis and y-axis scales, adding to the complexity. The 4 charts make it hard to understanding the main trends. While the caption provides detailed context about the different location and data sources, but the overall layout makes it very confusing to interpret the main takeaway.","The chart includes multiple overlapping lines representing different regions uses both double x-axis y-axis scales, adding to the complexity The 4 charts make it hard to understanding the main trends data sources, the overall layout makes it very confusing to interpret the main takeaway",While the caption provides detailed context about the different location,,_u_res1
439,1232,1,"There are 4 different panels with different scenarios and models, which adds complexity. Each panel contains multiple lines representing different models and further makes it complex. While the caption provides context, it is too long to read. ","There are 4 different panels with different scenarios models, which adds complexity. Each panel contains multiple lines representing different models further makes it complex","While the caption provides context, it is too long to read",,_u_res1
445,1294,1,"The caption is too long, and the graph has multiple elements that represent with vertical bars with various colors lines and symbols, making it hard to read. The caption is too detailed, but it takes time to interpret the information. Furthermore, the compares multiple models which requires careful interpretation. ","the graph has multiple elements that represent with vertical bars with various colors lines symbols, making it hard to read it takes time to interpret the information Furthermore, the compares multiple models which requires careful interpretation","The caption is too long, The caption is too detailed,",,_u_res1
454,1751,1,There are different colored triangles shown in one of the graphs is confusing. Making a comparison between the two graphs is confusing.  Multiple elements and detailed context make it confusing to understand.,There are different colored triangles shown in one of the graphs is confusing Making a comparison between the two graphs is confusing Multiple elements,detailed context make it confusing to understand,,_u_res1
460,1946,1,"There are multiple lines that overlap, and there are variations of lines (dashed, dotted, straight) which is difficult to see. The caption is long and although it is informative, it can be confusing to understand. Trying to get a main takeaway can be hard. ","There are multiple lines that overlap, there are variations of lines (dashed, dotted, straight) which is difficult to see  Trying to get a main takeaway can be hard","The caption is long and although it is informative, it can be confusing to understand",,_u_res1
463,1953,1,"The various data points for different models and the alternate observational datasets adds to the complexity of chart. While the caption is concise and informative, understanding the data points and different variables can be overwhelming. ",The various data points for different models the alternate observational datasets adds to the complexity of chart,"While the caption is concise and informative, understanding the data points and different variables can be overwhelming. ",,_u_res1
478,2074,2,"multiple panels would have made it easier to read the chart, stacking charts with different labels for y-axis makes it difficult to read. Individual components of the chart are easy to read. A lot of information is encoded in the chart making it overwhelming to look at. Caption does not give the necessary context. Takeaway message is not clearly mentioned in the caption.","multiple panels would have made it easier to read the chart, stacking charts with different labels for y-axis makes it difficult to read Individual components of the chart are easy to read A lot of information is encoded in the chart making it overwhelming to look at",Caption does not give the necessary context Takeaway message is not clearly mentioned in the caption,,_u_res1
481,2103,2,"chart shows different attributes in a shared y-axis. Chart would be easire to read if it was divided into multiple panels. Legend required to understand chart components in not available in the chart. Use of dual axis makes it more confusing to read the charts. The caption does not clarify what chart components represent. Caption does not clearly state the takeaway message, does not expalin the observed pattern. definition of shaded region in the caption helps understand the chart but does not give a clear idea of the intent.",chart shows different attributes in a shared y-axis Chart would be easire to read if it was divided into multiple panels Legend required to understand chart components in not available in the chart Use of dual axis makes it more confusing to read the charts does not give a clear idea of the intent,"Caption does not clearly state the takeaway message, does not expalin the observed pattern The caption does not clarify what chart components represent definition of shaded region in the caption helps understand the chart",,_u_res1
484,2138,2,Caption mentions source of the but is not a valuable information. Use of different encoding techniques to represent data in the chart makes it difficult to understand what each point shows.,Use of different encoding techniques to represent data in the chart makes it difficult to understand what each point shows,Caption mentions source of the is not a valuable information,,_u_res1
485,2138,2,Caption mentions source of the but is not a valuable information. Use of different encoding techniques to represent data in the chart makes it difficult to understand what each point shows.,Use of different encoding techniques to represent data in the chart makes it difficult to understand what each point shows.,Caption mentions source of the but is not a valuable information.,,_u_res1
487,2141,3,"clutter in the chart is overwhelming. Shared axis show use the same scale and unit making it easy to read the chart. since color and spatial regions are used to encode an attribute, it is easy to read the chart even if a legend for color usage is not provided. Caption clearly states the takeaway message and summarizes the observed patterns in the graph making it highly interpretable.","clutter in the chart is overwhelming Shared axis show use the same scale unit making it easy to read the chart since color spatial regions are used to encode an attribute, it is easy to read the chart even if a legend for color usage is not provided ",Caption clearly states the takeaway message and summarizes the observed patterns in the graph making it highly interpretable,,_u_res1
493,2354,4,Caption clearly concludes the takeaway message. The clutter in the chart is ovewhelming.,The clutter in the chart is ovewhelming,Caption clearly concludes the takeaway message,,_u_res1
494,2354,4,Caption clearly concludes the takeaway message. The clutter in the chart is ovewhelming.,The clutter in the chart is ovewhelming,Caption clearly concludes the takeaway message,,_u_res1
496,2251,1,Caption provides important information but chart legend is repeated in the caption which is distracting. Restructuring the chart to highlight takeway message would make it easier to interpret. Trend is easy to read in the chart but multiple axes with different ticks makes the observed trend unreliable.,Restructuring the chart to highlight takeway message would make it easier to interpret Trend is easy to read in the chart multiple axes with different ticks makes the observed trend unreliable,Caption provides important information. chart legend is repeated in the caption which is distracting,chart legend is repeated in the caption which is distracting,_u_res1
497,2251,1,Caption provides important information but chart legend is repeated in the caption which is distracting. Restructuring the chart to highlight takeway message would make it easier to interpret. Trend is easy to read in the chart but multiple axes with different ticks makes the observed trend unreliable.,Restructuring the chart to highlight takeway message would make it easier to interpret. Trend is easy to read in the chart but multiple axes with different ticks makes the observed trend unreliable.,Caption provides important information but chart legend is repeated in the caption which is distracting.,,_u_res1
499,149,1,legend for colors used in the chart are not defined. Axes used in the chart are nod labeled. The chart is annotated but the context required to understand the annotations are not given in the caption. Difficult to connect caption to the chart.,legend for colors used in the chart are not defined Axes used in the chart are nod labeled The chart is annotated,"the context required to understand the annotations are not given in the caption, Difficult to connect caption to the chart",,_u_res1
502,152,1,chart is exteremely cluttered and lack proper labels. Goal of the visualization is unclear and is not mentioned in the caption. The caption also does not summarize the takeaway message. Caption does not provide context necessary to understand the chart.,chart is exteremely cluttered lack proper labels Goal of the visualization is unclear,is not mentioned in the caption The caption also does not summarize the takeaway message Caption does not provide context necessary to understand the chart,,_u_res1
503,152,1,chart is exteremely cluttered and lack proper labels. Goal of the visualization is unclear and is not mentioned in the caption. The caption also does not summarize the takeaway message. Caption does not provide context necessary to understand the chart.,chart is exteremely cluttered and lack proper labels. Goal of the visualization is unclear,Goal of visualization is not mentioned in the caption. The caption also does not summarize the takeaway message. Caption does not provide context necessary to understand the chart.,,_u_res1
509,196,4,Components of the chart are clearly labeled and well annotated. Caption summarizes the visualization. Caption expands on the visualization components.,Components of the chart are clearly labeled well annotated,Caption summarizes the visualization Caption expands on the visualization components,,_u_res1
511,290,4,caption is detailed and explains labels of the chart and data used to create the visualization. Caption guides in reading the chart which helps in getting the takeaway message. Use of grid in the 3D chart makes it easy to read. The chart has prominent patterns but takeaway message is not clear.,Use of grid in the 3D chart makes it easy to read The chart has prominent patterns takeaway message is not clear,caption is detailed and explains labels of the chart data used to create the visualization. Caption guides in reading the chart which helps in getting the takeaway message,,_u_res1
512,290,4,caption is detailed and explains labels of the chart and data used to create the visualization. Caption guides in reading the chart which helps in getting the takeaway message. Use of grid in the 3D chart makes it easy to read. The chart has prominent patterns but takeaway message is not clear.,Use of grid in the 3D chart makes it easy to read The chart has prominent patterns takeaway message is not clear,caption is detailed and explains labels of the chart and data used to create the visualization. Caption guides in reading the chart which helps in getting the takeaway message.,,_u_res1
517,765,2,Caption describe the chart and helps to grasp low level messages. Caption does not provide any context or takeaway message. Caption does not describe observed patterns. Chart does not include legend for encodings.,Chart does not include legend for encodings,Caption describe the chart and helps to grasp low level messages. Caption does not provide any context or takeaway message Caption does not describe observed patterns,Caption describe the chart,_u_res1
518,765,2,Caption describe the chart and helps to grasp low level messages. Caption does not provide any context or takeaway message. Caption does not describe observed patterns. Chart does not include legend for encodings.,Chart does not include legend for encodings.,Caption describe the chart and helps to grasp low level messages. Caption does not provide any context or takeaway message. Caption does not describe observed patterns.,,_u_res1
520,859,3,The axes title are descriptive in the chartwhich helps in understanding the pattern and overall takeaway message. Caption does not add any value.,The axes title are descriptive in the chartwhich helps in understanding the pattern and overall takeaway message,Caption does not add any value,The axes title are descriptive in the chartwhich helps in understanding the pattern,_u_res1
523,882,4,"Caption summarizes the message shown in the chart however, domain knowledge is required to get a clear takeaway message. Chart is easy to read and low level message is easy to grasp",Chart is easy to read low level message is easy to grasp,"Caption summarizes the message shown in the chart however, domain knowledge is required to get a clear takeaway message",,_u_res1
526,547,3,title of subplots in the visualization are included in the caption. Chart does not have legend of the colors used. caption does not provide sufficient context of the chart.,Chart does not have legend of the colors used,"title of subplots in the visualization are included in the caption, caption does not provide sufficient context of the chart",,_u_res1
532,413,2,caption only describes the chart. chart does not include legend for colors used. Low level message is easy to grasp from the chart. Key takeaway of the visualization is not mentioned in the caption.,chart does not include legend for colors used Low level message is easy to grasp from the chart,caption only describes the chart Key takeaway of the visualization is not mentioned in the caption,,_u_res1
533,413,2,caption only describes the chart. chart does not include legend for colors used. Low level message is easy to grasp from the chart. Key takeaway of the visualization is not mentioned in the caption.,chart does not include legend for colors used Low level message is easy to grasp from the chart,caption only describes the chart. Key takeaway of the visualization is not mentioned in the caption.,,_u_res1
535,442,2,Marks in the chart overlap causing visual clutter. Abberviations used in the chart are unclear. Caption does not describe the visualization. Cption does not prodive context of the data. Multiple plots are placed close to each other in the chart. legend for multiple symbols used in the chart are not given.,Marks in the chart overlap causing visual clutter Abberviations used in the chart are unclear Multiple plots are placed close to each other in the chart legend for multiple symbols used in the chart are not given,Caption does not describe the visualization. Caption does not prodive context of the data,Caption does not describe the visualization,_u_res1
538,2018,4,"the chart has difficult to see axes labels but trend show easy takeaway. Chart does not have legend for colors used. Multiple graphs used but relation between them is not clear. 
Caption has data source which isn’t important. Caption describes trend which adds to length which is distracting. Caption provides context but doesn’t have enough information. Caption does not indicate the takeaway message.",the chart has difficult to see axes labels trend show easy takeaway Chart does not have legend for colors used Multiple graphs used relation between them is not clear,Caption has data source which isn’t important Caption describes trend which adds to length which is distracting Caption provides context but doesn’t have enough information. Caption does not indicate the takeaway message,,_u_res1
541,2025,2,"multiple graphs in one view are difficult to read. Visual clutter makes it difficult to read the chart. The visualization is complex and difficult to understand.
Caption describes chart components. Caption does not describe the trend or takeaway is needed. Caption has reference to the context but inline summary of context would be useful.",multiple graphs in one view are difficult to read Visual clutter makes it difficult to read the chart The visualization is complex difficult to understand,Caption does not describe the trend or takeaway is needed Caption has reference to the context. Caption describes chart components inline summary of context would be useful,,_u_res1
544,2060,4,Caption describes the visualization. Caption does not explain the trend. Lack of domain knowledge makes it difficult to read the chart. Key takeaway is not clear looking at both. Shared x-axis in the chart helps to compare the different data attributes plotted in the chart.,Lack of domain knowledge makes it difficult to read the chart Key takeaway is not clear looking at both Shared x-axis in the chart helps to compare the different data attributes plotted in the chart,Caption describes the visualization. Caption does not explain the trend,,_u_res1
547,2064,2,The chart is cluttered. Details about the source of the data in the caption is distracting. Caption defines the components used in the visualization. Caption does not mention the key takeaway and or summarize the trend. Caption is difficult to understand. Some claims made in the caption cannot be observed in the chart.,The chart is cluttered or summarize the trend,Details about the source of the data in the caption is distracting Caption does not mention the key takeaway Caption is difficult to understand. Caption defines the components used in the visualization Some claims made in the caption cannot be observed in the chart,,_u_res1
548,2064,2,The chart is cluttered. Details about the source of the data in the caption is distracting. Caption defines the components used in the visualization. Caption does not mention the key takeaway and or summarize the trend. Caption is difficult to understand. Some claims made in the caption cannot be observed in the chart.,The chart is cluttered,Details about the source of the data in the caption is distracting. Caption defines the components used in the visualization. Caption does not mention the key takeaway and or summarize the trend. Caption is difficult to understand. Some claims made in the caption cannot be observed in the chart.,,_u_res1
550,2117,3,Caption contains context required to understand the visualization. Caption explain the chart well. Caption does not mention the key takeaway message. Use of 3D visualization in the chart makes it difficult to extract values in the z-axis. The chart gives an idea of the key takeaway message.,Use of 3D visualization in the chart makes it difficult to extract values in the z-axis The chart gives an idea of the key takeaway message,Caption contains context required to understand the visualization Caption explain the chart well Caption does not mention the key takeaway message,,_u_res1
553,2163,4,Caption describes the labels and patterns observed which is useful. The chart is extremely cluttered making it difficult to grasp the key takeaway message. A pattern can be observed in the chart but the intended message is not clear.,The chart is extremely cluttered making it difficult to grasp the key takeaway message A pattern can be observed in the chart the intended message is not clear,Caption describes the labels and patterns observed which is useful,,_u_res1
554,2163,4,Caption describes the labels and patterns observed which is useful. The chart is extremely cluttered making it difficult to grasp the key takeaway message. A pattern can be observed in the chart but the intended message is not clear.,The chart is extremely cluttered making it difficult to grasp the key takeaway message. A pattern can be observed in the chart but the intended message is not clear.,Caption describes the labels and patterns observed which is useful.,,_u_res1
556,2253,4,Chart uses different shapes to encode categorical information which is difficult to read. Caption gives context required to read the visualization. Caption does not clearly state the takeaway message. The goal of the visualization is clear using both.,Chart uses different shapes to encode categorical information which is difficult to read The goal of the visualization is clear using both,Caption gives context required to read the visualization Caption does not clearly state the takeaway message,,_u_res1
557,2253,4,Chart uses different shapes to encode categorical information which is difficult to read. Caption gives context required to read the visualization. Caption does not clearly state the takeaway message. The goal of the visualization is clear using both.,Chart uses different shapes to encode categorical information which is difficult to read,Caption gives context required to read the visualization Caption does not clearly state the takeaway message,The goal of the visualization is clear using both.,_u_res1
559,2293,4,Collective trend and outliers are easy to detect in the chart making the overall message clear. The caption summarizes the visualization. Caption includes references to the data source which is not helpful.,Collective trend outliers are easy to detect in the chart making the overall message clear,Caption includes references to the data source which is not helpful. The caption summarizes the visualization,,_u_res1
562,2364,2,Caption is wordy and uses a lot os domain specific technical terms and references. Caption does not explain the abberviations used in the chart. Use of abberviations in the chart makes it difficult to understand. Caption does not contain useful message. Lack of domain knowledge makes it difficult to understand the goal of the visualization.,Use of abberviations in the chart makes it difficult to understand Lack of domain knowledge makes it difficult to understand the goal of the visualization,Caption is wordy and uses a lot os domain specific technical terms references. Caption does not explain the abberviations used in the chart Caption does not contain useful message,,_u_res1
565,869,3,Low level understanding is easy to grasp as the graph uses shared color encoding across multiple panels. . The caption contains domain knowledge required to understand the graph which causes lengthy caption but does not clearly state a takeaway message.,Low level understanding is easy to grasp as the graph uses shared color encoding across multiple panels,The caption contains domain knowledge required to understand the graph which causes lengthy caption but does not clearly state a takeaway message,,_u_res1
566,869,3,Low level understanding is easy to grasp as the graph uses shared color encoding across multiple panels. . The caption contains domain knowledge required to understand the graph which causes lengthy caption but does not clearly state a takeaway message.,Low level understanding is easy to grasp as the graph uses shared color encoding across multiple panels.,The caption contains domain knowledge required to understand the graph which causes lengthy caption but does not clearly state a takeaway message.,,_u_res1
568,1214,4,The graph alone is sufficient to get an overall message. Use of color encoding along z-axis of the 3D chart aids in identification task. Use of multiple charts in a single panel requires remembering a lot of information while reading all the chart to get the over all message. the caption provides claims that are evident in the chart which is helpful in understanding the takeaway message.,The graph alone is sufficient to get an overall message Use of color encoding along z-axis of the 3D chart aids in identification task Use of multiple charts in a single panel requires remembering a lot of information reading all the chart to get the over all message,the caption provides claims that are evident in the chart which is helpful in understanding the takeaway message,,_u_res1
569,1214,4,The graph alone is sufficient to get an overall message. Use of color encoding along z-axis of the 3D chart aids in identification task. Use of multiple charts in a single panel requires remembering a lot of information while reading all the chart to get the over all message. the caption provides claims that are evident in the chart which is helpful in understanding the takeaway message.,The graph alone is sufficient to get an overall message. Use of color encoding along z-axis of the 3D chart aids in identification task. Use of multiple charts in a single panel requires remembering a lot of information while reading all the chart to get the over all message.,the caption provides claims that are evident in the chart which is helpful in understanding the takeaway message.,,_u_res1
571,1225,1,The labels in the graph have low resolution which makes it difficult to understand the pattern visible in the graph. The caption does not provide information required to understand the visible patterns. Caption provides context of the graph through data description but does not help in understanding the overall take away message.,The labels in the graph have low resolution which makes it difficult to understand the pattern visible in the graph,The caption does not provide information required to understand the visible patterns Caption provides context of the graph through data description but does not help in understanding the overall take away message,,_u_res1
572,1225,1,The labels in the graph have low resolution which makes it difficult to understand the pattern visible in the graph. The caption does not provide information required to understand the visible patterns. Caption provides context of the graph through data description but does not help in understanding the overall take away message.,The labels in the graph have low resolution which makes it difficult to understand the pattern visible in the graph.,The caption does not provide information required to understand the visible patterns. Caption provides context of the graph through data description but does not help in understanding the overall take away message.,,_u_res1
574,1465,4,Simple representation of the graph makes it easy to perform low level information extraction. The graph does not label the color legend used making it difficult to get a clear takeaway message. The caption clearly mentions the visualization task and describes the labels used in the graph. The caption does not state the takeaway message.,Simple representation of the graph makes it easy to perform low level information extraction The graph does not label the color legend used making it difficult to get a clear takeaway message,The caption clearly mentions the visualization task but describes the labels used in the graph. The caption does not state the takeaway message,The caption clearly mentions the visualization task,_u_res1
575,1465,4,Simple representation of the graph makes it easy to perform low level information extraction. The graph does not label the color legend used making it difficult to get a clear takeaway message. The caption clearly mentions the visualization task and describes the labels used in the graph. The caption does not state the takeaway message.,Simple representation of the graph makes it easy to perform low level information extraction The graph does not label the color legend used making it difficult to get a clear takeaway message,The caption clearly mentions the visualization task and describes the labels used in the graph. The caption does not state the takeaway message.,,_u_res1
577,1503,4,Caption provides domain knowledge by explaining the meaning of axes labels. The length of the caption creates confusion. The takeaway message is clear after looking at both the chart and the caption,The takeaway message is clear after looking at both the chart,Caption provides domain knowledge by explaining the meaning of axes labels. The length of the caption creates confusion the caption,,_u_res1
580,1581,3,caption contains information missing in the graph and also provides information about how the data was processed. Caption does not clearly mention the key takeaway message. the overall takeaway message is clear from the chart. the use of intuitive color scale for temperature in the chart is helpful.,the overall takeaway message is clear from the chart the use of intuitive color scale for temperature in the chart is helpful,caption contains information missing in the graph and also provides information about how the data was processed. Caption does not clearly mention the key takeaway message,caption contains information missing in the graph,_u_res1
581,1581,3,caption contains information missing in the graph and also provides information about how the data was processed. Caption does not clearly mention the key takeaway message. the overall takeaway message is clear from the chart. the use of intuitive color scale for temperature in the chart is helpful.,the overall takeaway message is clear from the chart. the use of intuitive color scale for temperature in the chart is helpful.,caption contains information missing in the graph and also provides information about how the data was processed. Caption does not clearly mention the key takeaway message.,,_u_res1
583,1917,2,Use of multiple panels in the graph is confusing. Use of shapes to encode categorical values in the graph is confusing. The chart does not containg legend for colors used. Caption explains the methodology but not bserved patterns of takeaway message. Context must be present in the cantion to understand the visualization.,Use of multiple panels in the graph is confusing Use of shapes to encode categorical values in the graph is confusing The chart does not containg legend for colors used,Caption explains the methodology but not observed patterns of takeaway message. Context must be present in the caption to understand the visualization,,_u_res1
586,2211,2,The caption is not valuable as it only explains the data and methodology. Caption is lengthy without a clear takeaway message. Chart organization is confusing.,Chart organization is confusing,The caption is not valuable as it only explains the data and methodology. Caption is lengthy without a clear takeaway message,,_u_res1
587,2211,2,The caption is not valuable as it only explains the data and methodology. Caption is lengthy without a clear takeaway message. Chart organization is confusing.,Chart organization is confusing.,The caption is not valuable as it only explains the data and methodology. Caption is lengthy without a clear takeaway message.,,_u_res1
589,2028,3,Chart doesnot contain labels for different mark types used. Chart uses dual axis making difficult to interpret the takeaway message. Caption describes the marks used in the chart. Caption explains the relationship between the two axes in the dual axis. shared axis makes it easy to compart across charts.,Chart doesnot contain labels for different mark types used Chart uses dual axis making difficult to interpret the takeaway message shared axis makes it easy to compart across charts,Caption describes the marks used in the chart Caption explains the relationship between the two axes in the dual axis,,_u_res1
592,1845,4,caption explains statistics of the data shown in the chart which helps in reading the chart. the caption describes the chart and included labels required to understand the chart. The caption does not contain information that helps in understanding the takeaway message. The chart does not contain labels for marks used.,The chart does not contain labels for marks used,caption explains statistics of the data shown in the chart which helps in reading the chart the caption describes the chart and included labels required to understand the chart . The caption does not contain information that helps in understanding the takeaway message,,_u_res1
593,1845,4,caption explains statistics of the data shown in the chart which helps in reading the chart. the caption describes the chart and included labels required to understand the chart. The caption does not contain information that helps in understanding the takeaway message. The chart does not contain labels for marks used.,The chart does not contain labels for marks used.,caption explains statistics of the data shown in the chart which helps in reading the chart. the caption describes the chart and included labels required to understand the chart. The caption does not contain information that helps in understanding the takeaway message.,,_u_res1
595,1949,2,"Caption describes the data used for creating the chart and also includes references to the source of data, which is not helpful in understanding the intended message. Caption does not explain the patterns visible in the chart. Annotations used in the chart are not understandable. Patterns visible in the chart are prominent and easy to read but the message shown by those patterns are unclear. Multiple charts used in the visualization are easy to comprehend because they are related.",Annotations used in the chart are not understandable Patterns visible in the chart are prominent easy to read the message shown by those patterns are unclear Multiple charts used in the visualization are easy to comprehend because they are related,"Caption describes the data used for creating the chart and also includes references to the source of data, which is not helpful in understanding the intended message. Caption does not explain the patterns visible in the chart",Caption describes the data used for creating the chart,_u_res1
596,1949,2,"Caption describes the data used for creating the chart and also includes references to the source of data, which is not helpful in understanding the intended message. Caption does not explain the patterns visible in the chart. Annotations used in the chart are not understandable. Patterns visible in the chart are prominent and easy to read but the message shown by those patterns are unclear. Multiple charts used in the visualization are easy to comprehend because they are related.",Annotations used in the chart are not understandable. Patterns visible in the chart are prominent and easy to read but the message shown by those patterns are unclear. Multiple charts used in the visualization are easy to comprehend because they are related.,"Caption describes the data used for creating the chart and also includes references to the source of data, which is not helpful in understanding the intended message. Caption does not explain the patterns visible in the chart. ",,_u_res1
598,1749,4,Chart is cluttered. chart has clear description of components used. color used in one of the subplots is not clearly visible. Caption further explains the components of the chart. Caption summarizes two of the subpolts and gives detailed explanation of one. Caption has a lot of information. Caption does not mention the takeaway message.,Chart is cluttered. chart has clear description of components used. color used in one of the subplots is not clearly visible.,Caption further explains the components of the chart. Caption summarizes two of the subpolts and gives detailed explanation of one. Caption has a lot of information. Caption does not mention the takeaway message.,,_u_res1
599,1749,4,Chart is cluttered. chart has clear description of components used. color used in one of the subplots is not clearly visible. Caption further explains the components of the chart. Caption summarizes two of the subpolts and gives detailed explanation of one. Caption has a lot of information. Caption does not mention the takeaway message.,Chart is cluttered. chart has clear description of components used. color used in one of the subplots is not clearly visible.,Caption further explains the components of the chart. Caption summarizes two of the subpolts and gives detailed explanation of one. Caption has a lot of information. Caption does not mention the takeaway message.,,_u_res1
3,139,2,"The caption is detailed and provides important context, but it is dense and does not clearly summarize the main takeaway",chart is dense,"The caption is detailed and provides important context, does not clearly summarize the main takeaway",,_res2
6,148,3,"Chart is dense, uses technical terms, and the caption is long and complex without clear summary of the main takeaway. It makes it difficult to grasp the key message.","Chart is dense, uses technical terms",the caption is long and complex without clear summary of the main takeaway. It makes it difficult to grasp the key message.,,_res2
9,203,3,It uses good color coding to show the percentage of crop yield projections across different ranges. The caption provides a lot of context but not summarizing the main takeaway or highlighting the important parts.,It uses good color coding to show the percentage of crop yield projections across different ranges,The caption provides a lot of context but not summarizing the main takeaway or highlighting the important parts.,,_res2
15,2360,4,"The visualization is clear, but the caption does not fully summarize the main trend, while the caption is informative it does not have a clear takeaway","The visualization is clear,","the caption does not fully summarize the main trend, the caption is informative it does not have a clear takeaway",,_res2
18,324,1,"Chart a and c tells the same information, not sure why they are represented twice. Caption does not seem to be helping here to understand.","Chart a and c tells the same information, not sure why they are represented twice",Caption does not seem to be helping here to understand,,_res2
21,332,1,"Why both charts are similar, what is the comparison between them. And the caption does not clearly summarize the chart","Why both charts are similar, what is the comparison between them",the caption does not clearly summarize the chart,,_res2
27,339,4,"Chart itself is sufficient to interpret it, and caption does not add any value in explaining the trend or describing the chart","Chart itself is sufficient to interpret it,",caption does not add any value in explaining the trend or describing the chart,,_res2
30,436,2,"The chart and caption does not mention about the extra dots between the years, where caption specifies it as annual mean, but not clear",The chart does not mention about the extra dots between the years,"The chart and caption does not mention about the extra dots between the years, where caption specifies it as annual mean, but not clear",,_res2
33,497,3,"The chart and caption does not specify the trend, and only explain about the labels. No clear takeaway.","The chart does not show the trend clearly, and only explain about the labels. ","The caption does not specify the trend, and only explain about the labels.",No clear takeaway.,_res2
48,690,3,"Both chart and caption is useful to interpret the result, but it lacks mentionining some trends about the labels observed.",chart is useful to interpret the result,"caption is useful to interpret the result, but it lacks mentionining some trends about the labels observed.",,_res2
63,999,4,"Require both caption and chart to interpret the takeaway, the line is clearly not mentioned in the chart","chart to interpret the takeaway, the line is clearly not mentioned in the chart",Require both caption,,_res2
87,1711,3,The caption does not fully cover the main trend from the charts. but both charts and captions require some effort to get some message,both charts,captions require some effort to get some message,The caption does not fully cover the main trend from the charts,_res2
96,1779,4,"The visualization is clear, but caption does not fully capture the summary of the chart","The visualization is clear,",caption does not fully capture the summary of the chart,,_res2
99,1803,4,"The horizontal bar chart is clear with error bars. And the caption provides details about the terms and data, but does not fully give the main takeaway",The horizontal bar chart is clear with error bars,"the caption provides details about the terms and data, but does not fully give the main takeaway",,_res2
105,1839,4,"The axis are well labeled, and the use of colors make it more interpretable. Caption represent some details but not fully summarize the trend","The axis are well labeled, and the use of colors make it more interpretable. ",Caption represent some details but not fully summarize the trend,,_res2
108,1945,3,"The chart is interpretable, but the caption can be more informative and also express trends in the chart",The chart is interpretable,the caption can be more informative and also express trends in the chart,,_res2
111,2062,3,"Chart have many terms and abbreviations, even though caption does mention the terms it does not mention any takeaway message",Chart have many terms and abbreviations,caption does mention the terms it does not mention any takeaway message,,_res2
117,2124,3,"The chart have some trends, but not sure which trend to look at, and caption does not seem to provide a clear explanations","The chart have some trends, not sure which trend to look at,",caption does not seem to provide a clear explanations,,_res2
144,447,3,The labels are not clear and not represented in caption,The labels are not clear,The labels are not explained in caption,,_res2
150,492,4,"The chart and caption clearly explain the labels used, but caption is lost in translation",The chart clearly explains the labels,"caption clearly explain the labels used, caption is lost in translation",,_res2
159,643,3,Difficult to understand and caption do not summarize main trend.,Difficult to understand,caption do not summarize main trend,,_res2
165,736,4,"The chart and caption capture the trend, but the chart is little complex to understand","The chart capture the trend, but the chart is little complex to understand","caption capture the trend,",,_res2
168,828,3,No proper labeling is stated in chart and caption,No proper labeling is stated in chart,caption does not explain missing labels,,_res2
189,1428,1,"The caption does not have any information only references, and bars inside the chart is little confusing",bars inside the chart is little confusing,"The caption does not have any information only references,",,_res2
192,1453,3,"The chart and caption mentions about different lines, but no straight forward takeaway",The chart no straight forward takeaway,"caption mentions about different lines, but no straight forward takeaway",,_res2
195,1499,4,"The black lines are not fully mentioned in chart or caption, but could be infered as error lines",The black lines are not fully mentioned in chart but could be infered as error lines,"The black lines are not fully mentioned in caption, but could be infered as error lines",,_res2
207,1715,3,The chart contains multiple ranges which is confusing in the first glance. The caption does not clearly summarize the main trend,The chart contains multiple ranges which is confusing in the first glance,The caption does not clearly summarize the main trend,,_res2
228,1861,3,"The chart does seem to use some symbols like triangle, circle that are not fully explained within the visualization itself and require very large caption. The caption is lengthy but does not fully summarize the trend","The chart does seem to use some symbols like triangle, circle that are not fully explained within the visualization itself and require very large caption.",The caption is lengthy but does not fully summarize the trend,,_res2
231,1874,4,"The visualization is clear and allows for comparison, but the key message could be more directly stated in the caption","The visualization is clear allows for comparison,",the key message could be more directly stated in the caption,,_res2
243,1947,3,"There are many details in chart and also in the caption, but I did not find any clear takeaway",There are many details in chart I did not find any clear takeaway,There are many details in caption I did not find any clear takeaway,,_res2
246,1979,3,"The chart is easy to interpret, but caption does not contain any clear takeaway, it mentions some trends and relationships, but no clear summary","The chart is easy to interpret, ","caption does not contain any clear takeaway, it mentions some trends and relationships, but no clear summary",,_res2
249,2016,3,"The chart does not mention about the color scale used for world map, need to have some assumptions of the color scale for chart only. And caption does not seem to explain the chart clearly, and no clear takeaway is mentioned.","The chart does not mention about the color scale used for world map, need to have some assumptions of the color scale for chart only","And caption does not seem to explain the chart clearly, and no clear takeaway is mentioned.",,_res2
255,2054,4,"The caption does mention some trends, but the color scale in the chart is little bit confusing",the color scale in the chart is little bit confusing,"The caption does mention some trends,",,_res2
267,2356,4,"The chart is clear and allows for comparison, but key message could be mentioned in the caption","The chart is clear allows for comparison,",key message could be mentioned in the caption,,_res2
282,184,2,"There are many technical terms that are not fully explained in the caption. There are many labels and legend in the axis, and the means in note immediately clear. The caption does not summarize the main takeaway or important trends. ","There are many labels and legend in the axis, and the means in note immediately clear. ",There are many technical terms that are not fully explained in the caption. The caption does not summarize the main takeaway or important trends.,,_res2
288,297,2,"Both chart and caption tell about the labels used and how they are formed, but there is no mention what the intent for the chart is.","chart tell about the labels used, but there is no mention what the intent for the chart is.","caption tell about the labels used and how they are formed, but there is no mention what the intent for the chart is.",,_res2
303,1143,1,"There is no clear explanation about the comparison between the trend lines, and no takeaway can be taken both chart and caption","trend lines are visible, but no takeaway can be taken from chart","There is no clear explanation about the comparison between the trend lines, and no takeaway can be taken from caption",,_res2
312,213,2,"I can see the trend in the chart, but it is not straight forward to get the trend without proper context provided. Not clear on what the takeaway is. ",the trend in the chart is visible,it is not straight forward to get the trend without proper context provided,,_res2
348,1400,3,"The lines are clearly not mentioned in the caption and the chart, making it difficult to interpret the chart",Lines are not labeled,The lines are clearly not mentioned in the caption,,_res2
357,1633,4,"The visualization is complex, and caption is lengthy without clearly summarizing the main trend. The main takeaway could be more highlighted in the caption.","The visualization is complex,",caption is lengthy without clearly summarizing the main trend The main takeaway could be more highlighted in the caption,,_res2
360,1659,2,"The legend seems to be crowded, making it difficult to distinguish between the models, and overlapping datapoints add some visual clutter. Caption does not mention any key trend.","The legend seems to be crowded, making it difficult to distinguish between the models, overlapping datapoints add some visual clutter",Caption does not mention any key trend,,_res2
366,1750,2,"The 3D charts are making it difficult to compare values, and color encoding is not intuitive, and the caption does provide details about the terms but does not summarize the main takeaway.","The 3D charts are making it difficult to compare values, color encoding is not intuitive, does not summarize the main takeaway",the caption does provide details about the terms,,_res2
372,1838,3,"The charts are very dense, with overlapping lines, the caption is comprehensive but it does not clearly summarize the main takeaway","The charts are very dense, with overlapping lines, ",the caption is comprehensive but it does not clearly summarize the main takeaway,,_res2
390,2262,2,"There are many overlapping lines in the charts, which require a takeaway message but not mentioned in the caption",There are many overlapping lines in the charts,require a takeaway message not mentioned in the caption,,_res2
402,2152,3,The bottom chart is less interpretable and caption does not provide any clear takeaway message,The bottom chart is less interpretable,caption does not provide any clear takeaway message,,_res2
453,1576,2,Caption have too many citations lost while reading caption and also many visual elements present,many visual elements present,Caption have too many citations lost reading caption,,_res2
462,1946,3,"The chart is visually dense, with overlapping lines and there are many abbreviations. The caption is comprehensive and provides detailed methodology, but it is lengthy and does not summarize key takeaway","The chart is visually dense, with overlapping lines there are many abbreviations ","The caption is comprehensive and provides detailed methodology, but it is lengthy and does not summarize key takeaway",,_res2
465,1953,2,"The chart is visually cluttered, with overlapping points and numbers. The radial axis does require some more indepth understanding. And caption is lengthy and does not summarize takeaway","The chart is visually cluttered, with overlapping points numbers The radial axis does require some more indepth understanding ",caption is lengthy and does not summarize takeaway,,_res2
468,1963,3,The chart is visually dense and also there is some logarithamic axis which is getting covered by data points. Caption does not summarize takeaway clearly.,The chart is visually dense also there is some logarithamic axis which is getting covered by data points,Caption does not summarize takeaway clearly,,_res2
486,2138,3,There is no takeaway message mentioned in the caption or can be interpreted from the chart on which category is more suitable and stable.,low level interpretation can be made from the chart but takeaway message is unclear,caption does not mention clear takeaway message,,_res2
495,2354,3,"The caption does provide methodology, but does not explain the takeaway message. And also the chart is having many overlapping lines",chart is having many overlapping lines,"The caption does provide methodology, but does not explain the takeaway message.",,_res2
498,2251,3,"The are many charts with overlapping lines hard to track across many charts, and caption is lengthy and does not provide takeaway message","The are many charts with overlapping lines hard to track across many charts, ",caption is lengthy and does not provide takeaway message,,_res2
501,149,2,The slanted lines and clustering of points make it hard to follow trends or get clear takeaway. The caption provide some summary but does not summarize the main takeaway,The slanted lines clustering of points make it hard to follow trends or get clear takeaway,The caption provide some summary but does not summarize the main takeaway,,_res2
504,152,2,"The visualization contains many overlapping lines, making it difficult to identify trends. It is visually cluttered. Caption provides context and explains what is being compared, but it doesn't summarize the takeaway.","The visualization contains many overlapping lines, making it difficult to identify trends It is visually cluttered ","Caption provides context and explains what is being compared, it doesn't summarize the takeaway",,_res2
507,188,2,"There are many labels mentioned in the chart, and also shown inside the visualization, but it is confusing because the are no proper starting line or only a single point. Caption provides some context about the data sources and a note about an outlier, but there is no clear summary of main trends.","There are many labels mentioned in the chart, also shown inside the visualization, it is confusing because the are no proper starting line or only a single point ","Caption provides some context about the data sources and a note about an outlier, there is no clear summary of main trends",,_res2
510,196,4,"The bar chart clearly explains the change in trends using the color-coded segments and triangle to indicate total change. However, caption is dense and uses technical terms, which is making to read the caption again or taking more effort to read them. The takeaway requires some re-readings.",The bar chart clearly explains the change in trends using the color-coded segments triangle to indicate total change,"However, caption is dense uses technical terms, which is making to read the caption again or taking more effort to read them. The takeaway requires some re-readings",,_res2
516,650,2,The caption does not fully represent the chart and also little unclear about B2 scenarios.,also little unclear about B2 scenarios,The caption does not fully represent the chart,,_res2
531,292,1,The chart mentions some dots in the charts which is,"The chart mentions some dots in the charts which is not clearly explained in the caption,","not clearly explained in the caption, and no clear takeaway",,_res2
534,413,1,"Both caption and chart is not useful to interpret the trend and also labels are missing in chart, and caption does not provide a takeaway","chart is not useful to interpret the trend also labels are missing in chart,",caption is not useful to interpret the trend. caption does not provide a takeaway,,_res2
540,2018,3,"The caption explains about the trends hidden in brackets with just one wording, but not explaining the high level takeaway using all the charts. And also the labels are not clearly mentioned",And also the labels are not clearly mentioned,"The caption explains about the trends hidden in brackets with just one wording, but not explaining the high level takeaway using all the charts",,_res2
543,2025,2,"The chart seems to be cluttered, and also no clear trend mentioned in the caption. Caption contains explanation of terms used like box plot, and what lines are drawn for but no clear takeaway","The chart seems to be cluttered,","also no clear trend mentioned in the caption. Caption contains explanation of terms used like box plot, and  what lines are drawn for no clear takeaway","Caption contains explanation of terms used like box plot,",_res2
546,2060,3,Caption doesn't seem to mention about the comparison between the bars and also what to infer from the charts,also what to infer from the charts,Caption doesn't seem to mention about the comparison between the bars and also what to infer from the charts,,_res2
549,2064,4,Both caption and chart,chart are useful,caption are useful,,_res2
552,2117,1,"The chart is 3D which is difficult to get the exact comparison between the years, and caption mentions some terms and time-series chart, but no clear takeaway","The chart is 3D which is difficult to get the exact comparison between the years, ","caption mentions some terms and time-series chart, no clear takeaway",,_res2
555,2163,4,"Though there are too many labels mentioned in the chart, but the caption and chart represent a clear takeaway message.","Though there are too many labels mentioned in the chart, chart represent a clear takeaway message",the caption represent a clear takeaway message,,_res2
558,2253,3,"The chart is visually dense because of some similar labelling, and caption does not have summary","The chart is visually dense because of some similar labelling,",caption does not have summary,,_res2
576,1465,2,No trend is highlighted in chart or mentioned in the caption,No trend is highlighted in chart,No trend is mentioned in the caption,,_res2
579,1503,2,"The heatmap visualizes multiple elements using color gradients to indicate error magnitude. However, chart contains dense technical terms and abbreviations that are not fully explained in caption. The color scale is also not common practice",The heatmap visualizes multiple elements using color gradients to indicate error magnitude. The color scale is also not common practice,"However, chart contains dense technical terms and abbreviations that are not fully explained in caption",,_res2
591,2028,4,"The inverted axis in the y-axis is not visible in the first glance, overall the visualization is clear, but does not clearly state key message directly in the caption","The inverted axis in the y-axis is not visible in the first glance, overall the visualization is clear,",does not clearly state key message directly in the caption,,_res2
594,1845,4,"The visualization is clear and good for comparison, but the key message could be stated in the caption","The visualization is clear good for comparison,",the key message could be stated in the caption,,_res2
597,1949,2,The lines overlap between the months in y-axis and caption does not fully summarize and address main takeaway trend.,The lines overlap between the months in y-axis,caption does not fully summarize and address main takeaway trend,,_res2
600,1749,2,"The axes are labeled, but interpreting the relationships and extracting the main trends is difficult, caption is lengthly and does not provide clear takeaway message ","The axes are labeled, interpreting the relationships and extracting the main trends is difficult, ",caption is lengthly and does not provide clear takeaway message,,_res2
602,126,2,trend can be observed in the chart. caption does not summarize a takeaway message,trend can be observed in the chart,caption does not summarize a takeaway message,,_res1
603,139,4,not all axes in the chart are labeled. wordy caption,not all axes in the chart are labeled,wordy caption,,_res1
605,149,3,The visualization seems cluttered and the caption does not provide enough information,The visualization seems cluttered,caption does not provide enough information,,_res1
606,152,3,"The visualization is cluttered, and also the caption is a bit lengthy.","The visualization is cluttered, ",the caption is a bit lengthy,,_res1
613,236,2,"The caption is too lengthy, the charts are cluttered but still interpretable.", charts are cluttered but still interpretable,"The caption is too lengthy, ",,_res1
614,242,1,"The caption is lengthy (but I think it was needed as the charts carry a lot of information), but the visualization is very cluttered, having envelopes and bars over to each other",the visualization is very cluttered and marks overlap,The caption is lengthy but informative,,_res1
615,290,3,"The chart is precise and clear, but the caption is too large.","The chart is precise and clear,",the caption is too large,,_res1
618,304,2,"The chart is quite interpretable, but the caption is too long",The chart is quite interpretable,caption is too long,,_res1
623,337,2,Caption is too long and the chart looks cluttered,chart looks cluttered,Caption is too long,,_res1
625,380,3,chart does not contain legend for colors used. Caption described encoding used in the visualization. Caption fails to summarize the intent,"chart does not contain legend for colors used
","Caption described encoding used in the chart.
Caption fails to summarize the intent",,_res1
631,447,1,"legend information is not given, which makes the chart hard to interpret. The caption seems fine","legend information is not given, which makes the chart hard to interpret",The caption seems fine,,_res1
634,494,2,Both the chart and caption look cluttered to me,chart is cluttered,caption has too much information,,_res1
639,604,3,Chart is a bit cluttered and the caption is too big,Chart is a bit cluttered ,the caption is too big,,_res1
640,610,2,chart does not include legend. Caption explains the components of the chart well.,"chart does not include legend
",Caption explains the components of the chart well,,_res1
641,614,3,"The chart is interpretable, but there are too many texts in the chart. The caption is also too large.","The chart is interpretable, but there are too many texts in the chart",The caption is also too large,,_res1
647,676,3,"chart is cluttered, caption is monotonous",chart is cluttered,caption is monotonous,,_res1
651,758,3,The chart seems cluttered to me and also the caption is monotonous,The chart seems cluttered ,the caption is monotonous,,_res1
654,828,1,The visualization seems cluttered. And the caption does not explain it as well.,The visualization seems cluttered,And the caption does not explain it as well,,_res1
658,869,2,"Too large caption, and the charts can be improved, proper axis labels seems missing which make it confused to interpret",axes labels are not included in the chart,long caption,,_res1
680,1177,4,A common trend is observed in the chart. The caption does not expand on observed trend. Caption does not mention the causal effect.,A common trend is observed in the chart,"The caption does not expand on observed trend
Caption does not mention the causal effect",,_res1
688,1232,2,"The visualization is a bit cluttered, and the caption does not talk about the downward trends and does not explain it.","The visualization is a bit cluttered, ",caption does not explain the trend observed,,_res1
709,1576,2,The charts seem a bit cluttered with large captions,The charts seem a bit cluttered ,long caption,,_res1
724,1751,2,"The visualization is cluttered. Also, the caption does not describe small upward trend and does not compare the two figures.",The visualization is cluttered,the caption does not describe small upward trend and does not compare the two,,_res1
735,1838,2,"The visualization seems a bit cluttered, also the caption does not describe the trends or compare the three models.",The visualization seems a bit cluttered,the caption does not describe the trends or compare the three models,,_res1
750,2007,2,"Seems cluttered, and large caption",cluttered visualization,lengthy caption,,_res1
755,2049,2,Have not talked about different shapes for the mark and the caption do not talk about thew major takeaway.,marks used in the chart are not labeled,the caption do not talk about thew major takeaway,,_res1
760,2061,1,"The caption does not talk about the major takeaway, also the marks overlapped.",marks in the visualization overlap,"The caption does not talk about the major takeaway, ",,_res1
774,2163,3,"Visualization seems a bit cluttered, caption seems a bit long with irrelevant information",Visualization seems a bit cluttered,caption seems a bit long with irrelevant information,,_res1
783,1749,2,"The caption complement the charts, but  I am confused about which horizontal line they are talking about at .63 cel in (a)",Marks used in in the visualization are not clearly labeled,The caption complement the charts,,_res1
784,2253,1,"The visualization is cluttered, It should talk about the correlation between uncertainty ratio for 10-degree latitude bands in control simulations and difference between the control and doubled greenhouse gas simulations",The visualization is cluttered,caption should talk about the correlation between uncertainty observed in the chart,,_res1
